Order_ID,Order_Date,Customer_ID,Customer_Name,Product_Name,Category,Region,City,Quantity,Unit_Price,Gross_Sales,Discount_Percent,Discount_Amount,Net_Revenue,Payment_Mode,Order_Status,Is_Returned
100001,2024-05-14,CUST1383,Vivaan Sharma,Camera,Electronics,North,Jaipur,1,20581.52,20581.52,0,0.0,20581.52,Net Banking,Shipped,0
100002,2023-07-24,CUST4108,Rakesh Sharma,Keyboard,Electronics,North,Delhi,3,3364.08,10092.24,15,1513.84,8578.4,UPI,Shipped,0
100003,2022-07-18,CUST3472,Diya Chopra,Headphones,Electronics,East,Patna,1,2350.26,2350.26,15,352.54,1997.72,Cash on Delivery,Shipped,0
100004,2024-01-11,CUST3885,Riya Reddy,Laptop,Electronics,West,Surat,2,117714.84,235429.68,10,23542.97,211886.71,Net Banking,Delivered,0
100005,2024-07-17,CUST1666,Rahul Chopra,Camera,Electronics,North,Lucknow,4,54408.86,217635.44,20,43527.09,174108.35,Cash on Delivery,Delivered,0
100006,2023-05-17,CUST2554,Sai Pillai,Mobile,Electronics,South,Hyderabad,3,64367.36,193102.08,0,0.0,193102.08,Debit Card,Returned,1
100007,2023-10-09,CUST1271,Isha Nair,Laptop,Electronics,West,Pune,3,106642.41,319927.23,15,47989.08,271938.15,Debit Card,Cancelled,0
100008,2022-10-13,CUST3207,Krishna Bhat,Keyboard,Electronics,West,Ahmedabad,1,2496.93,2496.93,20,499.39,1997.54,UPI,Shipped,0
100009,2022-07-06,CUST4527,Sanjay Verma,Laptop,Electronics,East,Guwahati,4,68949.04,275796.16,5,13789.81,262006.35,Debit Card,Delivered,0
100010,2024-08-16,CUST4977,Sara Nair,Camera,Electronics,North,Lucknow,4,31886.4,127545.6,0,0.0,127545.6,UPI,Returned,1
100011,2023-11-28,CUST2780,Vihaan Joshi,T-Shirt,Fashion,West,Mumbai,3,516.1,1548.3,20,309.66,1238.64,Credit Card,Returned,1
100012,2023-09-04,CUST3494,Priya Kapoor,Headphones,Electronics,South,Hyderabad,5,6286.13,31430.65,10,3143.07,28287.58,Cash on Delivery,Cancelled,0
100013,2024-09-27,CUST4805,Aarav Gupta,Keyboard,Electronics,North,Lucknow,2,3614.51,7229.02,10,722.9,6506.12,Cash on Delivery,Returned,1
100014,2024-09-22,CUST4115,Priya Patel,Mobile,Electronics,West,Ahmedabad,1,28510.6,28510.6,10,2851.06,25659.54,Cash on Delivery,Shipped,0
100015,2024-05-16,CUST4093,Reyansh Bhat,T-Shirt,Fashion,East,Bhubaneswar,3,1722.93,5168.79,5,258.44,4910.35,Net Banking,Cancelled,0
100016,2023-05-23,CUST2384,Krishna Patel,Keyboard,Electronics,East,Guwahati,5,3099.51,15497.55,10,1549.76,13947.79,Net Banking,Delivered,0
100017,2022-03-06,CUST1290,Deepa Mehta,Backpack,Accessories,East,Bhubaneswar,3,1216.54,3649.62,15,547.44,3102.18,Cash on Delivery,Shipped,0
100018,2023-05-13,CUST4307,Rakesh Desai,T-Shirt,Fashion,North,Chandigarh,1,541.85,541.85,25,135.46,406.39,Net Banking,Returned,1
100019,2022-07-21,CUST3982,Vivaan Agarwal,Mouse,Electronics,North,Delhi,3,1079.45,3238.35,10,323.83,2914.52,Cash on Delivery,Returned,1
100020,2024-08-05,CUST2815,Krishna Patel,Mobile,Electronics,West,Mumbai,1,24406.92,24406.92,10,2440.69,21966.23,UPI,Shipped,0
100021,2024-09-12,CUST4696,Reyansh Agarwal,T-Shirt,Fashion,North,Delhi,5,1693.23,8466.15,20,1693.23,6772.92,Debit Card,Delivered,0
100022,2024-09-23,CUST2215,Arjun Reddy,Backpack,Accessories,North,Delhi,5,1809.97,9049.85,15,1357.48,7692.37,UPI,Delivered,0
100023,2024-12-23,CUST4935,Sai Verma,Keyboard,Electronics,West,Mumbai,3,728.66,2185.98,10,218.6,1967.38,Net Banking,Cancelled,0
100024,2023-05-20,CUST1162,Riya Yadav,T-Shirt,Fashion,North,Lucknow,1,448.54,448.54,20,89.71,358.83,UPI,Shipped,0
100025,2022-09-26,CUST2872,Amit Joshi,Watch,Fashion,North,Jaipur,5,6061.37,30306.85,15,4546.03,25760.82,Debit Card,Shipped,0
100026,2023-03-13,CUST1542,Sara Nair,Mobile,Electronics,West,Mumbai,1,59313.9,59313.9,10,5931.39,53382.51,Cash on Delivery,Shipped,0
100027,2024-12-19,CUST2226,Aarav Bhat,Mobile,Electronics,West,Pune,2,21777.49,43554.98,20,8711.0,34843.98,Credit Card,Returned,1
100028,2023-03-08,CUST1833,Neha Mehta,Camera,Electronics,West,Pune,1,50588.51,50588.51,15,7588.28,43000.23,Debit Card,Delivered,0
100029,2022-04-01,CUST4158,Aarav Mehta,Laptop,Electronics,South,Hyderabad,5,106918.82,534594.1,0,0.0,534594.1,UPI,Cancelled,0
100030,2022-06-04,CUST3234,Vikram Kumar,Headphones,Electronics,East,Patna,1,3981.22,3981.22,15,597.18,3384.04,Net Banking,Shipped,0
100031,2023-03-07,CUST3731,Amit Iyer,Backpack,Accessories,West,Pune,2,1296.21,2592.42,10,259.24,2333.18,Cash on Delivery,Cancelled,0
100032,2022-12-29,CUST1101,Vikram Rao,Camera,Electronics,South,Kochi,5,44979.1,224895.5,25,56223.88,168671.62,Debit Card,Cancelled,0
100033,2022-08-10,CUST4516,Isha Verma,Headphones,Electronics,East,Patna,4,3764.33,15057.32,15,2258.6,12798.72,Debit Card,Shipped,0
100034,2023-01-31,CUST2141,Isha Mehta,Shoes,Fashion,North,Chandigarh,2,5495.0,10990.0,20,2198.0,8792.0,Debit Card,Shipped,0
100035,2022-02-26,CUST1731,Vihaan Nair,Camera,Electronics,West,Ahmedabad,2,35376.23,70752.46,15,10612.87,60139.59,Net Banking,Delivered,0
100036,2024-11-13,CUST4684,Vihaan Agarwal,Watch,Fashion,West,Ahmedabad,1,15398.4,15398.4,5,769.92,14628.48,Credit Card,Delivered,0
100037,2023-02-08,CUST1286,Diya Rao,Watch,Fashion,North,Delhi,3,1240.25,3720.75,25,930.19,2790.56,Net Banking,Returned,1
100038,2023-08-29,CUST1785,Anika Kumar,Mobile,Electronics,East,Kolkata,3,33326.1,99978.3,5,4998.91,94979.39,UPI,Delivered,0
100039,2022-01-01,CUST1860,Rohan Joshi,Mouse,Electronics,East,Guwahati,3,2286.17,6858.51,15,1028.78,5829.73,Credit Card,Delivered,0
100040,2022-12-14,CUST2162,Amit Patel,Mouse,Electronics,West,Ahmedabad,2,1272.75,2545.5,5,127.28,2418.22,UPI,Cancelled,0
100041,2023-02-12,CUST1189,Arjun Sharma,T-Shirt,Fashion,East,Patna,1,1730.4,1730.4,5,86.52,1643.88,Credit Card,Shipped,0
100042,2023-05-15,CUST4656,Arjun Sharma,Keyboard,Electronics,West,Mumbai,2,4044.55,8089.1,10,808.91,7280.19,UPI,Delivered,0
100043,2022-09-06,CUST4282,Myra Kumar,Camera,Electronics,West,Pune,1,53318.64,53318.64,10,5331.86,47986.78,Cash on Delivery,Returned,1
100044,2024-07-02,CUST4046,Vikram Singh,Shoes,Fashion,East,Patna,5,5891.99,29459.95,15,4418.99,25040.96,Net Banking,Delivered,0
100045,2023-07-17,CUST3922,Myra Patel,Shoes,Fashion,South,Chennai,4,2452.94,9811.76,15,1471.76,8340.0,UPI,Returned,1
100046,2022-11-09,CUST1263,Neha Reddy,Laptop,Electronics,North,Jaipur,2,80912.94,161825.88,0,0.0,161825.88,Debit Card,Delivered,0
100047,2022-02-10,CUST2558,Deepa Malhotra,Mouse,Electronics,South,Kochi,2,755.04,1510.08,10,151.01,1359.07,Net Banking,Cancelled,0
100048,2023-03-28,CUST2117,Aadhya Iyer,Shoes,Fashion,North,Jaipur,1,3083.93,3083.93,20,616.79,2467.14,UPI,Returned,1
100049,2022-09-19,CUST1110,Meera Bhat,Mouse,Electronics,South,Kochi,2,1794.11,3588.22,10,358.82,3229.4,Debit Card,Cancelled,0
100050,2024-02-16,CUST2862,Ananya Reddy,Mouse,Electronics,East,Kolkata,1,1242.95,1242.95,20,248.59,994.36,Debit Card,Shipped,0
100051,2022-04-17,CUST3662,Diya Iyer,Mobile,Electronics,South,Kochi,1,86047.53,86047.53,10,8604.75,77442.78,Cash on Delivery,Delivered,0
100052,2023-05-04,CUST3742,Arjun Desai,Camera,Electronics,West,Mumbai,4,52984.47,211937.88,5,10596.89,201340.99,Cash on Delivery,Returned,1
100053,2022-08-23,CUST4951,Sanjay Singh,Camera,Electronics,South,Chennai,2,25249.75,50499.5,10,5049.95,45449.55,Net Banking,Returned,1
100054,2023-02-11,CUST3828,Aditya Malhotra,Laptop,Electronics,North,Delhi,5,83942.72,419713.6,20,83942.72,335770.88,UPI,Delivered,0
100055,2023-12-13,CUST3709,Anika Rao,Keyboard,Electronics,North,Jaipur,4,2901.65,11606.6,0,0.0,11606.6,Net Banking,Cancelled,0
100056,2024-07-30,CUST2783,Neha Kumar,Mobile,Electronics,North,Jaipur,1,43024.76,43024.76,10,4302.48,38722.28,UPI,Cancelled,0
100057,2023-07-04,CUST4402,Ananya Iyer,Headphones,Electronics,East,Patna,3,7421.25,22263.75,15,3339.56,18924.19,UPI,Delivered,0
100058,2024-10-09,CUST1744,Deepa Mehta,Camera,Electronics,South,Kochi,1,33588.34,33588.34,15,5038.25,28550.09,UPI,Delivered,0
100059,2024-11-24,CUST1988,Reyansh Patel,Shoes,Fashion,North,Jaipur,2,5829.79,11659.58,15,1748.94,9910.64,Credit Card,Returned,1
100060,2023-03-30,CUST2254,Isha Iyer,Mouse,Electronics,South,Chennai,3,1720.99,5162.97,10,516.3,4646.67,Cash on Delivery,Shipped,0
100061,2023-05-30,CUST3954,Krishna Gupta,Watch,Fashion,South,Hyderabad,2,18953.26,37906.52,5,1895.33,36011.19,UPI,Delivered,0
100062,2024-12-10,CUST1411,Meera Joshi,Keyboard,Electronics,South,Chennai,1,3454.42,3454.42,5,172.72,3281.7,Net Banking,Cancelled,0
100063,2022-04-22,CUST3856,Anika Joshi,Keyboard,Electronics,South,Hyderabad,1,556.59,556.59,10,55.66,500.93,Credit Card,Shipped,0
100064,2023-01-13,CUST4854,Vivaan Nair,Headphones,Electronics,East,Guwahati,1,888.31,888.31,5,44.42,843.89,UPI,Delivered,0
100065,2023-09-15,CUST1485,Aditya Iyer,Shoes,Fashion,North,Delhi,2,1314.86,2629.72,15,394.46,2235.26,Cash on Delivery,Shipped,0
100066,2024-05-28,CUST3543,Rohan Malhotra,T-Shirt,Fashion,East,Bhubaneswar,4,901.55,3606.2,20,721.24,2884.96,Credit Card,Cancelled,0
100067,2022-12-22,CUST1641,Anika Patel,Backpack,Accessories,East,Kolkata,5,1677.91,8389.55,5,419.48,7970.07,Cash on Delivery,Shipped,0
100068,2023-04-24,CUST4226,Suresh Nair,Backpack,Accessories,South,Kochi,1,1732.4,1732.4,15,259.86,1472.54,UPI,Shipped,0
100069,2022-05-27,CUST4246,Vivaan Singh,Watch,Fashion,East,Bhubaneswar,2,14160.58,28321.16,15,4248.17,24072.99,Credit Card,Cancelled,0
100070,2024-10-21,CUST2793,Anika Desai,Laptop,Electronics,East,Patna,2,74839.33,149678.66,5,7483.93,142194.73,UPI,Cancelled,0
100071,2022-02-12,CUST3360,Sanjay Nair,Camera,Electronics,East,Guwahati,3,39148.55,117445.65,0,0.0,117445.65,Debit Card,Cancelled,0
100072,2024-06-11,CUST4969,Rahul Desai,Backpack,Accessories,East,Bhubaneswar,2,2698.47,5396.94,20,1079.39,4317.55,Debit Card,Cancelled,0
100073,2024-10-11,CUST4332,Rohan Agarwal,Camera,Electronics,South,Kochi,2,41805.34,83610.68,20,16722.14,66888.54,Credit Card,Delivered,0
100074,2022-01-03,CUST2892,Amit Bhat,T-Shirt,Fashion,North,Delhi,2,818.75,1637.5,25,409.38,1228.12,UPI,Cancelled,0
100075,2022-09-26,CUST2794,Suresh Joshi,Mouse,Electronics,North,Jaipur,3,1396.68,4190.04,10,419.0,3771.04,Cash on Delivery,Shipped,0
100076,2022-08-21,CUST3653,Myra Gupta,Shoes,Fashion,North,Lucknow,3,2640.2,7920.6,0,0.0,7920.6,UPI,Shipped,0
100077,2022-10-24,CUST4775,Isha Reddy,Headphones,Electronics,South,Hyderabad,2,2768.66,5537.32,20,1107.46,4429.86,UPI,Shipped,0
100078,2024-11-05,CUST2158,Ishaan Sharma,Watch,Fashion,South,Chennai,4,7774.69,31098.76,15,4664.81,26433.95,UPI,Delivered,0
100079,2024-02-12,CUST4561,Myra Mehta,Laptop,Electronics,West,Surat,4,72956.53,291826.12,10,29182.61,262643.51,Credit Card,Returned,1
100080,2024-08-26,CUST2581,Neha Agarwal,Keyboard,Electronics,West,Pune,3,1434.25,4302.75,15,645.41,3657.34,Cash on Delivery,Delivered,0
100081,2024-06-20,CUST4729,Vihaan Kapoor,Headphones,Electronics,South,Bengaluru,1,7750.55,7750.55,5,387.53,7363.02,Cash on Delivery,Cancelled,0
100082,2023-06-27,CUST3837,Ananya Yadav,Shoes,Fashion,North,Lucknow,2,4566.78,9133.56,5,456.68,8676.88,UPI,Cancelled,0
100083,2024-09-26,CUST1147,Deepa Bhat,Mouse,Electronics,East,Patna,4,2190.55,8762.2,10,876.22,7885.98,Credit Card,Returned,1
100084,2022-07-25,CUST3842,Myra Singh,Watch,Fashion,North,Jaipur,5,18973.04,94865.2,10,9486.52,85378.68,Cash on Delivery,Returned,1
100085,2024-12-23,CUST3792,Kavya Malhotra,Laptop,Electronics,West,Mumbai,2,39770.13,79540.26,10,7954.03,71586.23,UPI,Shipped,0
100086,2022-10-21,CUST3612,Krishna Pillai,Headphones,Electronics,North,Delhi,3,3554.32,10662.96,15,1599.44,9063.52,UPI,Cancelled,0
100087,2024-06-23,CUST2225,Diya Malhotra,Laptop,Electronics,South,Bengaluru,4,74546.53,298186.12,5,14909.31,283276.81,Net Banking,Shipped,0
100088,2024-02-21,CUST3354,Riya Chopra,Mouse,Electronics,East,Guwahati,4,738.28,2953.12,10,295.31,2657.81,UPI,Shipped,0
100089,2022-04-11,CUST4052,Suresh Yadav,Laptop,Electronics,West,Ahmedabad,1,105553.19,105553.19,10,10555.32,94997.87,Cash on Delivery,Returned,1
100090,2023-05-29,CUST3573,Amit Kumar,Shoes,Fashion,West,Ahmedabad,4,2188.66,8754.64,20,1750.93,7003.71,Debit Card,Returned,1
100091,2023-08-28,CUST1719,Ananya Rao,Camera,Electronics,West,Mumbai,2,32632.93,65265.86,10,6526.59,58739.27,Debit Card,Shipped,0
100092,2024-09-13,CUST4057,Rakesh Joshi,Keyboard,Electronics,North,Jaipur,2,4153.95,8307.9,20,1661.58,6646.32,Credit Card,Cancelled,0
100093,2024-01-20,CUST1057,Aditya Agarwal,Mobile,Electronics,West,Surat,5,20401.32,102006.6,25,25501.65,76504.95,UPI,Cancelled,0
100094,2024-01-31,CUST2931,Vihaan Iyer,Laptop,Electronics,South,Kochi,2,98665.99,197331.98,5,9866.6,187465.38,UPI,Cancelled,0
100095,2023-09-11,CUST1477,Rahul Rao,Backpack,Accessories,East,Patna,5,1709.14,8545.7,0,0.0,8545.7,UPI,Cancelled,0
100096,2024-07-18,CUST2716,Diya Bhat,Headphones,Electronics,North,Delhi,2,4346.9,8693.8,0,0.0,8693.8,Net Banking,Shipped,0
100097,2023-07-27,CUST1889,Vivaan Chopra,Watch,Fashion,East,Bhubaneswar,4,16787.14,67148.56,20,13429.71,53718.85,Net Banking,Delivered,0
100098,2024-01-05,CUST2130,Vivaan Agarwal,Shoes,Fashion,South,Chennai,4,1456.39,5825.56,15,873.83,4951.73,Net Banking,Cancelled,0
100099,2023-11-15,CUST4223,Krishna Kumar,Keyboard,Electronics,West,Surat,1,1348.42,1348.42,15,202.26,1146.16,Cash on Delivery,Shipped,0
100100,2022-01-06,CUST1532,Ishaan Kumar,Watch,Fashion,North,Lucknow,3,20550.66,61651.98,5,3082.6,58569.38,Debit Card,Cancelled,0
100101,2023-05-03,CUST1064,Riya Mehta,T-Shirt,Fashion,North,Lucknow,1,1606.35,1606.35,0,0.0,1606.35,Credit Card,Cancelled,0
100102,2024-01-12,CUST1446,Sara Malhotra,Headphones,Electronics,North,Lucknow,3,4587.82,13763.46,15,2064.52,11698.94,UPI,Delivered,0
100103,2022-03-05,CUST4470,Vivaan Desai,Shoes,Fashion,South,Bengaluru,3,5989.01,17967.03,15,2695.05,15271.98,Credit Card,Delivered,0
100104,2022-10-31,CUST2126,Aditya Kumar,Mouse,Electronics,South,Bengaluru,2,2301.34,4602.68,0,0.0,4602.68,Cash on Delivery,Delivered,0
100105,2022-07-23,CUST4493,Rakesh Gupta,Watch,Fashion,East,Patna,2,15417.93,30835.86,5,1541.79,29294.07,Net Banking,Returned,1
100106,2022-07-14,CUST2280,Ananya Rao,T-Shirt,Fashion,East,Bhubaneswar,2,1637.73,3275.46,10,327.55,2947.91,UPI,Delivered,0
100107,2022-07-17,CUST4325,Pooja Chopra,Laptop,Electronics,South,Chennai,3,75312.77,225938.31,0,0.0,225938.31,Cash on Delivery,Shipped,0
100108,2022-04-16,CUST2279,Rohan Yadav,Headphones,Electronics,South,Hyderabad,3,3757.82,11273.46,20,2254.69,9018.77,UPI,Cancelled,0
100109,2024-01-23,CUST3351,Vihaan Nair,Mobile,Electronics,North,Lucknow,1,48057.34,48057.34,20,9611.47,38445.87,Credit Card,Cancelled,0
100110,2023-09-25,CUST2437,Suresh Mehta,Keyboard,Electronics,West,Mumbai,3,3131.32,9393.96,15,1409.09,7984.87,Cash on Delivery,Shipped,0
100111,2024-12-22,CUST2719,Reyansh Agarwal,Backpack,Accessories,North,Lucknow,3,2121.8,6365.4,0,0.0,6365.4,Cash on Delivery,Shipped,0
100112,2022-04-18,CUST4090,Arjun Singh,Shoes,Fashion,South,Hyderabad,2,2716.54,5433.08,25,1358.27,4074.81,Net Banking,Shipped,0
100113,2023-03-18,CUST1466,Sanjay Kapoor,Watch,Fashion,North,Delhi,1,16954.14,16954.14,10,1695.41,15258.73,UPI,Delivered,0
100114,2024-03-20,CUST1031,Meera Verma,Mobile,Electronics,South,Hyderabad,3,57043.87,171131.61,10,17113.16,154018.45,Credit Card,Shipped,0
100115,2024-05-31,CUST2557,Sai Kumar,Keyboard,Electronics,South,Chennai,4,3556.64,14226.56,5,711.33,13515.23,Cash on Delivery,Shipped,0
100116,2022-06-09,CUST3358,Deepa Mehta,T-Shirt,Fashion,East,Patna,1,1599.56,1599.56,0,0.0,1599.56,Cash on Delivery,Delivered,0
100117,2024-07-31,CUST1360,Priya Chopra,Mouse,Electronics,East,Guwahati,1,1191.07,1191.07,25,297.77,893.3,Debit Card,Cancelled,0
100118,2023-03-30,CUST1312,Ananya Singh,Mouse,Electronics,West,Pune,2,1180.99,2361.98,0,0.0,2361.98,Credit Card,Returned,1
100119,2022-10-27,CUST1710,Ishaan Reddy,T-Shirt,Fashion,East,Bhubaneswar,5,856.59,4282.95,15,642.44,3640.51,Debit Card,Shipped,0
100120,2024-07-08,CUST3633,Amit Malhotra,Watch,Fashion,North,Delhi,1,19593.78,19593.78,10,1959.38,17634.4,Net Banking,Returned,1
100121,2022-04-26,CUST1303,Diya Kapoor,Watch,Fashion,South,Hyderabad,1,2825.21,2825.21,10,282.52,2542.69,Credit Card,Cancelled,0
100122,2024-11-04,CUST3377,Isha Pillai,Laptop,Electronics,South,Bengaluru,1,105694.21,105694.21,0,0.0,105694.21,Cash on Delivery,Returned,1
100123,2024-10-23,CUST2845,Arjun Verma,T-Shirt,Fashion,West,Mumbai,2,1524.23,3048.46,15,457.27,2591.19,Credit Card,Returned,1
100124,2024-06-15,CUST3141,Myra Kapoor,Camera,Electronics,West,Ahmedabad,5,18373.17,91865.85,15,13779.88,78085.97,Cash on Delivery,Shipped,0
100125,2023-11-17,CUST1387,Aditya Mehta,Watch,Fashion,North,Jaipur,5,10420.51,52102.55,15,7815.38,44287.17,Net Banking,Shipped,0
100126,2023-11-14,CUST3718,Aditya Malhotra,T-Shirt,Fashion,East,Patna,1,1584.77,1584.77,25,396.19,1188.58,Net Banking,Cancelled,0
100127,2022-06-23,CUST2542,Rohan Bhat,Headphones,Electronics,West,Ahmedabad,5,5829.06,29145.3,10,2914.53,26230.77,Net Banking,Returned,1
100128,2023-03-15,CUST1786,Ananya Desai,Mobile,Electronics,West,Mumbai,3,43295.92,129887.76,10,12988.78,116898.98,Credit Card,Delivered,0
100129,2024-12-14,CUST4589,Vivaan Mehta,Keyboard,Electronics,West,Pune,1,3877.71,3877.71,0,0.0,3877.71,Net Banking,Cancelled,0
100130,2022-12-06,CUST1178,Pooja Pillai,Watch,Fashion,North,Chandigarh,1,5504.13,5504.13,15,825.62,4678.51,Net Banking,Cancelled,0
100131,2023-05-05,CUST4702,Rohan Desai,Mouse,Electronics,South,Chennai,5,1643.31,8216.55,15,1232.48,6984.07,UPI,Shipped,0
100132,2022-11-28,CUST4281,Priya Reddy,Keyboard,Electronics,South,Kochi,2,1627.09,3254.18,10,325.42,2928.76,Net Banking,Delivered,0
100133,2024-11-22,CUST2167,Deepa Gupta,Watch,Fashion,North,Jaipur,1,12638.06,12638.06,10,1263.81,11374.25,Cash on Delivery,Returned,1
100134,2023-03-31,CUST4623,Priya Pillai,Camera,Electronics,East,Patna,2,35534.11,71068.22,20,14213.64,56854.58,Cash on Delivery,Cancelled,0
100135,2022-02-27,CUST4437,Ananya Gupta,Mobile,Electronics,West,Surat,1,49662.58,49662.58,5,2483.13,47179.45,Cash on Delivery,Delivered,0
100136,2024-08-18,CUST1021,Myra Yadav,Mobile,Electronics,West,Pune,1,83309.09,83309.09,10,8330.91,74978.18,Debit Card,Returned,1
100137,2023-08-14,CUST1499,Krishna Joshi,Camera,Electronics,North,Lucknow,4,36952.17,147808.68,15,22171.3,125637.38,Net Banking,Delivered,0
100138,2024-11-21,CUST3943,Riya Iyer,Backpack,Accessories,North,Chandigarh,1,3124.38,3124.38,10,312.44,2811.94,Net Banking,Shipped,0
100139,2024-01-09,CUST3228,Aditya Kapoor,Headphones,Electronics,South,Bengaluru,3,2532.06,7596.18,10,759.62,6836.56,Cash on Delivery,Returned,1
100140,2022-02-03,CUST2412,Diya Patel,T-Shirt,Fashion,West,Mumbai,2,1031.7,2063.4,15,309.51,1753.89,Credit Card,Shipped,0
100141,2023-11-25,CUST4401,Priya Singh,Keyboard,Electronics,East,Kolkata,4,3440.75,13763.0,5,688.15,13074.85,Cash on Delivery,Delivered,0
100142,2023-02-17,CUST4628,Vivaan Reddy,Shoes,Fashion,West,Surat,3,5444.39,16333.17,0,0.0,16333.17,UPI,Shipped,0
100143,2023-01-27,CUST4531,Rohan Chopra,Backpack,Accessories,South,Hyderabad,2,3474.98,6949.96,10,695.0,6254.96,Credit Card,Shipped,0
100144,2024-03-02,CUST3032,Ananya Singh,Backpack,Accessories,West,Ahmedabad,1,3038.49,3038.49,10,303.85,2734.64,UPI,Returned,1
100145,2023-01-05,CUST2315,Anika Joshi,Shoes,Fashion,South,Hyderabad,4,4971.66,19886.64,0,0.0,19886.64,Net Banking,Cancelled,0
100146,2022-03-28,CUST3518,Pooja Chopra,Camera,Electronics,North,Jaipur,2,39104.87,78209.74,10,7820.97,70388.77,UPI,Delivered,0
100147,2022-10-20,CUST3777,Deepa Yadav,Mouse,Electronics,South,Bengaluru,1,1702.53,1702.53,10,170.25,1532.28,Debit Card,Cancelled,0
100148,2022-11-11,CUST4886,Amit Pillai,Shoes,Fashion,North,Delhi,1,4512.91,4512.91,10,451.29,4061.62,Net Banking,Shipped,0
100149,2022-08-21,CUST3044,Aarav Singh,Mobile,Electronics,South,Bengaluru,3,51886.25,155658.75,10,15565.88,140092.87,Credit Card,Shipped,0
100150,2024-10-02,CUST1555,Reyansh Gupta,T-Shirt,Fashion,South,Bengaluru,1,727.42,727.42,10,72.74,654.68,Net Banking,Delivered,0
100151,2022-05-13,CUST2189,Anika Bhat,Camera,Electronics,South,Kochi,5,47420.53,237102.65,25,59275.66,177826.99,Credit Card,Returned,1
100152,2023-04-30,CUST1107,Rakesh Desai,Laptop,Electronics,West,Pune,4,78244.24,312976.96,0,0.0,312976.96,Debit Card,Cancelled,0
100153,2024-03-26,CUST3153,Neha Desai,Mobile,Electronics,South,Hyderabad,2,88623.97,177247.94,0,0.0,177247.94,Cash on Delivery,Shipped,0
100154,2023-12-07,CUST3620,Arjun Bhat,Mouse,Electronics,East,Kolkata,1,997.46,997.46,0,0.0,997.46,UPI,Returned,1
100155,2023-09-15,CUST2321,Sai Singh,Watch,Fashion,North,Lucknow,2,22874.95,45749.9,0,0.0,45749.9,Cash on Delivery,Delivered,0
100156,2023-09-13,CUST1382,Meera Bhat,Keyboard,Electronics,South,Hyderabad,4,1502.42,6009.68,15,901.45,5108.23,Net Banking,Delivered,0
100157,2022-03-26,CUST1332,Priya Sharma,T-Shirt,Fashion,East,Bhubaneswar,1,1255.49,1255.49,20,251.1,1004.39,Credit Card,Cancelled,0
100158,2023-08-17,CUST2978,Rahul Joshi,Backpack,Accessories,West,Ahmedabad,3,2964.01,8892.03,10,889.2,8002.83,Cash on Delivery,Delivered,0
100159,2024-08-09,CUST3484,Reyansh Mehta,Keyboard,Electronics,West,Surat,1,791.89,791.89,0,0.0,791.89,UPI,Delivered,0
100160,2024-11-20,CUST2307,Anika Gupta,Headphones,Electronics,South,Hyderabad,3,6997.6,20992.8,25,5248.2,15744.6,Debit Card,Returned,1
100161,2024-05-06,CUST4332,Krishna Singh,Keyboard,Electronics,South,Hyderabad,2,1063.51,2127.02,0,0.0,2127.02,UPI,Cancelled,0
100162,2023-09-24,CUST1368,Aadhya Sharma,Mobile,Electronics,West,Ahmedabad,1,21906.74,21906.74,25,5476.69,16430.05,UPI,Delivered,0
100163,2024-08-21,CUST1033,Rohan Bhat,Mouse,Electronics,South,Chennai,1,1076.37,1076.37,0,0.0,1076.37,UPI,Returned,1
100164,2023-02-03,CUST2182,Diya Bhat,Camera,Electronics,South,Hyderabad,3,45554.27,136662.81,10,13666.28,122996.53,UPI,Shipped,0
100165,2022-07-18,CUST4255,Isha Chopra,Camera,Electronics,South,Kochi,4,26188.83,104755.32,25,26188.83,78566.49,Net Banking,Shipped,0
100166,2022-03-21,CUST4293,Arjun Mehta,Mobile,Electronics,South,Hyderabad,4,25123.69,100494.76,10,10049.48,90445.28,Net Banking,Shipped,0
100167,2024-03-15,CUST3431,Meera Joshi,Shoes,Fashion,South,Chennai,3,3786.83,11360.49,5,568.02,10792.47,Net Banking,Delivered,0
100168,2022-08-13,CUST2260,Kavya Malhotra,Mobile,Electronics,South,Kochi,3,33283.04,99849.12,20,19969.82,79879.3,Credit Card,Delivered,0
100169,2022-04-16,CUST1698,Riya Desai,Backpack,Accessories,East,Patna,5,3000.68,15003.4,15,2250.51,12752.89,Net Banking,Shipped,0
100170,2024-06-22,CUST1620,Ananya Rao,T-Shirt,Fashion,East,Guwahati,1,1337.05,1337.05,0,0.0,1337.05,Cash on Delivery,Shipped,0
100171,2024-11-28,CUST2331,Reyansh Bhat,Mouse,Electronics,East,Guwahati,2,1645.25,3290.5,10,329.05,2961.45,Cash on Delivery,Returned,1
100172,2023-06-26,CUST1787,Meera Desai,Shoes,Fashion,South,Hyderabad,5,3474.12,17370.6,10,1737.06,15633.54,Net Banking,Delivered,0
100173,2024-09-28,CUST2428,Ananya Desai,Keyboard,Electronics,South,Hyderabad,1,4391.64,4391.64,5,219.58,4172.06,Credit Card,Returned,1
100174,2022-10-27,CUST2178,Rohan Verma,T-Shirt,Fashion,West,Ahmedabad,1,1181.54,1181.54,10,118.15,1063.39,UPI,Cancelled,0
100175,2023-07-11,CUST3521,Arjun Gupta,Camera,Electronics,South,Kochi,3,44893.54,134680.62,5,6734.03,127946.59,Net Banking,Delivered,0
100176,2023-11-08,CUST1411,Neha Desai,Watch,Fashion,North,Delhi,3,13838.79,41516.37,15,6227.46,35288.91,Cash on Delivery,Shipped,0
100177,2023-08-12,CUST3645,Ananya Joshi,Headphones,Electronics,North,Lucknow,2,7532.23,15064.46,20,3012.89,12051.57,UPI,Returned,1
100178,2022-12-25,CUST4825,Kavya Singh,Backpack,Accessories,West,Mumbai,3,1734.11,5202.33,15,780.35,4421.98,Cash on Delivery,Cancelled,0
100179,2022-01-19,CUST3468,Rohan Malhotra,Backpack,Accessories,West,Surat,4,1628.52,6514.08,15,977.11,5536.97,Credit Card,Cancelled,0
100180,2022-10-02,CUST2917,Deepa Kapoor,Camera,Electronics,West,Ahmedabad,1,54563.98,54563.98,10,5456.4,49107.58,UPI,Cancelled,0
100181,2023-11-22,CUST3325,Rakesh Joshi,Laptop,Electronics,North,Delhi,2,97145.13,194290.26,15,29143.54,165146.72,Debit Card,Shipped,0
100182,2022-10-15,CUST4833,Aadhya Mehta,Keyboard,Electronics,North,Chandigarh,4,2561.12,10244.48,0,0.0,10244.48,Cash on Delivery,Shipped,0
100183,2022-01-24,CUST3837,Ishaan Chopra,Keyboard,Electronics,North,Chandigarh,1,3515.03,3515.03,25,878.76,2636.27,Credit Card,Returned,1
100184,2023-08-28,CUST1904,Diya Yadav,Keyboard,Electronics,North,Delhi,2,1138.87,2277.74,15,341.66,1936.08,Credit Card,Returned,1
100185,2024-08-22,CUST4284,Sanjay Bhat,Keyboard,Electronics,West,Surat,1,3490.94,3490.94,15,523.64,2967.3,UPI,Returned,1
100186,2024-11-01,CUST3198,Reyansh Malhotra,Keyboard,Electronics,East,Kolkata,2,2612.69,5225.38,10,522.54,4702.84,Net Banking,Shipped,0
100187,2024-07-01,CUST2857,Rakesh Verma,Headphones,Electronics,North,Chandigarh,1,2278.89,2278.89,10,227.89,2051.0,Cash on Delivery,Cancelled,0
100188,2024-03-21,CUST4054,Ishaan Sharma,Headphones,Electronics,South,Kochi,3,4823.34,14470.02,15,2170.5,12299.52,Credit Card,Returned,1
100189,2022-05-22,CUST1129,Suresh Desai,Keyboard,Electronics,East,Kolkata,2,3301.54,6603.08,10,660.31,5942.77,Cash on Delivery,Cancelled,0
100190,2024-02-23,CUST2538,Myra Agarwal,Laptop,Electronics,South,Chennai,4,118158.33,472633.32,15,70895.0,401738.32,UPI,Delivered,0
100191,2022-09-18,CUST4419,Pooja Iyer,Camera,Electronics,East,Bhubaneswar,3,28910.8,86732.4,5,4336.62,82395.78,Net Banking,Delivered,0
100192,2023-05-22,CUST1635,Myra Chopra,Backpack,Accessories,East,Patna,2,2853.92,5707.84,10,570.78,5137.06,UPI,Cancelled,0
100193,2022-05-18,CUST1137,Vihaan Yadav,Laptop,Electronics,North,Delhi,1,91116.8,91116.8,15,13667.52,77449.28,Cash on Delivery,Shipped,0
100194,2022-04-26,CUST2184,Arjun Kapoor,Shoes,Fashion,East,Kolkata,1,1147.73,1147.73,10,114.77,1032.96,Net Banking,Shipped,0
100195,2022-10-21,CUST1905,Amit Kapoor,Keyboard,Electronics,West,Ahmedabad,3,3590.15,10770.45,20,2154.09,8616.36,Debit Card,Delivered,0
100196,2024-05-24,CUST1192,Anika Desai,Mouse,Electronics,South,Bengaluru,3,1601.67,4805.01,15,720.75,4084.26,Debit Card,Returned,1
100197,2023-01-12,CUST2939,Sanjay Bhat,Mobile,Electronics,West,Surat,4,34817.49,139269.96,10,13927.0,125342.96,Debit Card,Delivered,0
100198,2024-05-03,CUST1549,Anika Kapoor,Keyboard,Electronics,West,Ahmedabad,4,1077.41,4309.64,10,430.96,3878.68,Cash on Delivery,Returned,1
100199,2023-01-26,CUST2544,Vivaan Nair,Mouse,Electronics,North,Lucknow,2,473.95,947.9,10,94.79,853.11,Credit Card,Shipped,0
100200,2023-03-04,CUST2241,Deepa Mehta,Watch,Fashion,East,Kolkata,1,19328.37,19328.37,15,2899.26,16429.11,Net Banking,Shipped,0
100201,2023-02-23,CUST3261,Isha Iyer,Backpack,Accessories,North,Lucknow,5,1469.83,7349.15,25,1837.29,5511.86,UPI,Cancelled,0
100202,2024-10-15,CUST4288,Myra Gupta,Mobile,Electronics,West,Surat,2,61546.43,123092.86,5,6154.64,116938.22,Credit Card,Delivered,0
100203,2022-10-26,CUST3266,Aarav Nair,Shoes,Fashion,East,Patna,5,2975.95,14879.75,10,1487.97,13391.78,Net Banking,Cancelled,0
100204,2024-10-19,CUST2054,Anika Mehta,Watch,Fashion,East,Guwahati,1,5869.36,5869.36,5,293.47,5575.89,Net Banking,Cancelled,0
100205,2024-09-27,CUST3628,Sai Bhat,Shoes,Fashion,West,Surat,2,5003.52,10007.04,10,1000.7,9006.34,Debit Card,Returned,1
100206,2023-04-19,CUST1037,Aditya Kumar,Backpack,Accessories,South,Bengaluru,5,2736.9,13684.5,15,2052.68,11631.82,UPI,Shipped,0
100207,2022-02-02,CUST3259,Aarav Bhat,Keyboard,Electronics,South,Hyderabad,1,3050.91,3050.91,25,762.73,2288.18,UPI,Returned,1
100208,2023-01-03,CUST3147,Vihaan Gupta,Mouse,Electronics,North,Jaipur,2,930.71,1861.42,10,186.14,1675.28,UPI,Cancelled,0
100209,2024-07-29,CUST3855,Riya Iyer,Headphones,Electronics,North,Jaipur,4,2724.74,10898.96,10,1089.9,9809.06,Credit Card,Cancelled,0
100210,2024-02-12,CUST1229,Anika Desai,Keyboard,Electronics,South,Bengaluru,3,3932.88,11798.64,15,1769.8,10028.84,Cash on Delivery,Delivered,0
100211,2022-07-15,CUST4764,Vikram Kapoor,Backpack,Accessories,East,Kolkata,2,2197.99,4395.98,15,659.4,3736.58,Net Banking,Cancelled,0
100212,2022-03-09,CUST1064,Sai Mehta,Backpack,Accessories,North,Chandigarh,1,3325.57,3325.57,15,498.84,2826.73,Credit Card,Cancelled,0
100213,2024-03-07,CUST2358,Amit Bhat,Keyboard,Electronics,East,Guwahati,5,1697.11,8485.55,10,848.55,7637.0,Net Banking,Cancelled,0
100214,2024-06-14,CUST2395,Krishna Patel,Mouse,Electronics,East,Bhubaneswar,4,1816.48,7265.92,0,0.0,7265.92,Credit Card,Shipped,0
100215,2023-12-30,CUST2768,Anika Agarwal,Watch,Fashion,East,Guwahati,5,8967.76,44838.8,15,6725.82,38112.98,UPI,Delivered,0
100216,2022-11-12,CUST4029,Isha Kumar,Headphones,Electronics,East,Guwahati,1,5254.03,5254.03,15,788.1,4465.93,Cash on Delivery,Shipped,0
100217,2022-06-28,CUST2838,Sai Rao,Mouse,Electronics,South,Bengaluru,1,2374.51,2374.51,10,237.45,2137.06,Credit Card,Shipped,0
100218,2023-10-27,CUST1050,Deepa Agarwal,T-Shirt,Fashion,South,Kochi,1,479.95,479.95,10,47.99,431.96,Net Banking,Returned,1
100219,2022-12-14,CUST1694,Amit Agarwal,Laptop,Electronics,South,Bengaluru,3,82560.61,247681.83,25,61920.46,185761.37,Debit Card,Returned,1
100220,2022-06-07,CUST4867,Diya Nair,Headphones,Electronics,North,Jaipur,2,1255.52,2511.04,10,251.1,2259.94,UPI,Delivered,0
100221,2024-03-21,CUST2556,Ananya Yadav,Keyboard,Electronics,East,Guwahati,3,1282.19,3846.57,0,0.0,3846.57,Credit Card,Shipped,0
100222,2023-02-16,CUST1727,Aadhya Mehta,Mobile,Electronics,South,Kochi,4,78620.19,314480.76,25,78620.19,235860.57,Debit Card,Delivered,0
100223,2023-07-29,CUST2495,Priya Agarwal,Mouse,Electronics,West,Ahmedabad,3,1692.39,5077.17,25,1269.29,3807.88,Debit Card,Delivered,0
100224,2024-08-03,CUST2795,Neha Reddy,Camera,Electronics,West,Pune,3,36825.16,110475.48,15,16571.32,93904.16,Net Banking,Shipped,0
100225,2023-09-13,CUST3697,Krishna Nair,Laptop,Electronics,West,Mumbai,4,102630.83,410523.32,10,41052.33,369470.99,UPI,Shipped,0
100226,2024-05-06,CUST4238,Anika Verma,Headphones,Electronics,East,Guwahati,1,7933.04,7933.04,10,793.3,7139.74,UPI,Returned,1
100227,2022-04-01,CUST4960,Riya Agarwal,Mobile,Electronics,East,Kolkata,1,29106.71,29106.71,15,4366.01,24740.7,Debit Card,Returned,1
100228,2023-03-29,CUST2602,Myra Chopra,Mobile,Electronics,West,Surat,1,16987.13,16987.13,5,849.36,16137.77,Net Banking,Returned,1
100229,2022-06-25,CUST2426,Vihaan Kumar,Shoes,Fashion,West,Pune,2,1037.55,2075.1,0,0.0,2075.1,UPI,Cancelled,0
100230,2023-09-07,CUST1092,Vivaan Gupta,Laptop,Electronics,South,Chennai,2,64605.53,129211.06,0,0.0,129211.06,UPI,Delivered,0
100231,2024-05-23,CUST4267,Myra Iyer,Mobile,Electronics,East,Bhubaneswar,5,68979.65,344898.25,10,34489.82,310408.43,Net Banking,Shipped,0
100232,2024-07-09,CUST2592,Riya Rao,Mouse,Electronics,East,Bhubaneswar,3,1250.7,3752.1,0,0.0,3752.1,Net Banking,Cancelled,0
100233,2023-01-18,CUST1807,Diya Mehta,Backpack,Accessories,East,Bhubaneswar,1,2818.65,2818.65,15,422.8,2395.85,Net Banking,Shipped,0
100234,2022-08-22,CUST4463,Diya Chopra,Shoes,Fashion,North,Chandigarh,2,4479.01,8958.02,10,895.8,8062.22,Net Banking,Delivered,0
100235,2023-09-18,CUST2529,Vihaan Singh,Shoes,Fashion,East,Patna,5,4204.94,21024.7,15,3153.7,17871.0,Credit Card,Shipped,0
100236,2022-12-21,CUST3005,Anika Singh,Headphones,Electronics,South,Kochi,3,4938.6,14815.8,10,1481.58,13334.22,UPI,Returned,1
100237,2023-02-04,CUST4947,Priya Agarwal,Laptop,Electronics,North,Jaipur,4,87649.85,350599.4,20,70119.88,280479.52,Cash on Delivery,Delivered,0
100238,2022-06-19,CUST4259,Riya Sharma,T-Shirt,Fashion,South,Kochi,2,1063.0,2126.0,15,318.9,1807.1,UPI,Delivered,0
100239,2024-10-11,CUST1463,Anika Kapoor,Keyboard,Electronics,South,Hyderabad,1,1654.68,1654.68,15,248.2,1406.48,Net Banking,Returned,1
100240,2024-05-20,CUST2219,Vihaan Iyer,Watch,Fashion,North,Jaipur,2,19211.51,38423.02,15,5763.45,32659.57,UPI,Returned,1
100241,2023-05-01,CUST3822,Reyansh Malhotra,Backpack,Accessories,South,Hyderabad,4,1400.06,5600.24,20,1120.05,4480.19,Cash on Delivery,Cancelled,0
100242,2023-12-20,CUST3444,Anika Nair,Mobile,Electronics,West,Surat,1,20278.03,20278.03,5,1013.9,19264.13,Debit Card,Cancelled,0
100243,2024-04-22,CUST2135,Suresh Verma,T-Shirt,Fashion,North,Jaipur,1,737.65,737.65,20,147.53,590.12,Cash on Delivery,Shipped,0
100244,2023-07-05,CUST2536,Rahul Rao,Headphones,Electronics,East,Bhubaneswar,1,5922.04,5922.04,20,1184.41,4737.63,UPI,Delivered,0
100245,2024-09-26,CUST1010,Ananya Malhotra,Shoes,Fashion,North,Delhi,2,5098.89,10197.78,15,1529.67,8668.11,Credit Card,Delivered,0
100246,2024-05-29,CUST3026,Priya Reddy,Camera,Electronics,East,Guwahati,3,42891.56,128674.68,20,25734.94,102939.74,Net Banking,Delivered,0
100247,2022-04-10,CUST3564,Vivaan Gupta,Laptop,Electronics,South,Hyderabad,2,84124.36,168248.72,10,16824.87,151423.85,UPI,Cancelled,0
100248,2022-09-28,CUST1651,Vikram Joshi,Shoes,Fashion,North,Lucknow,2,903.79,1807.58,25,451.89,1355.69,Debit Card,Cancelled,0
100249,2023-09-18,CUST2758,Pooja Iyer,Laptop,Electronics,North,Jaipur,1,66606.72,66606.72,20,13321.34,53285.38,Debit Card,Shipped,0
100250,2022-01-20,CUST4346,Aarav Mehta,Camera,Electronics,East,Kolkata,1,18117.55,18117.55,10,1811.76,16305.79,Net Banking,Returned,1
100251,2022-07-29,CUST2505,Vihaan Mehta,Camera,Electronics,West,Surat,3,34108.01,102324.03,5,5116.2,97207.83,Cash on Delivery,Returned,1
100252,2022-12-03,CUST3959,Myra Chopra,Laptop,Electronics,North,Lucknow,3,92556.65,277669.95,0,0.0,277669.95,Net Banking,Shipped,0
100253,2022-07-25,CUST3414,Arjun Gupta,Keyboard,Electronics,East,Bhubaneswar,5,2964.3,14821.5,10,1482.15,13339.35,Debit Card,Shipped,0
100254,2023-08-07,CUST4472,Sanjay Sharma,Mouse,Electronics,South,Kochi,2,607.63,1215.26,5,60.76,1154.5,Cash on Delivery,Shipped,0
100255,2022-08-19,CUST3613,Krishna Desai,Laptop,Electronics,North,Lucknow,3,60121.07,180363.21,0,0.0,180363.21,Debit Card,Delivered,0
100256,2022-12-20,CUST4909,Sanjay Desai,Watch,Fashion,North,Delhi,5,23427.4,117137.0,0,0.0,117137.0,Net Banking,Delivered,0
100257,2024-10-23,CUST2734,Sanjay Rao,Camera,Electronics,North,Delhi,1,23629.72,23629.72,25,5907.43,17722.29,UPI,Delivered,0
100258,2022-11-15,CUST2600,Anika Mehta,Mouse,Electronics,North,Lucknow,1,981.8,981.8,10,98.18,883.62,Debit Card,Cancelled,0
100259,2022-06-26,CUST1475,Suresh Rao,Watch,Fashion,East,Kolkata,2,11612.17,23224.34,25,5806.09,17418.25,Debit Card,Shipped,0
100260,2022-10-09,CUST1671,Neha Sharma,Shoes,Fashion,East,Kolkata,2,5053.48,10106.96,15,1516.04,8590.92,Cash on Delivery,Shipped,0
100261,2022-08-30,CUST2372,Sanjay Sharma,Shoes,Fashion,West,Ahmedabad,1,1610.81,1610.81,15,241.62,1369.19,Credit Card,Returned,1
100262,2024-01-08,CUST4519,Vivaan Desai,Mouse,Electronics,South,Bengaluru,1,2445.11,2445.11,15,366.77,2078.34,UPI,Delivered,0
100263,2024-11-08,CUST4517,Aarav Verma,Watch,Fashion,North,Lucknow,1,3649.14,3649.14,10,364.91,3284.23,Cash on Delivery,Shipped,0
100264,2024-05-08,CUST2016,Krishna Mehta,Backpack,Accessories,North,Chandigarh,2,3316.52,6633.04,5,331.65,6301.39,Cash on Delivery,Returned,1
100265,2022-04-18,CUST4294,Sai Iyer,Mouse,Electronics,West,Ahmedabad,1,471.35,471.35,10,47.13,424.22,Net Banking,Returned,1
100266,2024-07-24,CUST1821,Aarav Chopra,T-Shirt,Fashion,West,Surat,1,1024.39,1024.39,5,51.22,973.17,Credit Card,Delivered,0
100267,2023-02-05,CUST4114,Pooja Bhat,Laptop,Electronics,South,Hyderabad,3,55619.64,166858.92,10,16685.89,150173.03,UPI,Cancelled,0
100268,2022-01-03,CUST4477,Sanjay Agarwal,Keyboard,Electronics,North,Chandigarh,1,2666.18,2666.18,15,399.93,2266.25,Cash on Delivery,Cancelled,0
100269,2022-07-10,CUST4675,Vivaan Iyer,Laptop,Electronics,North,Lucknow,2,116700.73,233401.46,25,58350.36,175051.1,Debit Card,Returned,1
100270,2024-03-18,CUST3325,Aditya Malhotra,T-Shirt,Fashion,South,Hyderabad,2,1434.45,2868.9,10,286.89,2582.01,Net Banking,Shipped,0
100271,2023-10-31,CUST2113,Ananya Pillai,Backpack,Accessories,South,Chennai,1,1800.28,1800.28,5,90.01,1710.27,UPI,Returned,1
100272,2024-08-12,CUST1494,Ananya Rao,Keyboard,Electronics,North,Lucknow,1,3580.59,3580.59,0,0.0,3580.59,Cash on Delivery,Shipped,0
100273,2023-09-16,CUST1165,Priya Yadav,T-Shirt,Fashion,South,Chennai,2,1021.85,2043.7,20,408.74,1634.96,Cash on Delivery,Shipped,0
100274,2023-09-05,CUST1127,Ishaan Singh,Keyboard,Electronics,West,Ahmedabad,1,3344.63,3344.63,25,836.16,2508.47,UPI,Delivered,0
100275,2023-04-01,CUST4373,Arjun Reddy,Mouse,Electronics,West,Pune,1,524.2,524.2,15,78.63,445.57,Cash on Delivery,Shipped,0
100276,2023-02-09,CUST4314,Vikram Pillai,Mouse,Electronics,South,Bengaluru,3,869.41,2608.23,20,521.65,2086.58,Cash on Delivery,Cancelled,0
100277,2024-03-19,CUST2567,Aadhya Sharma,Headphones,Electronics,North,Jaipur,1,7584.42,7584.42,0,0.0,7584.42,Net Banking,Delivered,0
100278,2023-05-19,CUST3043,Rahul Joshi,Mouse,Electronics,North,Lucknow,5,904.96,4524.8,10,452.48,4072.32,Debit Card,Shipped,0
100279,2024-12-12,CUST4255,Krishna Bhat,Mouse,Electronics,West,Surat,1,915.51,915.51,0,0.0,915.51,Debit Card,Returned,1
100280,2024-03-06,CUST1106,Ishaan Singh,Backpack,Accessories,West,Ahmedabad,2,2997.3,5994.6,5,299.73,5694.87,Net Banking,Delivered,0
100281,2023-04-22,CUST2015,Sai Gupta,Mobile,Electronics,East,Kolkata,4,72061.6,288246.4,0,0.0,288246.4,UPI,Returned,1
100282,2022-12-22,CUST3426,Sai Iyer,Keyboard,Electronics,North,Delhi,4,4291.21,17164.84,10,1716.48,15448.36,UPI,Delivered,0
100283,2023-01-21,CUST3220,Priya Desai,Mobile,Electronics,West,Ahmedabad,5,11284.73,56423.65,15,8463.55,47960.1,Net Banking,Returned,1
100284,2023-11-11,CUST1825,Suresh Yadav,Laptop,Electronics,North,Delhi,1,54772.99,54772.99,5,2738.65,52034.34,Net Banking,Delivered,0
100285,2022-10-18,CUST4467,Sanjay Gupta,Headphones,Electronics,South,Chennai,5,6878.85,34394.25,5,1719.71,32674.54,Cash on Delivery,Shipped,0
100286,2023-10-23,CUST3999,Arjun Singh,T-Shirt,Fashion,West,Mumbai,2,1715.79,3431.58,10,343.16,3088.42,Cash on Delivery,Delivered,0
100287,2023-04-03,CUST4336,Amit Malhotra,Mouse,Electronics,West,Surat,3,683.25,2049.75,25,512.44,1537.31,Net Banking,Cancelled,0
100288,2022-03-08,CUST2303,Sai Yadav,Headphones,Electronics,South,Hyderabad,1,6047.58,6047.58,25,1511.89,4535.69,Net Banking,Delivered,0
100289,2023-10-17,CUST4365,Sai Patel,Watch,Fashion,North,Delhi,5,4547.31,22736.55,15,3410.48,19326.07,Debit Card,Delivered,0
100290,2022-04-09,CUST4000,Isha Pillai,Mobile,Electronics,South,Hyderabad,1,65147.26,65147.26,10,6514.73,58632.53,Cash on Delivery,Returned,1
100291,2023-04-07,CUST1301,Sai Pillai,Mouse,Electronics,West,Surat,2,1133.17,2266.34,10,226.63,2039.71,Cash on Delivery,Cancelled,0
100292,2022-06-03,CUST2384,Anika Patel,Backpack,Accessories,South,Hyderabad,1,1440.87,1440.87,5,72.04,1368.83,UPI,Shipped,0
100293,2022-11-18,CUST2356,Vivaan Gupta,Watch,Fashion,West,Surat,3,11465.5,34396.5,15,5159.48,29237.02,Net Banking,Cancelled,0
100294,2023-09-02,CUST1203,Krishna Gupta,Keyboard,Electronics,West,Surat,3,3388.15,10164.45,15,1524.67,8639.78,Credit Card,Returned,1
100295,2024-09-10,CUST1105,Reyansh Gupta,Mouse,Electronics,East,Guwahati,1,1093.82,1093.82,10,109.38,984.44,Credit Card,Cancelled,0
100296,2023-06-27,CUST2587,Aditya Bhat,Keyboard,Electronics,North,Jaipur,5,2394.28,11971.4,0,0.0,11971.4,UPI,Delivered,0
100297,2023-07-05,CUST1619,Riya Verma,Headphones,Electronics,South,Kochi,2,4009.58,8019.16,5,400.96,7618.2,UPI,Shipped,0
100298,2024-03-03,CUST2714,Priya Kapoor,Camera,Electronics,North,Jaipur,4,31559.47,126237.88,15,18935.68,107302.2,Debit Card,Returned,1
100299,2022-03-13,CUST4688,Sara Malhotra,T-Shirt,Fashion,East,Guwahati,3,691.68,2075.04,5,103.75,1971.29,UPI,Cancelled,0
100300,2023-01-30,CUST2734,Arjun Verma,T-Shirt,Fashion,West,Pune,1,1447.92,1447.92,5,72.4,1375.52,Debit Card,Cancelled,0
100301,2022-05-18,CUST3278,Aditya Agarwal,Camera,Electronics,West,Surat,1,47902.56,47902.56,0,0.0,47902.56,Net Banking,Shipped,0
100302,2024-05-09,CUST1612,Vihaan Rao,Mouse,Electronics,South,Hyderabad,2,2317.76,4635.52,0,0.0,4635.52,Net Banking,Returned,1
100303,2023-12-06,CUST2081,Vikram Rao,Headphones,Electronics,South,Bengaluru,5,4851.32,24256.6,0,0.0,24256.6,Credit Card,Cancelled,0
100304,2024-04-02,CUST4643,Vivaan Agarwal,Mouse,Electronics,East,Guwahati,1,905.91,905.91,0,0.0,905.91,Net Banking,Returned,1
100305,2023-09-13,CUST4452,Rohan Nair,Mobile,Electronics,East,Kolkata,3,83587.63,250762.89,20,50152.58,200610.31,Cash on Delivery,Delivered,0
100306,2023-10-20,CUST3477,Ishaan Rao,Shoes,Fashion,West,Mumbai,5,2176.56,10882.8,5,544.14,10338.66,UPI,Cancelled,0
100307,2022-04-26,CUST1268,Sara Singh,Camera,Electronics,North,Lucknow,5,31286.81,156434.05,10,15643.41,140790.64,Net Banking,Cancelled,0
100308,2023-02-16,CUST2021,Priya Verma,Laptop,Electronics,East,Guwahati,1,107360.1,107360.1,20,21472.02,85888.08,Cash on Delivery,Shipped,0
100309,2022-09-11,CUST1990,Amit Sharma,Backpack,Accessories,South,Hyderabad,3,1830.15,5490.45,20,1098.09,4392.36,Net Banking,Delivered,0
100310,2023-06-14,CUST2167,Pooja Patel,Mobile,Electronics,South,Kochi,1,79508.94,79508.94,10,7950.89,71558.05,Credit Card,Delivered,0
100311,2023-02-28,CUST3102,Ishaan Rao,Backpack,Accessories,South,Chennai,4,2993.61,11974.44,5,598.72,11375.72,Debit Card,Returned,1
100312,2023-09-18,CUST2735,Neha Nair,Backpack,Accessories,West,Mumbai,2,1504.32,3008.64,5,150.43,2858.21,Cash on Delivery,Shipped,0
100313,2022-07-29,CUST3713,Aarav Kapoor,Mouse,Electronics,West,Surat,1,1326.74,1326.74,15,199.01,1127.73,Net Banking,Delivered,0
100314,2023-07-22,CUST1771,Ishaan Joshi,Mobile,Electronics,South,Hyderabad,1,17756.47,17756.47,0,0.0,17756.47,Credit Card,Returned,1
100315,2023-10-17,CUST3954,Amit Kumar,Headphones,Electronics,South,Chennai,4,6599.09,26396.36,20,5279.27,21117.09,Net Banking,Delivered,0
100316,2023-01-24,CUST3811,Ananya Iyer,Backpack,Accessories,East,Patna,1,2162.7,2162.7,10,216.27,1946.43,Cash on Delivery,Returned,1
100317,2023-01-06,CUST2928,Rohan Gupta,T-Shirt,Fashion,East,Guwahati,5,1324.21,6621.05,10,662.11,5958.94,Debit Card,Cancelled,0
100318,2023-09-21,CUST2522,Kavya Mehta,Headphones,Electronics,East,Bhubaneswar,5,7277.06,36385.3,15,5457.8,30927.5,Debit Card,Delivered,0
100319,2022-05-26,CUST3049,Aadhya Reddy,Laptop,Electronics,East,Guwahati,4,74995.61,299982.44,20,59996.49,239985.95,Net Banking,Returned,1
100320,2023-02-15,CUST3332,Ananya Rao,Camera,Electronics,West,Surat,2,31524.29,63048.58,20,12609.72,50438.86,Debit Card,Shipped,0
100321,2022-04-29,CUST2120,Aarav Pillai,Shoes,Fashion,North,Lucknow,4,3630.45,14521.8,15,2178.27,12343.53,Debit Card,Delivered,0
100322,2024-06-07,CUST2652,Rahul Rao,Keyboard,Electronics,East,Bhubaneswar,3,1133.74,3401.22,15,510.18,2891.04,Cash on Delivery,Shipped,0
100323,2024-12-23,CUST3771,Reyansh Sharma,Mouse,Electronics,West,Surat,1,1474.32,1474.32,15,221.15,1253.17,Cash on Delivery,Cancelled,0
100324,2023-09-19,CUST4374,Sai Patel,Backpack,Accessories,East,Bhubaneswar,1,3217.07,3217.07,5,160.85,3056.22,Cash on Delivery,Delivered,0
100325,2022-10-02,CUST2471,Ananya Desai,Backpack,Accessories,South,Hyderabad,2,2396.66,4793.32,10,479.33,4313.99,UPI,Cancelled,0
100326,2024-10-30,CUST2501,Sai Gupta,Keyboard,Electronics,North,Chandigarh,1,1397.29,1397.29,25,349.32,1047.97,Debit Card,Returned,1
100327,2022-02-10,CUST2707,Vivaan Gupta,Backpack,Accessories,South,Hyderabad,4,2633.21,10532.84,10,1053.28,9479.56,Cash on Delivery,Returned,1
100328,2022-07-26,CUST2105,Amit Kapoor,Shoes,Fashion,South,Hyderabad,2,1757.51,3515.02,15,527.25,2987.77,Cash on Delivery,Delivered,0
100329,2022-08-22,CUST3038,Rakesh Gupta,Watch,Fashion,East,Bhubaneswar,2,22587.2,45174.4,10,4517.44,40656.96,Net Banking,Shipped,0
100330,2022-03-22,CUST4728,Anika Desai,Keyboard,Electronics,East,Patna,4,4392.48,17569.92,10,1756.99,15812.93,UPI,Delivered,0
100331,2024-10-08,CUST4192,Arjun Patel,Keyboard,Electronics,East,Guwahati,2,510.95,1021.9,15,153.28,868.62,Cash on Delivery,Cancelled,0
100332,2022-04-13,CUST4580,Vihaan Singh,T-Shirt,Fashion,North,Delhi,5,1284.29,6421.45,10,642.14,5779.31,Credit Card,Shipped,0
100333,2022-04-04,CUST3717,Aarav Kumar,Backpack,Accessories,West,Ahmedabad,4,1919.23,7676.92,15,1151.54,6525.38,Cash on Delivery,Cancelled,0
100334,2023-01-10,CUST2639,Vihaan Agarwal,Headphones,Electronics,South,Kochi,5,2731.83,13659.15,15,2048.87,11610.28,Credit Card,Cancelled,0
100335,2022-05-01,CUST1424,Deepa Singh,Shoes,Fashion,South,Kochi,3,3578.17,10734.51,10,1073.45,9661.06,Debit Card,Shipped,0
100336,2022-03-01,CUST2978,Deepa Kumar,Mouse,Electronics,West,Surat,4,1792.46,7169.84,5,358.49,6811.35,UPI,Cancelled,0
100337,2024-12-10,CUST3964,Sanjay Malhotra,Shoes,Fashion,North,Chandigarh,2,1254.68,2509.36,15,376.4,2132.96,Cash on Delivery,Returned,1
100338,2023-05-25,CUST3718,Aadhya Chopra,Watch,Fashion,North,Jaipur,2,17580.15,35160.3,15,5274.05,29886.25,UPI,Returned,1
100339,2022-12-05,CUST2313,Aditya Desai,Mouse,Electronics,North,Delhi,1,2355.62,2355.62,10,235.56,2120.06,UPI,Cancelled,0
100340,2022-06-11,CUST4281,Myra Pillai,Keyboard,Electronics,South,Hyderabad,1,1390.83,1390.83,15,208.62,1182.21,UPI,Cancelled,0
100341,2024-04-24,CUST3249,Vivaan Bhat,Watch,Fashion,South,Kochi,2,4025.22,8050.44,10,805.04,7245.4,Cash on Delivery,Shipped,0
100342,2024-01-15,CUST4344,Priya Verma,Backpack,Accessories,West,Ahmedabad,4,2493.36,9973.44,15,1496.02,8477.42,UPI,Cancelled,0
100343,2022-08-22,CUST1008,Vihaan Iyer,Keyboard,Electronics,West,Ahmedabad,3,2979.03,8937.09,10,893.71,8043.38,Credit Card,Returned,1
100344,2024-04-18,CUST3502,Vihaan Nair,Mobile,Electronics,South,Hyderabad,2,39285.12,78570.24,0,0.0,78570.24,Debit Card,Delivered,0
100345,2024-04-28,CUST1504,Vivaan Malhotra,Keyboard,Electronics,North,Chandigarh,1,3798.22,3798.22,5,189.91,3608.31,Credit Card,Shipped,0
100346,2024-09-16,CUST4199,Suresh Kapoor,Shoes,Fashion,South,Chennai,5,924.29,4621.45,15,693.22,3928.23,Net Banking,Cancelled,0
100347,2023-10-22,CUST2714,Sara Agarwal,Headphones,Electronics,East,Bhubaneswar,3,1724.35,5173.05,10,517.3,4655.75,Net Banking,Returned,1
100348,2022-10-10,CUST3867,Kavya Yadav,Watch,Fashion,West,Pune,1,24133.53,24133.53,25,6033.38,18100.15,UPI,Cancelled,0
100349,2023-08-19,CUST4773,Amit Chopra,T-Shirt,Fashion,South,Hyderabad,3,1706.49,5119.47,15,767.92,4351.55,Debit Card,Shipped,0
100350,2024-09-10,CUST4861,Riya Malhotra,Headphones,Electronics,West,Pune,2,5799.05,11598.1,5,579.9,11018.2,Cash on Delivery,Returned,1
100351,2022-10-25,CUST1818,Vivaan Verma,Mouse,Electronics,East,Patna,4,1229.25,4917.0,0,0.0,4917.0,Cash on Delivery,Shipped,0
100352,2023-08-28,CUST1132,Reyansh Bhat,Laptop,Electronics,East,Bhubaneswar,5,93088.18,465440.9,0,0.0,465440.9,Cash on Delivery,Returned,1
100353,2024-03-07,CUST4212,Krishna Kapoor,Mobile,Electronics,West,Mumbai,3,63717.61,191152.83,10,19115.28,172037.55,Debit Card,Returned,1
100354,2022-04-21,CUST1831,Aarav Nair,Laptop,Electronics,East,Kolkata,5,67942.15,339710.75,25,84927.69,254783.06,Credit Card,Cancelled,0
100355,2023-02-07,CUST2204,Sanjay Reddy,Watch,Fashion,West,Surat,4,22893.38,91573.52,15,13736.03,77837.49,Credit Card,Returned,1
100356,2023-07-26,CUST1532,Anika Nair,Shoes,Fashion,North,Delhi,1,1873.25,1873.25,10,187.32,1685.93,UPI,Shipped,0
100357,2023-10-23,CUST4168,Meera Verma,Headphones,Electronics,East,Patna,1,4157.59,4157.59,25,1039.4,3118.19,Cash on Delivery,Shipped,0
100358,2023-01-12,CUST4220,Sara Patel,Watch,Fashion,West,Ahmedabad,2,14829.71,29659.42,10,2965.94,26693.48,Credit Card,Returned,1
100359,2023-08-25,CUST3172,Reyansh Yadav,T-Shirt,Fashion,North,Chandigarh,1,670.74,670.74,5,33.54,637.2,Credit Card,Delivered,0
100360,2023-05-15,CUST2562,Vivaan Mehta,Shoes,Fashion,West,Mumbai,1,2837.64,2837.64,5,141.88,2695.76,Net Banking,Cancelled,0
100361,2024-07-01,CUST2214,Aadhya Verma,Camera,Electronics,South,Hyderabad,1,35674.71,35674.71,15,5351.21,30323.5,Net Banking,Cancelled,0
100362,2022-05-15,CUST4542,Reyansh Reddy,Keyboard,Electronics,South,Bengaluru,5,1169.58,5847.9,25,1461.97,4385.93,Net Banking,Returned,1
100363,2022-05-28,CUST1097,Pooja Kumar,Mouse,Electronics,West,Pune,2,1846.03,3692.06,25,923.01,2769.05,UPI,Returned,1
100364,2023-04-12,CUST2669,Suresh Nair,Shoes,Fashion,East,Kolkata,1,1203.9,1203.9,15,180.59,1023.31,Net Banking,Shipped,0
100365,2022-05-10,CUST1186,Sanjay Malhotra,Mouse,Electronics,South,Kochi,2,337.16,674.32,15,101.15,573.17,Net Banking,Shipped,0
100366,2024-06-15,CUST4367,Isha Agarwal,Camera,Electronics,South,Bengaluru,1,42435.15,42435.15,15,6365.27,36069.88,Credit Card,Returned,1
100367,2022-10-23,CUST4921,Rohan Chopra,Backpack,Accessories,South,Chennai,1,2099.28,2099.28,15,314.89,1784.39,Net Banking,Delivered,0
100368,2022-06-24,CUST4065,Rohan Reddy,Backpack,Accessories,South,Chennai,1,1211.57,1211.57,10,121.16,1090.41,Net Banking,Returned,1
100369,2022-04-22,CUST2889,Deepa Bhat,Mobile,Electronics,North,Lucknow,1,26883.83,26883.83,20,5376.77,21507.06,Debit Card,Shipped,0
100370,2023-04-26,CUST3537,Vihaan Joshi,T-Shirt,Fashion,North,Delhi,1,636.26,636.26,10,63.63,572.63,Credit Card,Delivered,0
100371,2024-01-17,CUST4926,Rakesh Mehta,Camera,Electronics,West,Ahmedabad,2,28133.84,56267.68,15,8440.15,47827.53,Net Banking,Shipped,0
100372,2024-01-07,CUST4595,Arjun Mehta,Mouse,Electronics,North,Jaipur,1,787.36,787.36,15,118.1,669.26,UPI,Delivered,0
100373,2023-07-29,CUST4650,Deepa Kumar,Shoes,Fashion,South,Hyderabad,4,3627.04,14508.16,0,0.0,14508.16,Net Banking,Shipped,0
100374,2024-04-09,CUST1871,Sanjay Malhotra,T-Shirt,Fashion,North,Delhi,3,1643.55,4930.65,20,986.13,3944.52,Cash on Delivery,Cancelled,0
100375,2023-08-19,CUST3052,Arjun Pillai,Backpack,Accessories,South,Kochi,3,1541.86,4625.58,10,462.56,4163.02,Net Banking,Returned,1
100376,2024-11-18,CUST1652,Arjun Pillai,T-Shirt,Fashion,North,Jaipur,2,1310.88,2621.76,20,524.35,2097.41,Net Banking,Returned,1
100377,2023-04-20,CUST2513,Aditya Nair,Headphones,Electronics,South,Chennai,3,4281.22,12843.66,10,1284.37,11559.29,Debit Card,Returned,1
100378,2022-03-23,CUST1422,Rahul Mehta,Keyboard,Electronics,North,Lucknow,2,3665.84,7331.68,10,733.17,6598.51,UPI,Cancelled,0
100379,2024-02-15,CUST3676,Diya Malhotra,T-Shirt,Fashion,East,Patna,4,731.81,2927.24,10,292.72,2634.52,Debit Card,Delivered,0
100380,2024-09-14,CUST1027,Vikram Yadav,Camera,Electronics,South,Kochi,5,23915.97,119579.85,10,11957.99,107621.86,Credit Card,Delivered,0
100381,2022-11-19,CUST3938,Diya Yadav,T-Shirt,Fashion,West,Surat,1,461.78,461.78,15,69.27,392.51,Debit Card,Shipped,0
100382,2022-11-27,CUST1091,Rahul Rao,Camera,Electronics,East,Guwahati,4,43810.23,175240.92,10,17524.09,157716.83,UPI,Delivered,0
100383,2023-06-13,CUST3116,Suresh Singh,Keyboard,Electronics,North,Lucknow,1,2550.57,2550.57,20,510.11,2040.46,Debit Card,Shipped,0
100384,2024-08-23,CUST1698,Deepa Desai,Mouse,Electronics,East,Kolkata,4,1901.54,7606.16,20,1521.23,6084.93,Cash on Delivery,Shipped,0
100385,2023-12-03,CUST3443,Suresh Pillai,Keyboard,Electronics,West,Pune,4,3781.81,15127.24,5,756.36,14370.88,Net Banking,Shipped,0
100386,2022-11-03,CUST1726,Meera Gupta,Watch,Fashion,North,Chandigarh,2,3783.97,7567.94,5,378.4,7189.54,Net Banking,Returned,1
100387,2022-09-24,CUST3208,Vikram Yadav,Shoes,Fashion,West,Mumbai,4,3876.01,15504.04,15,2325.61,13178.43,Cash on Delivery,Delivered,0
100388,2024-09-14,CUST2435,Rakesh Agarwal,Backpack,Accessories,West,Surat,2,2051.87,4103.74,0,0.0,4103.74,Net Banking,Delivered,0
100389,2024-04-16,CUST1022,Ishaan Reddy,Watch,Fashion,West,Mumbai,2,7257.53,14515.06,15,2177.26,12337.8,Cash on Delivery,Delivered,0
100390,2022-08-07,CUST3668,Arjun Rao,Backpack,Accessories,East,Kolkata,2,2062.57,4125.14,5,206.26,3918.88,Credit Card,Delivered,0
100391,2024-04-26,CUST2976,Anika Bhat,Watch,Fashion,North,Chandigarh,3,15762.76,47288.28,25,11822.07,35466.21,UPI,Returned,1
100392,2022-09-01,CUST2829,Pooja Iyer,Headphones,Electronics,South,Kochi,1,3007.9,3007.9,5,150.4,2857.5,UPI,Returned,1
100393,2022-01-11,CUST4372,Rakesh Patel,Headphones,Electronics,North,Chandigarh,4,6566.15,26264.6,15,3939.69,22324.91,Cash on Delivery,Shipped,0
100394,2024-02-27,CUST3514,Suresh Agarwal,Headphones,Electronics,South,Kochi,1,2694.26,2694.26,10,269.43,2424.83,Net Banking,Shipped,0
100395,2024-11-27,CUST1137,Rohan Reddy,T-Shirt,Fashion,South,Bengaluru,5,1539.33,7696.65,15,1154.5,6542.15,UPI,Shipped,0
100396,2022-06-27,CUST2446,Ishaan Agarwal,Watch,Fashion,South,Chennai,3,17241.78,51725.34,10,5172.53,46552.81,Cash on Delivery,Cancelled,0
100397,2023-12-14,CUST1926,Diya Nair,Mouse,Electronics,South,Chennai,2,1921.24,3842.48,0,0.0,3842.48,Cash on Delivery,Returned,1
100398,2022-05-29,CUST2392,Sara Joshi,Watch,Fashion,West,Surat,5,14882.78,74413.9,5,3720.7,70693.2,UPI,Delivered,0
100399,2024-09-17,CUST4102,Sanjay Iyer,Camera,Electronics,West,Ahmedabad,4,47525.89,190103.56,10,19010.36,171093.2,UPI,Cancelled,0
100400,2022-05-19,CUST3772,Isha Iyer,Mobile,Electronics,West,Surat,3,81618.43,244855.29,20,48971.06,195884.23,UPI,Shipped,0
100401,2022-07-10,CUST1311,Isha Mehta,Keyboard,Electronics,West,Surat,5,2566.02,12830.1,0,0.0,12830.1,Credit Card,Shipped,0
100402,2023-01-25,CUST1961,Aadhya Reddy,T-Shirt,Fashion,West,Surat,2,666.92,1333.84,10,133.38,1200.46,Debit Card,Cancelled,0
100403,2022-08-07,CUST3768,Vihaan Patel,Keyboard,Electronics,West,Pune,1,3839.76,3839.76,20,767.95,3071.81,Credit Card,Shipped,0
100404,2024-10-02,CUST2147,Sai Kapoor,Shoes,Fashion,East,Kolkata,4,2978.7,11914.8,5,595.74,11319.06,Net Banking,Cancelled,0
100405,2023-12-13,CUST2872,Isha Singh,Mouse,Electronics,North,Lucknow,1,2058.39,2058.39,10,205.84,1852.55,Net Banking,Shipped,0
100406,2023-10-29,CUST4530,Diya Yadav,Camera,Electronics,East,Guwahati,2,15336.74,30673.48,15,4601.02,26072.46,UPI,Returned,1
100407,2024-05-18,CUST3870,Reyansh Rao,Laptop,Electronics,North,Jaipur,1,75064.36,75064.36,15,11259.65,63804.71,Credit Card,Shipped,0
100408,2022-07-24,CUST4293,Pooja Nair,Mobile,Electronics,South,Kochi,1,23571.03,23571.03,0,0.0,23571.03,Net Banking,Returned,1
100409,2022-12-28,CUST1550,Kavya Desai,Keyboard,Electronics,South,Kochi,1,3700.15,3700.15,15,555.02,3145.13,UPI,Cancelled,0
100410,2022-07-22,CUST1245,Neha Singh,T-Shirt,Fashion,South,Hyderabad,4,785.05,3140.2,10,314.02,2826.18,Net Banking,Shipped,0
100411,2023-06-12,CUST2686,Diya Sharma,Keyboard,Electronics,West,Surat,4,885.21,3540.84,15,531.13,3009.71,Credit Card,Delivered,0
100412,2024-11-11,CUST4643,Aadhya Pillai,Camera,Electronics,South,Chennai,3,40994.62,122983.86,10,12298.39,110685.47,Credit Card,Delivered,0
100413,2024-04-08,CUST1324,Deepa Patel,Camera,Electronics,South,Hyderabad,2,53263.78,106527.56,20,21305.51,85222.05,Credit Card,Delivered,0
100414,2024-06-30,CUST4063,Sanjay Chopra,Headphones,Electronics,South,Hyderabad,2,2897.77,5795.54,5,289.78,5505.76,UPI,Delivered,0
100415,2022-06-13,CUST2626,Reyansh Singh,Watch,Fashion,South,Kochi,2,5576.49,11152.98,0,0.0,11152.98,Debit Card,Returned,1
100416,2022-11-15,CUST2267,Aditya Agarwal,Camera,Electronics,North,Chandigarh,2,16054.6,32109.2,10,3210.92,28898.28,Cash on Delivery,Shipped,0
100417,2024-01-01,CUST4539,Deepa Mehta,Keyboard,Electronics,North,Jaipur,2,1005.65,2011.3,10,201.13,1810.17,Debit Card,Shipped,0
100418,2024-07-24,CUST2781,Rahul Malhotra,Shoes,Fashion,South,Hyderabad,2,1656.64,3313.28,25,828.32,2484.96,Net Banking,Shipped,0
100419,2024-01-20,CUST1637,Kavya Nair,T-Shirt,Fashion,East,Patna,5,1048.39,5241.95,5,262.1,4979.85,Cash on Delivery,Delivered,0
100420,2024-09-04,CUST4137,Rohan Sharma,Laptop,Electronics,North,Lucknow,2,74881.83,149763.66,0,0.0,149763.66,UPI,Cancelled,0
100421,2023-05-27,CUST4393,Sai Agarwal,Mouse,Electronics,West,Pune,4,1506.07,6024.28,5,301.21,5723.07,Net Banking,Delivered,0
100422,2023-07-11,CUST4312,Rohan Bhat,Mouse,Electronics,North,Delhi,2,827.04,1654.08,15,248.11,1405.97,Net Banking,Cancelled,0
100423,2024-10-04,CUST1079,Reyansh Mehta,Laptop,Electronics,South,Bengaluru,1,59615.6,59615.6,15,8942.34,50673.26,Net Banking,Delivered,0
100424,2023-04-22,CUST1060,Aditya Kumar,Headphones,Electronics,North,Delhi,1,1536.37,1536.37,5,76.82,1459.55,UPI,Returned,1
100425,2022-03-06,CUST4455,Ananya Patel,Shoes,Fashion,North,Chandigarh,2,5376.99,10753.98,25,2688.49,8065.49,UPI,Returned,1
100426,2022-01-26,CUST2576,Vihaan Iyer,Headphones,Electronics,North,Chandigarh,1,4185.06,4185.06,5,209.25,3975.81,Credit Card,Cancelled,0
100427,2023-10-02,CUST1649,Suresh Mehta,Shoes,Fashion,North,Delhi,1,5017.81,5017.81,0,0.0,5017.81,Debit Card,Delivered,0
100428,2023-03-23,CUST3592,Vihaan Iyer,Backpack,Accessories,East,Kolkata,1,2668.6,2668.6,5,133.43,2535.17,Cash on Delivery,Cancelled,0
100429,2022-03-28,CUST3819,Riya Desai,Mouse,Electronics,South,Chennai,4,1586.33,6345.32,10,634.53,5710.79,Debit Card,Shipped,0
100430,2022-05-03,CUST3640,Vivaan Chopra,Watch,Fashion,North,Delhi,1,13098.08,13098.08,15,1964.71,11133.37,Credit Card,Cancelled,0
100431,2024-06-17,CUST1087,Pooja Reddy,Headphones,Electronics,East,Kolkata,1,2475.26,2475.26,25,618.82,1856.44,Credit Card,Cancelled,0
100432,2024-09-30,CUST1764,Reyansh Malhotra,Mouse,Electronics,South,Chennai,1,386.87,386.87,15,58.03,328.84,Net Banking,Delivered,0
100433,2024-12-23,CUST2211,Arjun Pillai,T-Shirt,Fashion,South,Kochi,1,1555.46,1555.46,20,311.09,1244.37,Net Banking,Shipped,0
100434,2024-01-16,CUST1978,Sanjay Yadav,Laptop,Electronics,South,Kochi,1,89232.22,89232.22,10,8923.22,80309.0,Debit Card,Cancelled,0
100435,2023-10-23,CUST1452,Kavya Mehta,Mobile,Electronics,East,Guwahati,1,64341.16,64341.16,15,9651.17,54689.99,Debit Card,Returned,1
100436,2024-09-21,CUST1130,Reyansh Gupta,Camera,Electronics,South,Bengaluru,1,52511.98,52511.98,5,2625.6,49886.38,Cash on Delivery,Shipped,0
100437,2023-03-29,CUST1053,Meera Patel,Watch,Fashion,East,Guwahati,3,13714.55,41143.65,15,6171.55,34972.1,Credit Card,Shipped,0
100438,2022-04-30,CUST2088,Priya Yadav,Keyboard,Electronics,East,Kolkata,2,3055.67,6111.34,10,611.13,5500.21,UPI,Cancelled,0
100439,2023-04-19,CUST1776,Anika Agarwal,T-Shirt,Fashion,North,Delhi,4,463.01,1852.04,5,92.6,1759.44,Net Banking,Shipped,0
100440,2022-08-05,CUST2466,Sanjay Malhotra,Keyboard,Electronics,South,Chennai,3,4290.01,12870.03,10,1287.0,11583.03,Net Banking,Delivered,0
100441,2022-11-20,CUST2814,Anika Yadav,Shoes,Fashion,East,Guwahati,4,1834.13,7336.52,5,366.83,6969.69,UPI,Delivered,0
100442,2023-03-15,CUST4793,Isha Bhat,Mobile,Electronics,West,Ahmedabad,4,42399.81,169599.24,15,25439.89,144159.35,Credit Card,Returned,1
100443,2024-11-26,CUST1026,Arjun Joshi,Laptop,Electronics,South,Kochi,2,68752.7,137505.4,15,20625.81,116879.59,Credit Card,Returned,1
100444,2024-11-13,CUST4792,Anika Malhotra,Laptop,Electronics,West,Pune,4,36844.62,147378.48,20,29475.7,117902.78,Credit Card,Cancelled,0
100445,2023-06-09,CUST1376,Rakesh Joshi,Watch,Fashion,North,Delhi,2,4915.35,9830.7,5,491.54,9339.16,Net Banking,Shipped,0
100446,2022-07-15,CUST1153,Meera Joshi,Watch,Fashion,South,Chennai,3,18421.22,55263.66,15,8289.55,46974.11,Debit Card,Delivered,0
100447,2022-09-04,CUST4062,Deepa Iyer,Watch,Fashion,South,Bengaluru,5,9158.47,45792.35,20,9158.47,36633.88,UPI,Delivered,0
100448,2024-10-25,CUST1627,Neha Iyer,Watch,Fashion,West,Surat,1,13680.32,13680.32,5,684.02,12996.3,Net Banking,Shipped,0
100449,2023-08-17,CUST1606,Rakesh Agarwal,Backpack,Accessories,East,Guwahati,5,2931.53,14657.65,10,1465.77,13191.88,Cash on Delivery,Shipped,0
100450,2024-06-08,CUST4121,Sanjay Kumar,Headphones,Electronics,South,Kochi,3,1155.04,3465.12,10,346.51,3118.61,Cash on Delivery,Delivered,0
100451,2024-12-09,CUST1293,Krishna Iyer,Headphones,Electronics,South,Chennai,2,5496.19,10992.38,5,549.62,10442.76,Net Banking,Cancelled,0
100452,2023-12-15,CUST2411,Reyansh Mehta,Laptop,Electronics,West,Ahmedabad,3,83961.55,251884.65,0,0.0,251884.65,UPI,Delivered,0
100453,2024-06-21,CUST1817,Vivaan Iyer,Watch,Fashion,East,Patna,1,9523.25,9523.25,20,1904.65,7618.6,UPI,Returned,1
100454,2023-08-13,CUST3841,Aarav Mehta,Mobile,Electronics,North,Delhi,1,13417.58,13417.58,25,3354.39,10063.19,Debit Card,Cancelled,0
100455,2023-06-14,CUST3551,Anika Desai,Camera,Electronics,South,Kochi,1,23360.38,23360.38,10,2336.04,21024.34,Debit Card,Returned,1
100456,2023-08-05,CUST2111,Reyansh Yadav,Headphones,Electronics,East,Kolkata,2,7323.49,14646.98,10,1464.7,13182.28,Credit Card,Shipped,0
100457,2022-02-09,CUST1946,Rohan Agarwal,Backpack,Accessories,South,Bengaluru,1,2718.86,2718.86,15,407.83,2311.03,Credit Card,Cancelled,0
100458,2024-10-22,CUST4794,Myra Bhat,Mouse,Electronics,South,Bengaluru,5,1366.26,6831.3,10,683.13,6148.17,Cash on Delivery,Shipped,0
100459,2023-12-29,CUST1967,Rahul Joshi,Backpack,Accessories,North,Jaipur,2,2104.82,4209.64,5,210.48,3999.16,Credit Card,Returned,1
100460,2023-07-28,CUST2399,Krishna Kumar,T-Shirt,Fashion,South,Bengaluru,3,1624.08,4872.24,20,974.45,3897.79,Cash on Delivery,Cancelled,0
100461,2022-11-09,CUST4726,Kavya Joshi,Mouse,Electronics,East,Kolkata,3,1445.58,4336.74,15,650.51,3686.23,Debit Card,Delivered,0
100462,2023-09-25,CUST4725,Neha Kapoor,Watch,Fashion,South,Chennai,1,4498.12,4498.12,10,449.81,4048.31,Debit Card,Cancelled,0
100463,2022-08-31,CUST4438,Sai Mehta,Headphones,Electronics,South,Chennai,3,4866.88,14600.64,5,730.03,13870.61,Cash on Delivery,Returned,1
100464,2023-07-15,CUST1437,Arjun Reddy,Headphones,Electronics,East,Patna,4,3781.09,15124.36,10,1512.44,13611.92,UPI,Returned,1
100465,2024-01-06,CUST1549,Aditya Desai,Headphones,Electronics,North,Jaipur,3,5209.01,15627.03,10,1562.7,14064.33,Debit Card,Returned,1
100466,2022-12-02,CUST1132,Reyansh Iyer,T-Shirt,Fashion,West,Surat,3,892.24,2676.72,20,535.34,2141.38,UPI,Delivered,0
100467,2022-05-16,CUST4551,Sai Pillai,Mouse,Electronics,East,Kolkata,5,2390.44,11952.2,5,597.61,11354.59,Debit Card,Returned,1
100468,2024-02-19,CUST2614,Pooja Mehta,Watch,Fashion,South,Hyderabad,4,22324.57,89298.28,10,8929.83,80368.45,Cash on Delivery,Returned,1
100469,2023-05-19,CUST2620,Sara Bhat,Watch,Fashion,West,Mumbai,2,11948.31,23896.62,20,4779.32,19117.3,Cash on Delivery,Cancelled,0
100470,2024-05-15,CUST4764,Rohan Yadav,Backpack,Accessories,South,Bengaluru,1,2210.97,2210.97,20,442.19,1768.78,Credit Card,Delivered,0
100471,2022-10-05,CUST2324,Isha Rao,Backpack,Accessories,East,Bhubaneswar,2,2686.03,5372.06,0,0.0,5372.06,Net Banking,Shipped,0
100472,2023-10-26,CUST3942,Neha Singh,Shoes,Fashion,North,Chandigarh,3,4890.75,14672.25,5,733.61,13938.64,UPI,Shipped,0
100473,2022-11-24,CUST2558,Isha Bhat,Camera,Electronics,North,Chandigarh,3,18412.26,55236.78,15,8285.52,46951.26,Net Banking,Returned,1
100474,2022-04-16,CUST2267,Kavya Joshi,Backpack,Accessories,East,Patna,3,2716.92,8150.76,5,407.54,7743.22,Debit Card,Shipped,0
100475,2022-01-26,CUST4503,Myra Desai,Shoes,Fashion,South,Chennai,1,1636.8,1636.8,5,81.84,1554.96,Net Banking,Returned,1
100476,2024-06-23,CUST3458,Aditya Yadav,Shoes,Fashion,South,Bengaluru,3,3663.41,10990.23,5,549.51,10440.72,UPI,Delivered,0
100477,2022-04-23,CUST1150,Rahul Chopra,Backpack,Accessories,North,Jaipur,3,2482.36,7447.08,20,1489.42,5957.66,Cash on Delivery,Shipped,0
100478,2023-08-06,CUST3344,Meera Yadav,Headphones,Electronics,West,Ahmedabad,2,1431.46,2862.92,0,0.0,2862.92,Debit Card,Shipped,0
100479,2024-02-16,CUST4106,Priya Patel,T-Shirt,Fashion,North,Chandigarh,3,872.27,2616.81,0,0.0,2616.81,Credit Card,Delivered,0
100480,2024-04-27,CUST3850,Sara Reddy,Mouse,Electronics,West,Mumbai,1,596.0,596.0,15,89.4,506.6,Credit Card,Delivered,0
100481,2023-08-12,CUST4472,Kavya Yadav,Keyboard,Electronics,East,Kolkata,3,4417.4,13252.2,10,1325.22,11926.98,Cash on Delivery,Delivered,0
100482,2023-01-04,CUST1953,Vikram Yadav,Mobile,Electronics,North,Jaipur,5,58757.49,293787.45,10,29378.74,264408.71,UPI,Delivered,0
100483,2024-04-29,CUST2367,Kavya Verma,Laptop,Electronics,West,Mumbai,1,74515.28,74515.28,15,11177.29,63337.99,Debit Card,Cancelled,0
100484,2024-11-03,CUST4141,Anika Mehta,Mobile,Electronics,South,Chennai,1,25296.16,25296.16,5,1264.81,24031.35,Cash on Delivery,Delivered,0
100485,2023-02-02,CUST4777,Ananya Mehta,Backpack,Accessories,North,Jaipur,2,2866.11,5732.22,15,859.83,4872.39,Cash on Delivery,Cancelled,0
100486,2024-08-05,CUST4800,Rakesh Rao,Shoes,Fashion,West,Mumbai,3,3596.37,10789.11,15,1618.37,9170.74,Net Banking,Cancelled,0
100487,2023-11-11,CUST1271,Rakesh Chopra,Backpack,Accessories,West,Ahmedabad,3,2759.85,8279.55,10,827.96,7451.59,Cash on Delivery,Shipped,0
100488,2024-03-08,CUST1478,Sai Yadav,Headphones,Electronics,South,Bengaluru,2,3501.73,7003.46,10,700.35,6303.11,Debit Card,Returned,1
100489,2023-09-12,CUST2238,Reyansh Kapoor,Laptop,Electronics,East,Patna,3,58077.28,174231.84,0,0.0,174231.84,Debit Card,Delivered,0
100490,2024-10-21,CUST2393,Arjun Reddy,Headphones,Electronics,North,Delhi,4,7376.15,29504.6,10,2950.46,26554.14,Cash on Delivery,Cancelled,0
100491,2022-09-29,CUST2881,Reyansh Verma,Shoes,Fashion,East,Patna,4,1702.45,6809.8,20,1361.96,5447.84,Net Banking,Returned,1
100492,2023-11-14,CUST1422,Myra Verma,Mouse,Electronics,East,Kolkata,1,2351.14,2351.14,15,352.67,1998.47,Net Banking,Cancelled,0
100493,2023-01-30,CUST3180,Rohan Nair,T-Shirt,Fashion,East,Patna,1,1449.82,1449.82,15,217.47,1232.35,Debit Card,Delivered,0
100494,2022-07-29,CUST2434,Reyansh Bhat,Mobile,Electronics,West,Mumbai,1,21757.18,21757.18,0,0.0,21757.18,Net Banking,Returned,1
100495,2023-11-25,CUST1207,Anika Pillai,T-Shirt,Fashion,South,Chennai,5,1515.8,7579.0,10,757.9,6821.1,Debit Card,Shipped,0
100496,2024-07-02,CUST2279,Meera Chopra,Headphones,Electronics,North,Delhi,1,1187.36,1187.36,10,118.74,1068.62,Debit Card,Returned,1
100497,2024-08-17,CUST2271,Vihaan Pillai,Mobile,Electronics,West,Mumbai,5,70215.18,351075.9,10,35107.59,315968.31,Debit Card,Shipped,0
100498,2023-11-08,CUST2856,Rakesh Mehta,Shoes,Fashion,South,Chennai,1,5915.92,5915.92,5,295.8,5620.12,Credit Card,Delivered,0
100499,2022-09-18,CUST2661,Sara Gupta,Shoes,Fashion,North,Chandigarh,1,3580.45,3580.45,20,716.09,2864.36,Credit Card,Returned,1
100500,2023-05-15,CUST4989,Anika Singh,Camera,Electronics,South,Bengaluru,4,36309.82,145239.28,10,14523.93,130715.35,UPI,Shipped,0
100501,2023-12-02,CUST1708,Anika Iyer,Shoes,Fashion,South,Hyderabad,1,4786.74,4786.74,10,478.67,4308.07,UPI,Returned,1
100502,2022-12-27,CUST1285,Rohan Agarwal,Camera,Electronics,East,Guwahati,1,38843.02,38843.02,5,1942.15,36900.87,Cash on Delivery,Cancelled,0
100503,2022-01-01,CUST3706,Sanjay Kumar,Watch,Fashion,North,Chandigarh,2,16550.74,33101.48,0,0.0,33101.48,Debit Card,Cancelled,0
100504,2023-09-16,CUST3940,Suresh Rao,Headphones,Electronics,South,Hyderabad,2,4961.11,9922.22,5,496.11,9426.11,Credit Card,Delivered,0
100505,2022-04-19,CUST4361,Aarav Bhat,Mobile,Electronics,West,Mumbai,3,50344.33,151032.99,20,30206.6,120826.39,Credit Card,Shipped,0
100506,2024-02-23,CUST2782,Isha Agarwal,Mobile,Electronics,North,Jaipur,4,28054.53,112218.12,15,16832.72,95385.4,UPI,Returned,1
100507,2022-11-12,CUST1550,Rohan Kumar,T-Shirt,Fashion,North,Lucknow,2,622.93,1245.86,10,124.59,1121.27,Credit Card,Cancelled,0
100508,2024-05-01,CUST4660,Deepa Pillai,Backpack,Accessories,North,Delhi,1,3235.24,3235.24,15,485.29,2749.95,Debit Card,Shipped,0
100509,2023-01-16,CUST1030,Kavya Yadav,Watch,Fashion,West,Pune,2,11294.17,22588.34,20,4517.67,18070.67,UPI,Delivered,0
100510,2022-03-19,CUST3887,Riya Desai,Watch,Fashion,South,Chennai,3,7608.16,22824.48,25,5706.12,17118.36,Net Banking,Delivered,0
100511,2023-07-27,CUST1320,Myra Kapoor,Mobile,Electronics,North,Chandigarh,5,15485.11,77425.55,15,11613.83,65811.72,Net Banking,Cancelled,0
100512,2023-10-02,CUST4701,Meera Verma,T-Shirt,Fashion,West,Mumbai,1,1264.46,1264.46,15,189.67,1074.79,Cash on Delivery,Returned,1
100513,2023-08-27,CUST1144,Rohan Singh,Mobile,Electronics,South,Bengaluru,2,50525.71,101051.42,10,10105.14,90946.28,Credit Card,Delivered,0
100514,2023-08-21,CUST1111,Rakesh Yadav,Watch,Fashion,East,Patna,1,12461.22,12461.22,5,623.06,11838.16,Cash on Delivery,Returned,1
100515,2023-07-18,CUST1058,Deepa Nair,Laptop,Electronics,South,Chennai,2,107372.85,214745.7,5,10737.28,204008.42,Debit Card,Returned,1
100516,2024-12-16,CUST2404,Deepa Verma,Camera,Electronics,East,Bhubaneswar,3,29790.67,89372.01,5,4468.6,84903.41,Debit Card,Delivered,0
100517,2024-06-20,CUST1863,Pooja Singh,Camera,Electronics,West,Pune,4,45110.45,180441.8,10,18044.18,162397.62,UPI,Shipped,0
100518,2024-03-27,CUST2950,Aadhya Joshi,Watch,Fashion,East,Patna,1,7492.61,7492.61,20,1498.52,5994.09,Cash on Delivery,Shipped,0
100519,2024-07-08,CUST4939,Isha Mehta,T-Shirt,Fashion,North,Chandigarh,2,560.47,1120.94,20,224.19,896.75,Cash on Delivery,Delivered,0
100520,2023-07-13,CUST2093,Ananya Nair,T-Shirt,Fashion,East,Kolkata,1,1120.38,1120.38,10,112.04,1008.34,UPI,Returned,1
100521,2024-11-30,CUST2283,Ananya Singh,Camera,Electronics,North,Chandigarh,2,42011.64,84023.28,5,4201.16,79822.12,Net Banking,Cancelled,0
100522,2023-12-21,CUST2031,Krishna Joshi,T-Shirt,Fashion,North,Delhi,4,367.34,1469.36,0,0.0,1469.36,Cash on Delivery,Returned,1
100523,2022-09-07,CUST1353,Neha Gupta,Keyboard,Electronics,North,Delhi,1,2876.55,2876.55,20,575.31,2301.24,Debit Card,Cancelled,0
100524,2022-06-05,CUST4779,Rahul Pillai,Watch,Fashion,North,Lucknow,4,17756.56,71026.24,5,3551.31,67474.93,UPI,Returned,1
100525,2023-11-13,CUST4914,Vivaan Nair,Laptop,Electronics,East,Patna,1,101362.16,101362.16,5,5068.11,96294.05,Cash on Delivery,Delivered,0
100526,2022-08-11,CUST4148,Arjun Bhat,Laptop,Electronics,North,Delhi,2,113929.84,227859.68,15,34178.95,193680.73,Debit Card,Returned,1
100527,2023-05-29,CUST1076,Sanjay Pillai,Mouse,Electronics,North,Delhi,5,1873.88,9369.4,0,0.0,9369.4,Cash on Delivery,Shipped,0
100528,2022-01-08,CUST2958,Sara Desai,Shoes,Fashion,North,Delhi,5,4621.79,23108.95,5,1155.45,21953.5,Credit Card,Cancelled,0
100529,2024-01-06,CUST2640,Ananya Joshi,Mouse,Electronics,South,Bengaluru,2,307.28,614.56,25,153.64,460.92,UPI,Shipped,0
100530,2023-08-17,CUST1723,Rahul Reddy,Backpack,Accessories,East,Kolkata,2,3162.69,6325.38,5,316.27,6009.11,UPI,Returned,1
100531,2024-01-06,CUST4625,Aadhya Patel,T-Shirt,Fashion,North,Chandigarh,3,783.36,2350.08,10,235.01,2115.07,Cash on Delivery,Returned,1
100532,2022-05-10,CUST3635,Rakesh Bhat,Shoes,Fashion,East,Bhubaneswar,1,1042.04,1042.04,25,260.51,781.53,Debit Card,Delivered,0
100533,2022-03-29,CUST1867,Isha Gupta,Laptop,Electronics,South,Kochi,5,36395.55,181977.75,5,9098.89,172878.86,Credit Card,Cancelled,0
100534,2022-02-09,CUST1187,Aadhya Yadav,T-Shirt,Fashion,South,Chennai,3,687.83,2063.49,0,0.0,2063.49,Debit Card,Delivered,0
100535,2022-12-16,CUST1261,Priya Malhotra,Keyboard,Electronics,East,Bhubaneswar,1,3030.65,3030.65,20,606.13,2424.52,Cash on Delivery,Delivered,0
100536,2022-10-09,CUST4130,Ananya Reddy,Camera,Electronics,North,Lucknow,1,23105.65,23105.65,5,1155.28,21950.37,UPI,Delivered,0
100537,2022-12-04,CUST4791,Myra Iyer,Backpack,Accessories,East,Patna,1,1829.95,1829.95,15,274.49,1555.46,Debit Card,Returned,1
100538,2024-09-24,CUST1029,Aditya Sharma,Watch,Fashion,North,Delhi,4,16246.23,64984.92,10,6498.49,58486.43,Debit Card,Shipped,0
100539,2023-07-09,CUST2687,Sara Pillai,Headphones,Electronics,West,Ahmedabad,2,6613.36,13226.72,15,1984.01,11242.71,Debit Card,Shipped,0
100540,2023-09-09,CUST1018,Diya Rao,Keyboard,Electronics,West,Mumbai,3,3368.8,10106.4,15,1515.96,8590.44,Cash on Delivery,Returned,1
100541,2024-08-08,CUST2132,Sanjay Reddy,T-Shirt,Fashion,North,Delhi,5,1766.35,8831.75,15,1324.76,7506.99,Net Banking,Delivered,0
100542,2022-03-30,CUST2167,Vivaan Chopra,Backpack,Accessories,North,Lucknow,3,3427.72,10283.16,10,1028.32,9254.84,Debit Card,Shipped,0
100543,2022-12-27,CUST2986,Sai Sharma,Keyboard,Electronics,South,Hyderabad,3,4060.32,12180.96,10,1218.1,10962.86,Cash on Delivery,Returned,1
100544,2023-10-30,CUST2335,Krishna Gupta,T-Shirt,Fashion,North,Lucknow,3,1209.42,3628.26,5,181.41,3446.85,Debit Card,Returned,1
100545,2022-04-22,CUST1593,Vikram Rao,Keyboard,Electronics,North,Chandigarh,4,2002.13,8008.52,5,400.43,7608.09,UPI,Returned,1
100546,2023-07-07,CUST1521,Reyansh Mehta,Keyboard,Electronics,West,Surat,1,1993.94,1993.94,10,199.39,1794.55,Debit Card,Returned,1
100547,2023-12-05,CUST3472,Krishna Joshi,Backpack,Accessories,East,Kolkata,1,1455.55,1455.55,10,145.56,1309.99,UPI,Shipped,0
100548,2024-09-28,CUST3423,Deepa Reddy,Headphones,Electronics,West,Pune,3,4779.84,14339.52,5,716.98,13622.54,UPI,Cancelled,0
100549,2023-04-01,CUST4875,Vikram Malhotra,Shoes,Fashion,West,Ahmedabad,1,3297.42,3297.42,20,659.48,2637.94,Debit Card,Delivered,0
100550,2024-12-23,CUST4316,Isha Desai,Headphones,Electronics,West,Mumbai,2,1118.41,2236.82,25,559.21,1677.61,Net Banking,Shipped,0
100551,2022-09-29,CUST1979,Diya Joshi,Camera,Electronics,South,Chennai,1,45123.15,45123.15,15,6768.47,38354.68,UPI,Cancelled,0
100552,2024-07-20,CUST4580,Myra Kumar,Camera,Electronics,North,Jaipur,1,33371.31,33371.31,10,3337.13,30034.18,Net Banking,Shipped,0
100553,2023-11-13,CUST2214,Sara Verma,Mouse,Electronics,North,Jaipur,3,1848.58,5545.74,0,0.0,5545.74,Cash on Delivery,Delivered,0
100554,2024-01-16,CUST1454,Vikram Verma,Mouse,Electronics,East,Bhubaneswar,4,478.11,1912.44,20,382.49,1529.95,Cash on Delivery,Delivered,0
100555,2023-02-24,CUST1977,Arjun Mehta,Mouse,Electronics,South,Bengaluru,2,685.59,1371.18,10,137.12,1234.06,Cash on Delivery,Returned,1
100556,2023-04-07,CUST4677,Ananya Chopra,T-Shirt,Fashion,North,Chandigarh,3,1440.8,4322.4,20,864.48,3457.92,Debit Card,Returned,1
100557,2022-09-09,CUST3778,Aadhya Bhat,Laptop,Electronics,South,Kochi,1,40386.38,40386.38,5,2019.32,38367.06,UPI,Delivered,0
100558,2024-07-26,CUST2600,Aditya Patel,T-Shirt,Fashion,West,Surat,3,1509.86,4529.58,25,1132.39,3397.19,Cash on Delivery,Shipped,0
100559,2023-02-23,CUST2200,Sara Sharma,Headphones,Electronics,South,Bengaluru,1,2786.79,2786.79,15,418.02,2368.77,UPI,Shipped,0
100560,2022-05-09,CUST4419,Aarav Iyer,Mouse,Electronics,West,Pune,2,1224.29,2448.58,15,367.29,2081.29,Cash on Delivery,Delivered,0
100561,2024-12-21,CUST2823,Priya Bhat,T-Shirt,Fashion,East,Guwahati,3,1300.85,3902.55,15,585.38,3317.17,UPI,Returned,1
100562,2023-08-14,CUST1607,Sanjay Verma,Shoes,Fashion,South,Chennai,4,2616.37,10465.48,15,1569.82,8895.66,Debit Card,Delivered,0
100563,2022-11-11,CUST1478,Sai Iyer,Mobile,Electronics,South,Chennai,3,22023.98,66071.94,10,6607.19,59464.75,Debit Card,Cancelled,0
100564,2023-12-06,CUST2836,Arjun Chopra,Backpack,Accessories,West,Pune,2,2050.25,4100.5,5,205.03,3895.47,Cash on Delivery,Returned,1
100565,2023-10-18,CUST4973,Arjun Sharma,T-Shirt,Fashion,West,Ahmedabad,1,386.14,386.14,25,96.53,289.61,Debit Card,Cancelled,0
100566,2024-06-24,CUST3996,Ananya Gupta,T-Shirt,Fashion,West,Ahmedabad,3,778.56,2335.68,20,467.14,1868.54,Net Banking,Returned,1
100567,2024-07-02,CUST2336,Diya Patel,Shoes,Fashion,West,Pune,3,1554.51,4663.53,0,0.0,4663.53,Net Banking,Cancelled,0
100568,2022-06-21,CUST3773,Anika Pillai,Backpack,Accessories,East,Bhubaneswar,3,1710.93,5132.79,25,1283.2,3849.59,Credit Card,Shipped,0
100569,2024-01-10,CUST3932,Isha Kumar,Camera,Electronics,West,Surat,1,27710.31,27710.31,15,4156.55,23553.76,Cash on Delivery,Cancelled,0
100570,2022-06-29,CUST4037,Reyansh Pillai,Mouse,Electronics,South,Hyderabad,1,1058.82,1058.82,5,52.94,1005.88,UPI,Cancelled,0
100571,2022-06-26,CUST2242,Arjun Reddy,Mouse,Electronics,West,Ahmedabad,1,1901.6,1901.6,20,380.32,1521.28,UPI,Shipped,0
100572,2023-07-14,CUST3276,Kavya Singh,Shoes,Fashion,West,Ahmedabad,1,6276.53,6276.53,15,941.48,5335.05,Cash on Delivery,Shipped,0
100573,2023-09-11,CUST2244,Priya Malhotra,Shoes,Fashion,East,Bhubaneswar,1,5560.79,5560.79,5,278.04,5282.75,UPI,Shipped,0
100574,2024-08-25,CUST2708,Vihaan Joshi,Shoes,Fashion,South,Kochi,1,5330.83,5330.83,5,266.54,5064.29,Credit Card,Cancelled,0
100575,2024-01-11,CUST3316,Riya Desai,Headphones,Electronics,South,Chennai,1,6305.97,6305.97,10,630.6,5675.37,Cash on Delivery,Returned,1
100576,2023-06-16,CUST1239,Sai Malhotra,Mouse,Electronics,West,Surat,5,2100.22,10501.1,10,1050.11,9450.99,Net Banking,Shipped,0
100577,2023-08-21,CUST3104,Sara Patel,Headphones,Electronics,South,Chennai,2,1180.8,2361.6,10,236.16,2125.44,Credit Card,Shipped,0
100578,2023-09-09,CUST1392,Ishaan Chopra,Keyboard,Electronics,East,Bhubaneswar,4,2895.05,11580.2,5,579.01,11001.19,Credit Card,Cancelled,0
100579,2022-11-30,CUST1633,Vihaan Reddy,T-Shirt,Fashion,East,Bhubaneswar,1,1101.35,1101.35,10,110.14,991.21,UPI,Delivered,0
100580,2022-08-22,CUST4752,Kavya Pillai,T-Shirt,Fashion,North,Lucknow,4,1160.05,4640.2,15,696.03,3944.17,Net Banking,Cancelled,0
100581,2024-06-24,CUST3142,Vikram Yadav,Camera,Electronics,North,Lucknow,5,34180.73,170903.65,5,8545.18,162358.47,Credit Card,Shipped,0
100582,2023-09-22,CUST1533,Arjun Reddy,Mobile,Electronics,North,Jaipur,1,74980.5,74980.5,5,3749.03,71231.47,Debit Card,Returned,1
100583,2022-03-09,CUST3429,Rakesh Kapoor,Camera,Electronics,South,Bengaluru,1,45987.69,45987.69,15,6898.15,39089.54,Cash on Delivery,Shipped,0
100584,2023-02-25,CUST1756,Riya Reddy,Backpack,Accessories,South,Hyderabad,1,1893.79,1893.79,0,0.0,1893.79,Cash on Delivery,Cancelled,0
100585,2024-10-22,CUST1990,Sanjay Yadav,Mobile,Electronics,North,Lucknow,4,85289.44,341157.76,25,85289.44,255868.32,Credit Card,Delivered,0
100586,2022-12-18,CUST1017,Vikram Bhat,T-Shirt,Fashion,East,Kolkata,4,1456.7,5826.8,10,582.68,5244.12,Debit Card,Cancelled,0
100587,2023-12-28,CUST1877,Isha Rao,Camera,Electronics,West,Surat,2,38575.22,77150.44,10,7715.04,69435.4,Cash on Delivery,Shipped,0
100588,2024-01-10,CUST3282,Neha Joshi,T-Shirt,Fashion,North,Delhi,4,805.71,3222.84,10,322.28,2900.56,Net Banking,Shipped,0
100589,2024-06-28,CUST2668,Krishna Bhat,Backpack,Accessories,North,Chandigarh,1,1852.31,1852.31,15,277.85,1574.46,Credit Card,Returned,1
100590,2024-01-23,CUST3761,Sai Sharma,Laptop,Electronics,West,Surat,1,40916.78,40916.78,20,8183.36,32733.42,UPI,Cancelled,0
100591,2022-07-28,CUST1265,Pooja Singh,Shoes,Fashion,East,Guwahati,2,4587.87,9175.74,0,0.0,9175.74,Debit Card,Delivered,0
100592,2024-10-19,CUST3431,Ishaan Malhotra,Mobile,Electronics,West,Ahmedabad,1,77366.39,77366.39,10,7736.64,69629.75,Debit Card,Cancelled,0
100593,2022-10-29,CUST1442,Sanjay Pillai,Laptop,Electronics,East,Guwahati,2,91667.55,183335.1,25,45833.78,137501.32,UPI,Delivered,0
100594,2024-10-17,CUST4981,Amit Sharma,Camera,Electronics,North,Chandigarh,1,52696.12,52696.12,0,0.0,52696.12,Cash on Delivery,Cancelled,0
100595,2024-11-30,CUST4247,Sanjay Desai,Headphones,Electronics,South,Hyderabad,1,5278.16,5278.16,0,0.0,5278.16,Cash on Delivery,Returned,1
100596,2022-03-06,CUST2571,Kavya Gupta,Shoes,Fashion,North,Chandigarh,2,2365.33,4730.66,5,236.53,4494.13,Net Banking,Returned,1
100597,2022-12-03,CUST1550,Aadhya Rao,Shoes,Fashion,South,Kochi,2,1101.49,2202.98,5,110.15,2092.83,Credit Card,Cancelled,0
100598,2024-08-20,CUST4499,Aadhya Bhat,Laptop,Electronics,East,Guwahati,4,83352.69,333410.76,10,33341.08,300069.68,Net Banking,Returned,1
100599,2023-08-06,CUST1115,Ananya Verma,Headphones,Electronics,South,Kochi,1,5055.52,5055.52,10,505.55,4549.97,Credit Card,Returned,1
100600,2024-05-26,CUST2687,Diya Chopra,Watch,Fashion,North,Jaipur,2,18860.96,37721.92,0,0.0,37721.92,Credit Card,Delivered,0
100601,2022-08-23,CUST1080,Ananya Singh,Mobile,Electronics,North,Lucknow,1,61494.71,61494.71,10,6149.47,55345.24,Cash on Delivery,Cancelled,0
100602,2024-08-19,CUST2296,Riya Sharma,T-Shirt,Fashion,South,Kochi,3,962.59,2887.77,10,288.78,2598.99,UPI,Shipped,0
100603,2024-10-26,CUST1682,Rakesh Mehta,Mouse,Electronics,East,Patna,3,2078.32,6234.96,0,0.0,6234.96,Debit Card,Delivered,0
100604,2023-03-15,CUST1194,Rohan Nair,Watch,Fashion,South,Kochi,1,16323.57,16323.57,25,4080.89,12242.68,Cash on Delivery,Cancelled,0
100605,2023-11-21,CUST3320,Ishaan Patel,Laptop,Electronics,West,Surat,4,88088.64,352354.56,25,88088.64,264265.92,Net Banking,Shipped,0
100606,2024-06-05,CUST2283,Amit Bhat,T-Shirt,Fashion,South,Chennai,2,461.16,922.32,20,184.46,737.86,Net Banking,Cancelled,0
100607,2024-11-23,CUST3362,Deepa Singh,Keyboard,Electronics,South,Hyderabad,3,2312.91,6938.73,15,1040.81,5897.92,Debit Card,Cancelled,0
100608,2022-05-03,CUST2492,Sara Reddy,Shoes,Fashion,North,Chandigarh,1,4472.39,4472.39,20,894.48,3577.91,UPI,Cancelled,0
100609,2022-05-12,CUST4465,Rahul Reddy,Shoes,Fashion,North,Lucknow,3,5186.97,15560.91,20,3112.18,12448.73,UPI,Delivered,0
100610,2022-11-04,CUST2005,Reyansh Sharma,Mouse,Electronics,North,Jaipur,3,864.18,2592.54,15,388.88,2203.66,UPI,Shipped,0
100611,2023-06-14,CUST3697,Rakesh Nair,Laptop,Electronics,South,Kochi,2,111980.73,223961.46,5,11198.07,212763.39,Credit Card,Shipped,0
100612,2023-09-03,CUST4688,Deepa Patel,T-Shirt,Fashion,North,Delhi,5,1054.47,5272.35,0,0.0,5272.35,Cash on Delivery,Delivered,0
100613,2024-10-21,CUST3137,Suresh Gupta,Mouse,Electronics,West,Mumbai,2,2147.58,4295.16,20,859.03,3436.13,Debit Card,Shipped,0
100614,2024-03-09,CUST4831,Rakesh Iyer,Watch,Fashion,West,Ahmedabad,2,3347.92,6695.84,10,669.58,6026.26,Credit Card,Delivered,0
100615,2022-04-25,CUST2534,Aadhya Bhat,Mouse,Electronics,North,Delhi,1,2433.83,2433.83,10,243.38,2190.45,Credit Card,Cancelled,0
100616,2024-01-24,CUST1086,Priya Joshi,Camera,Electronics,South,Kochi,2,24853.87,49707.74,5,2485.39,47222.35,Debit Card,Delivered,0
100617,2024-01-14,CUST3190,Vikram Gupta,Watch,Fashion,North,Delhi,3,19973.5,59920.5,5,2996.03,56924.47,Net Banking,Delivered,0
100618,2023-04-28,CUST4520,Rohan Reddy,Keyboard,Electronics,West,Surat,1,4342.99,4342.99,25,1085.75,3257.24,Credit Card,Delivered,0
100619,2022-06-14,CUST2929,Priya Desai,Headphones,Electronics,West,Ahmedabad,4,6320.53,25282.12,10,2528.21,22753.91,Cash on Delivery,Delivered,0
100620,2024-11-02,CUST2723,Aditya Chopra,Mouse,Electronics,West,Ahmedabad,3,2228.87,6686.61,20,1337.32,5349.29,Debit Card,Returned,1
100621,2022-10-06,CUST1819,Aarav Agarwal,Watch,Fashion,East,Patna,2,1850.95,3701.9,0,0.0,3701.9,Debit Card,Returned,1
100622,2024-04-20,CUST2849,Rakesh Mehta,Laptop,Electronics,South,Bengaluru,1,56216.3,56216.3,15,8432.44,47783.86,Debit Card,Cancelled,0
100623,2024-04-28,CUST2611,Diya Singh,Shoes,Fashion,West,Pune,1,4749.81,4749.81,20,949.96,3799.85,Credit Card,Shipped,0
100624,2022-07-02,CUST2072,Myra Reddy,Mouse,Electronics,West,Pune,1,350.53,350.53,10,35.05,315.48,Net Banking,Returned,1
100625,2022-08-29,CUST2782,Aarav Kapoor,Headphones,Electronics,North,Chandigarh,3,1874.61,5623.83,25,1405.96,4217.87,Debit Card,Cancelled,0
100626,2024-10-09,CUST2766,Isha Kumar,Shoes,Fashion,West,Surat,1,4895.96,4895.96,5,244.8,4651.16,Credit Card,Delivered,0
100627,2023-06-21,CUST2847,Krishna Yadav,Keyboard,Electronics,East,Patna,3,1257.45,3772.35,5,188.62,3583.73,Debit Card,Shipped,0
100628,2024-02-25,CUST4015,Neha Rao,Keyboard,Electronics,South,Kochi,1,2375.53,2375.53,20,475.11,1900.42,UPI,Returned,1
100629,2022-04-04,CUST3066,Aarav Nair,Watch,Fashion,North,Delhi,3,2440.28,7320.84,25,1830.21,5490.63,UPI,Cancelled,0
100630,2023-06-18,CUST3018,Sai Kapoor,Watch,Fashion,South,Kochi,3,4347.27,13041.81,20,2608.36,10433.45,Cash on Delivery,Returned,1
100631,2022-04-01,CUST4570,Arjun Desai,Mobile,Electronics,West,Pune,1,66530.7,66530.7,10,6653.07,59877.63,Credit Card,Shipped,0
100632,2024-06-11,CUST2292,Vikram Singh,Laptop,Electronics,East,Guwahati,1,109539.59,109539.59,15,16430.94,93108.65,Credit Card,Delivered,0
100633,2022-11-01,CUST1750,Vivaan Iyer,Shoes,Fashion,East,Bhubaneswar,3,6067.98,18203.94,15,2730.59,15473.35,UPI,Shipped,0
100634,2024-01-01,CUST2987,Neha Bhat,Backpack,Accessories,South,Chennai,3,2203.79,6611.37,25,1652.84,4958.53,UPI,Shipped,0
100635,2024-11-07,CUST3307,Priya Nair,Shoes,Fashion,South,Chennai,1,1424.04,1424.04,20,284.81,1139.23,Debit Card,Cancelled,0
100636,2024-10-17,CUST4634,Amit Gupta,Watch,Fashion,North,Delhi,2,14784.75,29569.5,10,2956.95,26612.55,Cash on Delivery,Shipped,0
100637,2022-06-16,CUST2859,Myra Desai,Mobile,Electronics,North,Delhi,2,56817.42,113634.84,25,28408.71,85226.13,Credit Card,Shipped,0
100638,2022-09-22,CUST4283,Reyansh Verma,Laptop,Electronics,East,Kolkata,2,38726.99,77453.98,15,11618.1,65835.88,UPI,Delivered,0
100639,2022-12-31,CUST1365,Krishna Agarwal,Laptop,Electronics,South,Bengaluru,3,81508.28,244524.84,15,36678.73,207846.11,Cash on Delivery,Delivered,0
100640,2024-10-02,CUST4014,Rakesh Rao,Backpack,Accessories,West,Pune,2,2125.51,4251.02,15,637.65,3613.37,Debit Card,Shipped,0
100641,2024-03-05,CUST3306,Aadhya Nair,Laptop,Electronics,West,Pune,2,43169.48,86338.96,10,8633.9,77705.06,Debit Card,Delivered,0
100642,2024-11-17,CUST3770,Ananya Pillai,Watch,Fashion,South,Kochi,4,15810.05,63240.2,10,6324.02,56916.18,UPI,Shipped,0
100643,2024-06-14,CUST2230,Aditya Desai,Keyboard,Electronics,East,Bhubaneswar,5,2609.11,13045.55,15,1956.83,11088.72,Cash on Delivery,Delivered,0
100644,2022-04-03,CUST3091,Sara Gupta,Headphones,Electronics,West,Ahmedabad,4,4566.26,18265.04,5,913.25,17351.79,Cash on Delivery,Returned,1
100645,2024-10-28,CUST4033,Aarav Gupta,Mouse,Electronics,South,Kochi,3,1550.65,4651.95,5,232.6,4419.35,Credit Card,Returned,1
100646,2024-07-20,CUST3555,Sanjay Pillai,Shoes,Fashion,North,Lucknow,4,1153.45,4613.8,10,461.38,4152.42,Credit Card,Delivered,0
100647,2022-08-06,CUST1073,Kavya Bhat,Laptop,Electronics,South,Chennai,1,41648.75,41648.75,25,10412.19,31236.56,Credit Card,Cancelled,0
100648,2023-09-13,CUST2477,Meera Yadav,Backpack,Accessories,South,Bengaluru,1,2297.38,2297.38,15,344.61,1952.77,Net Banking,Returned,1
100649,2023-01-21,CUST1857,Deepa Sharma,Mouse,Electronics,West,Mumbai,1,330.53,330.53,0,0.0,330.53,Cash on Delivery,Returned,1
100650,2024-08-07,CUST2728,Arjun Desai,Shoes,Fashion,East,Bhubaneswar,2,4405.93,8811.86,15,1321.78,7490.08,Debit Card,Shipped,0
100651,2023-05-12,CUST3332,Reyansh Joshi,Backpack,Accessories,North,Lucknow,3,2224.11,6672.33,10,667.23,6005.1,Cash on Delivery,Cancelled,0
100652,2023-08-19,CUST2637,Vivaan Desai,Mouse,Electronics,North,Delhi,1,2164.78,2164.78,10,216.48,1948.3,UPI,Cancelled,0
100653,2022-05-11,CUST4641,Ishaan Rao,Shoes,Fashion,South,Kochi,1,1239.95,1239.95,0,0.0,1239.95,Net Banking,Delivered,0
100654,2024-06-16,CUST1899,Krishna Kapoor,Shoes,Fashion,North,Jaipur,2,3342.89,6685.78,5,334.29,6351.49,Debit Card,Delivered,0
100655,2023-08-24,CUST4931,Pooja Agarwal,Watch,Fashion,West,Ahmedabad,5,21512.2,107561.0,15,16134.15,91426.85,UPI,Shipped,0
100656,2022-06-26,CUST1528,Amit Desai,Mouse,Electronics,West,Ahmedabad,4,2059.46,8237.84,20,1647.57,6590.27,Net Banking,Shipped,0
100657,2022-04-07,CUST4608,Aarav Chopra,Headphones,Electronics,North,Chandigarh,1,3795.09,3795.09,25,948.77,2846.32,Credit Card,Shipped,0
100658,2022-08-22,CUST1494,Meera Iyer,Laptop,Electronics,South,Chennai,1,108054.24,108054.24,10,10805.42,97248.82,Cash on Delivery,Delivered,0
100659,2022-11-06,CUST3475,Deepa Kapoor,T-Shirt,Fashion,North,Jaipur,5,1488.08,7440.4,15,1116.06,6324.34,Net Banking,Shipped,0
100660,2022-07-28,CUST1171,Priya Bhat,Camera,Electronics,East,Guwahati,4,53505.88,214023.52,15,32103.53,181919.99,Cash on Delivery,Cancelled,0
100661,2024-11-02,CUST1631,Aadhya Gupta,T-Shirt,Fashion,North,Delhi,4,1670.93,6683.72,5,334.19,6349.53,Credit Card,Returned,1
100662,2024-08-28,CUST3068,Ananya Joshi,Mobile,Electronics,South,Chennai,1,25353.12,25353.12,25,6338.28,19014.84,Cash on Delivery,Shipped,0
100663,2024-12-20,CUST1565,Kavya Iyer,Headphones,Electronics,North,Jaipur,3,3788.06,11364.18,15,1704.63,9659.55,Debit Card,Shipped,0
100664,2024-06-25,CUST3939,Arjun Sharma,Mouse,Electronics,South,Kochi,4,2394.05,9576.2,10,957.62,8618.58,Credit Card,Cancelled,0
100665,2022-03-17,CUST4696,Amit Kumar,T-Shirt,Fashion,West,Mumbai,2,932.39,1864.78,15,279.72,1585.06,UPI,Shipped,0
100666,2023-10-05,CUST1032,Suresh Chopra,Watch,Fashion,North,Jaipur,2,22281.63,44563.26,15,6684.49,37878.77,Credit Card,Returned,1
100667,2024-06-24,CUST4635,Neha Chopra,Laptop,Electronics,West,Pune,3,72926.07,218778.21,5,10938.91,207839.3,Net Banking,Returned,1
100668,2023-08-05,CUST3095,Reyansh Patel,Mouse,Electronics,West,Ahmedabad,1,1482.35,1482.35,10,148.24,1334.11,Debit Card,Returned,1
100669,2023-05-10,CUST3975,Priya Joshi,T-Shirt,Fashion,South,Hyderabad,4,582.04,2328.16,0,0.0,2328.16,Net Banking,Returned,1
100670,2022-04-08,CUST2838,Sanjay Gupta,Mouse,Electronics,West,Mumbai,3,2151.48,6454.44,5,322.72,6131.72,Net Banking,Delivered,0
100671,2024-12-28,CUST1957,Deepa Yadav,Laptop,Electronics,East,Kolkata,2,118550.8,237101.6,20,47420.32,189681.28,Net Banking,Returned,1
100672,2023-01-30,CUST2860,Priya Chopra,Mobile,Electronics,South,Chennai,3,51093.0,153279.0,5,7663.95,145615.05,Credit Card,Delivered,0
100673,2024-07-02,CUST3772,Aditya Chopra,Camera,Electronics,North,Chandigarh,4,18277.89,73111.56,0,0.0,73111.56,Debit Card,Delivered,0
100674,2024-09-29,CUST4374,Pooja Rao,T-Shirt,Fashion,South,Kochi,4,1197.24,4788.96,15,718.34,4070.62,UPI,Returned,1
100675,2022-08-30,CUST2865,Neha Reddy,Headphones,Electronics,North,Lucknow,2,4095.53,8191.06,25,2047.77,6143.29,Net Banking,Cancelled,0
100676,2022-08-14,CUST3341,Vihaan Chopra,Shoes,Fashion,North,Lucknow,5,2968.26,14841.3,25,3710.32,11130.98,Net Banking,Cancelled,0
100677,2022-10-20,CUST2727,Arjun Malhotra,Laptop,Electronics,North,Lucknow,1,60918.59,60918.59,10,6091.86,54826.73,Credit Card,Delivered,0
100678,2023-12-16,CUST2710,Aditya Verma,Backpack,Accessories,West,Ahmedabad,4,1695.84,6783.36,20,1356.67,5426.69,UPI,Shipped,0
100679,2022-10-11,CUST4119,Sara Pillai,Shoes,Fashion,East,Guwahati,5,5275.56,26377.8,10,2637.78,23740.02,Net Banking,Shipped,0
100680,2023-04-22,CUST2388,Vikram Agarwal,Shoes,Fashion,East,Bhubaneswar,4,2721.21,10884.84,15,1632.73,9252.11,Net Banking,Delivered,0
100681,2023-09-25,CUST3637,Anika Gupta,T-Shirt,Fashion,North,Chandigarh,3,1286.58,3859.74,20,771.95,3087.79,Cash on Delivery,Returned,1
100682,2022-09-04,CUST1736,Amit Bhat,T-Shirt,Fashion,North,Delhi,5,1106.54,5532.7,15,829.9,4702.8,Net Banking,Cancelled,0
100683,2024-12-28,CUST2645,Meera Mehta,Backpack,Accessories,South,Chennai,1,2822.92,2822.92,20,564.58,2258.34,UPI,Shipped,0
100684,2023-06-11,CUST1406,Aditya Gupta,Watch,Fashion,North,Delhi,2,5496.09,10992.18,0,0.0,10992.18,Net Banking,Delivered,0
100685,2022-05-01,CUST1743,Meera Mehta,T-Shirt,Fashion,North,Lucknow,1,1464.04,1464.04,5,73.2,1390.84,UPI,Returned,1
100686,2022-09-05,CUST1981,Vivaan Reddy,Backpack,Accessories,East,Patna,2,1936.1,3872.2,10,387.22,3484.98,Credit Card,Shipped,0
100687,2024-08-09,CUST1268,Anika Rao,Watch,Fashion,East,Guwahati,2,13205.23,26410.46,25,6602.61,19807.85,Credit Card,Shipped,0
100688,2023-05-20,CUST3668,Sanjay Bhat,Shoes,Fashion,North,Lucknow,5,1004.29,5021.45,10,502.14,4519.31,Net Banking,Returned,1
100689,2022-12-11,CUST3201,Rakesh Iyer,Headphones,Electronics,South,Kochi,2,6893.2,13786.4,10,1378.64,12407.76,Debit Card,Delivered,0
100690,2022-12-09,CUST4823,Aarav Verma,Mouse,Electronics,West,Surat,1,2087.82,2087.82,25,521.96,1565.86,Net Banking,Delivered,0
100691,2024-11-11,CUST1661,Rohan Verma,Shoes,Fashion,South,Hyderabad,4,3028.86,12115.44,10,1211.54,10903.9,Debit Card,Returned,1
100692,2024-06-03,CUST3067,Reyansh Yadav,T-Shirt,Fashion,South,Hyderabad,1,1362.72,1362.72,20,272.54,1090.18,Net Banking,Cancelled,0
100693,2023-10-21,CUST2883,Ananya Reddy,Mobile,Electronics,West,Ahmedabad,3,88350.87,265052.61,15,39757.89,225294.72,Credit Card,Shipped,0
100694,2024-04-26,CUST4123,Anika Desai,Watch,Fashion,South,Chennai,3,1248.73,3746.19,10,374.62,3371.57,Cash on Delivery,Returned,1
100695,2023-12-24,CUST4389,Priya Agarwal,Mouse,Electronics,South,Bengaluru,2,2263.66,4527.32,20,905.46,3621.86,UPI,Returned,1
100696,2023-01-31,CUST1907,Myra Sharma,Watch,Fashion,South,Chennai,4,20522.5,82090.0,25,20522.5,61567.5,Cash on Delivery,Delivered,0
100697,2024-10-08,CUST2149,Diya Verma,Backpack,Accessories,East,Patna,1,3077.45,3077.45,15,461.62,2615.83,Debit Card,Shipped,0
100698,2024-10-21,CUST3260,Aadhya Singh,Shoes,Fashion,West,Pune,1,6411.88,6411.88,15,961.78,5450.1,Cash on Delivery,Cancelled,0
100699,2023-04-12,CUST3985,Vikram Kapoor,Keyboard,Electronics,East,Bhubaneswar,1,1012.99,1012.99,0,0.0,1012.99,Credit Card,Cancelled,0
100700,2024-07-18,CUST3625,Aarav Rao,Laptop,Electronics,North,Delhi,5,93903.79,469518.95,10,46951.89,422567.06,Credit Card,Returned,1
100701,2024-01-11,CUST4620,Sara Verma,Backpack,Accessories,West,Ahmedabad,2,3488.74,6977.48,5,348.87,6628.61,Net Banking,Delivered,0
100702,2022-02-21,CUST3824,Pooja Iyer,Keyboard,Electronics,North,Chandigarh,2,1764.97,3529.94,10,352.99,3176.95,Credit Card,Shipped,0
100703,2024-06-03,CUST3427,Rakesh Sharma,Mouse,Electronics,West,Pune,1,1024.29,1024.29,0,0.0,1024.29,Cash on Delivery,Shipped,0
100704,2024-11-30,CUST4864,Rakesh Iyer,Mobile,Electronics,West,Pune,1,28307.1,28307.1,5,1415.36,26891.74,Cash on Delivery,Cancelled,0
100705,2022-03-10,CUST4645,Isha Mehta,Camera,Electronics,West,Surat,4,40013.95,160055.8,10,16005.58,144050.22,Cash on Delivery,Cancelled,0
100706,2022-04-25,CUST2207,Anika Verma,Camera,Electronics,West,Mumbai,5,32676.74,163383.7,5,8169.19,155214.51,UPI,Shipped,0
100707,2024-08-08,CUST4604,Rakesh Rao,Mouse,Electronics,South,Kochi,1,1619.07,1619.07,15,242.86,1376.21,Cash on Delivery,Delivered,0
100708,2023-01-30,CUST1050,Vihaan Gupta,Watch,Fashion,East,Patna,3,17283.47,51850.41,0,0.0,51850.41,Net Banking,Delivered,0
100709,2024-06-29,CUST1563,Sai Iyer,Watch,Fashion,East,Bhubaneswar,5,4198.36,20991.8,10,2099.18,18892.62,Credit Card,Delivered,0
100710,2022-10-26,CUST2264,Arjun Desai,Backpack,Accessories,North,Jaipur,3,2380.19,7140.57,15,1071.09,6069.48,Credit Card,Delivered,0
100711,2024-11-04,CUST4517,Priya Bhat,Watch,Fashion,South,Hyderabad,5,13520.8,67604.0,15,10140.6,57463.4,Debit Card,Shipped,0
100712,2024-09-01,CUST3456,Neha Pillai,Backpack,Accessories,South,Chennai,5,2673.28,13366.4,5,668.32,12698.08,Cash on Delivery,Delivered,0
100713,2022-03-28,CUST4768,Aadhya Iyer,Mobile,Electronics,West,Ahmedabad,3,42914.32,128742.96,5,6437.15,122305.81,UPI,Cancelled,0
100714,2024-02-09,CUST1754,Reyansh Agarwal,Backpack,Accessories,East,Bhubaneswar,2,1690.22,3380.44,10,338.04,3042.4,Credit Card,Cancelled,0
100715,2024-01-08,CUST1815,Vivaan Sharma,Backpack,Accessories,South,Bengaluru,2,2475.79,4951.58,0,0.0,4951.58,UPI,Shipped,0
100716,2023-02-06,CUST4452,Aarav Singh,Keyboard,Electronics,South,Chennai,4,3375.35,13501.4,5,675.07,12826.33,Net Banking,Shipped,0
100717,2023-03-07,CUST1983,Rohan Pillai,Laptop,Electronics,West,Mumbai,4,46665.7,186662.8,15,27999.42,158663.38,Cash on Delivery,Delivered,0
100718,2022-05-14,CUST4615,Vihaan Kumar,Mobile,Electronics,West,Pune,5,88145.25,440726.25,25,110181.56,330544.69,UPI,Cancelled,0
100719,2023-05-16,CUST4125,Suresh Verma,Headphones,Electronics,West,Pune,2,5799.35,11598.7,5,579.93,11018.77,UPI,Cancelled,0
100720,2024-11-06,CUST1857,Riya Desai,Watch,Fashion,East,Patna,4,8998.8,35995.2,0,0.0,35995.2,Credit Card,Cancelled,0
100721,2024-11-28,CUST2318,Myra Singh,Camera,Electronics,West,Mumbai,1,30524.63,30524.63,20,6104.93,24419.7,Net Banking,Delivered,0
100722,2022-03-16,CUST4665,Reyansh Iyer,Mobile,Electronics,South,Kochi,3,49078.15,147234.45,5,7361.72,139872.73,UPI,Returned,1
100723,2024-02-06,CUST1347,Ishaan Bhat,Keyboard,Electronics,South,Chennai,2,1724.0,3448.0,20,689.6,2758.4,Net Banking,Shipped,0
100724,2023-11-20,CUST2915,Kavya Pillai,Headphones,Electronics,East,Patna,2,3331.34,6662.68,10,666.27,5996.41,UPI,Delivered,0
100725,2022-06-05,CUST2206,Diya Patel,Mouse,Electronics,South,Kochi,2,1141.22,2282.44,5,114.12,2168.32,Debit Card,Shipped,0
100726,2023-02-15,CUST3765,Ananya Reddy,T-Shirt,Fashion,South,Bengaluru,4,1693.58,6774.32,0,0.0,6774.32,Cash on Delivery,Delivered,0
100727,2022-01-18,CUST2154,Sanjay Joshi,Mobile,Electronics,North,Jaipur,1,57926.76,57926.76,0,0.0,57926.76,Net Banking,Cancelled,0
100728,2024-11-15,CUST4544,Sanjay Kumar,Mobile,Electronics,West,Surat,5,75570.77,377853.85,15,56678.08,321175.77,Cash on Delivery,Delivered,0
100729,2024-08-02,CUST2282,Ananya Patel,Mouse,Electronics,North,Lucknow,2,1434.82,2869.64,15,430.45,2439.19,UPI,Returned,1
100730,2022-09-20,CUST3047,Rohan Sharma,Keyboard,Electronics,South,Kochi,1,2299.89,2299.89,10,229.99,2069.9,Credit Card,Shipped,0
100731,2022-02-17,CUST4777,Riya Verma,Mobile,Electronics,South,Kochi,2,69962.72,139925.44,15,20988.82,118936.62,Net Banking,Delivered,0
100732,2024-02-20,CUST1260,Reyansh Agarwal,Headphones,Electronics,North,Jaipur,3,6553.85,19661.55,20,3932.31,15729.24,Net Banking,Cancelled,0
100733,2022-08-02,CUST1727,Amit Bhat,T-Shirt,Fashion,South,Kochi,1,1175.8,1175.8,10,117.58,1058.22,Credit Card,Shipped,0
100734,2023-04-23,CUST1286,Rohan Kapoor,Backpack,Accessories,West,Surat,1,1657.7,1657.7,20,331.54,1326.16,UPI,Delivered,0
100735,2022-09-22,CUST2958,Anika Rao,Shoes,Fashion,North,Delhi,1,5714.36,5714.36,10,571.44,5142.92,Debit Card,Cancelled,0
100736,2023-09-28,CUST3058,Riya Reddy,Camera,Electronics,South,Chennai,1,23227.08,23227.08,10,2322.71,20904.37,UPI,Shipped,0
100737,2024-12-12,CUST4601,Ananya Malhotra,Shoes,Fashion,South,Bengaluru,5,3396.1,16980.5,20,3396.1,13584.4,Net Banking,Cancelled,0
100738,2023-09-02,CUST4372,Isha Yadav,Shoes,Fashion,South,Bengaluru,3,2512.31,7536.93,20,1507.39,6029.54,UPI,Delivered,0
100739,2022-07-15,CUST1981,Isha Verma,Headphones,Electronics,South,Chennai,4,6079.36,24317.44,10,2431.74,21885.7,Debit Card,Returned,1
100740,2024-04-22,CUST1496,Sanjay Bhat,Headphones,Electronics,South,Hyderabad,3,1280.56,3841.68,15,576.25,3265.43,Debit Card,Cancelled,0
100741,2024-11-02,CUST1109,Vivaan Pillai,Mobile,Electronics,North,Delhi,2,72140.36,144280.72,10,14428.07,129852.65,Debit Card,Shipped,0
100742,2023-05-29,CUST2339,Vihaan Kumar,Camera,Electronics,East,Guwahati,2,44838.3,89676.6,20,17935.32,71741.28,UPI,Shipped,0
100743,2023-07-26,CUST1698,Priya Singh,Shoes,Fashion,South,Bengaluru,1,4579.33,4579.33,15,686.9,3892.43,UPI,Shipped,0
100744,2022-01-23,CUST1628,Amit Nair,Backpack,Accessories,East,Bhubaneswar,1,2429.7,2429.7,10,242.97,2186.73,Cash on Delivery,Returned,1
100745,2024-12-06,CUST2599,Rahul Gupta,Shoes,Fashion,South,Chennai,3,5899.05,17697.15,10,1769.71,15927.44,UPI,Returned,1
100746,2023-05-04,CUST1065,Reyansh Patel,Laptop,Electronics,South,Bengaluru,1,67078.62,67078.62,5,3353.93,63724.69,Debit Card,Delivered,0
100747,2022-07-17,CUST3965,Rakesh Singh,Mouse,Electronics,North,Delhi,2,722.73,1445.46,15,216.82,1228.64,Debit Card,Cancelled,0
100748,2024-03-20,CUST1951,Kavya Gupta,Headphones,Electronics,North,Delhi,4,3123.29,12493.16,15,1873.97,10619.19,Net Banking,Shipped,0
100749,2023-03-27,CUST3662,Aditya Nair,Keyboard,Electronics,North,Jaipur,1,2108.56,2108.56,5,105.43,2003.13,UPI,Shipped,0
100750,2022-07-28,CUST4241,Neha Bhat,Watch,Fashion,South,Bengaluru,4,10984.1,43936.4,15,6590.46,37345.94,UPI,Cancelled,0
100751,2023-10-14,CUST1276,Deepa Desai,Watch,Fashion,North,Delhi,3,24557.7,73673.1,15,11050.97,62622.13,Debit Card,Delivered,0
100752,2022-01-28,CUST3524,Krishna Sharma,Mobile,Electronics,North,Chandigarh,2,60887.95,121775.9,5,6088.8,115687.1,Net Banking,Returned,1
100753,2023-02-18,CUST1837,Arjun Agarwal,Camera,Electronics,South,Kochi,4,39790.65,159162.6,0,0.0,159162.6,Credit Card,Delivered,0
100754,2024-04-29,CUST4074,Rahul Joshi,Backpack,Accessories,North,Chandigarh,3,1955.99,5867.97,5,293.4,5574.57,Cash on Delivery,Returned,1
100755,2023-04-01,CUST3135,Meera Agarwal,Backpack,Accessories,North,Jaipur,2,1673.38,3346.76,0,0.0,3346.76,Debit Card,Cancelled,0
100756,2022-10-17,CUST1375,Reyansh Kumar,Mobile,Electronics,North,Delhi,1,48823.03,48823.03,25,12205.76,36617.27,Cash on Delivery,Returned,1
100757,2023-02-09,CUST1722,Krishna Rao,Headphones,Electronics,East,Bhubaneswar,1,1362.78,1362.78,15,204.42,1158.36,Credit Card,Shipped,0
100758,2024-01-07,CUST1687,Isha Agarwal,Watch,Fashion,North,Jaipur,3,24231.87,72695.61,5,3634.78,69060.83,UPI,Shipped,0
100759,2024-05-25,CUST4108,Deepa Patel,Shoes,Fashion,South,Kochi,4,5489.78,21959.12,15,3293.87,18665.25,Cash on Delivery,Returned,1
100760,2024-02-08,CUST2969,Anika Yadav,Laptop,Electronics,East,Bhubaneswar,3,49934.44,149803.32,10,14980.33,134822.99,Credit Card,Delivered,0
100761,2024-02-06,CUST4791,Aadhya Agarwal,Camera,Electronics,South,Kochi,1,51645.28,51645.28,0,0.0,51645.28,Net Banking,Returned,1
100762,2022-03-21,CUST2576,Suresh Gupta,Mouse,Electronics,West,Ahmedabad,2,977.18,1954.36,25,488.59,1465.77,Cash on Delivery,Delivered,0
100763,2024-09-27,CUST3852,Rahul Chopra,Watch,Fashion,North,Chandigarh,5,19556.24,97781.2,15,14667.18,83114.02,Credit Card,Delivered,0
100764,2022-02-27,CUST2070,Neha Kumar,Backpack,Accessories,East,Guwahati,3,1757.41,5272.23,0,0.0,5272.23,Credit Card,Returned,1
100765,2022-07-09,CUST2628,Rahul Agarwal,Watch,Fashion,South,Chennai,1,15531.15,15531.15,25,3882.79,11648.36,Debit Card,Shipped,0
100766,2023-09-11,CUST3697,Sara Bhat,Watch,Fashion,West,Mumbai,2,5693.99,11387.98,10,1138.8,10249.18,UPI,Shipped,0
100767,2023-12-07,CUST2101,Priya Kumar,Mouse,Electronics,East,Guwahati,4,2333.51,9334.04,20,1866.81,7467.23,Cash on Delivery,Returned,1
100768,2022-05-24,CUST3150,Sanjay Rao,Keyboard,Electronics,West,Surat,3,525.68,1577.04,5,78.85,1498.19,UPI,Shipped,0
100769,2024-10-26,CUST3322,Vihaan Pillai,Mouse,Electronics,East,Guwahati,1,1124.23,1124.23,15,168.63,955.6,Debit Card,Delivered,0
100770,2022-08-12,CUST1326,Deepa Singh,Keyboard,Electronics,North,Delhi,3,3736.71,11210.13,5,560.51,10649.62,UPI,Delivered,0
100771,2022-07-26,CUST2089,Aarav Verma,Laptop,Electronics,North,Delhi,1,64082.91,64082.91,10,6408.29,57674.62,UPI,Delivered,0
100772,2023-06-29,CUST2938,Suresh Desai,Backpack,Accessories,East,Kolkata,1,2401.37,2401.37,0,0.0,2401.37,Net Banking,Returned,1
100773,2024-03-27,CUST1234,Isha Yadav,Mobile,Electronics,East,Patna,2,81102.33,162204.66,25,40551.17,121653.49,Debit Card,Cancelled,0
100774,2022-09-09,CUST2144,Deepa Kapoor,Mobile,Electronics,West,Mumbai,1,79513.86,79513.86,10,7951.39,71562.47,Debit Card,Shipped,0
100775,2024-01-08,CUST4971,Deepa Verma,Keyboard,Electronics,South,Kochi,2,3140.91,6281.82,0,0.0,6281.82,Credit Card,Shipped,0
100776,2024-09-02,CUST4007,Amit Gupta,Mobile,Electronics,East,Bhubaneswar,3,41413.38,124240.14,15,18636.02,105604.12,Cash on Delivery,Delivered,0
100777,2024-10-16,CUST2234,Rakesh Patel,Mouse,Electronics,South,Chennai,3,2213.69,6641.07,20,1328.21,5312.86,Net Banking,Shipped,0
100778,2023-03-10,CUST1432,Sai Patel,T-Shirt,Fashion,West,Surat,1,997.12,997.12,0,0.0,997.12,Net Banking,Shipped,0
100779,2023-06-12,CUST4897,Amit Desai,Mouse,Electronics,West,Mumbai,1,2343.73,2343.73,20,468.75,1874.98,Credit Card,Shipped,0
100780,2022-05-13,CUST2544,Rahul Mehta,Camera,Electronics,East,Guwahati,1,42671.38,42671.38,20,8534.28,34137.1,Net Banking,Returned,1
100781,2023-11-28,CUST4838,Pooja Malhotra,Mouse,Electronics,East,Guwahati,4,791.81,3167.24,0,0.0,3167.24,Cash on Delivery,Shipped,0
100782,2022-01-04,CUST3416,Rohan Verma,Keyboard,Electronics,East,Kolkata,3,1009.67,3029.01,5,151.45,2877.56,UPI,Returned,1
100783,2023-03-31,CUST1037,Vihaan Agarwal,T-Shirt,Fashion,North,Chandigarh,5,813.48,4067.4,10,406.74,3660.66,Debit Card,Delivered,0
100784,2022-10-29,CUST1597,Meera Joshi,T-Shirt,Fashion,West,Ahmedabad,1,1717.19,1717.19,20,343.44,1373.75,UPI,Returned,1
100785,2023-03-18,CUST3884,Aadhya Joshi,Backpack,Accessories,East,Patna,2,2783.78,5567.56,5,278.38,5289.18,Net Banking,Delivered,0
100786,2022-04-18,CUST4509,Suresh Singh,Mouse,Electronics,North,Jaipur,1,1876.89,1876.89,20,375.38,1501.51,Debit Card,Returned,1
100787,2023-11-23,CUST2426,Kavya Desai,Shoes,Fashion,East,Patna,5,4591.8,22959.0,20,4591.8,18367.2,Cash on Delivery,Returned,1
100788,2022-09-26,CUST4546,Ananya Malhotra,Mouse,Electronics,South,Hyderabad,1,2330.74,2330.74,15,349.61,1981.13,Net Banking,Delivered,0
100789,2022-10-24,CUST4294,Reyansh Reddy,Backpack,Accessories,West,Ahmedabad,2,1576.5,3153.0,0,0.0,3153.0,UPI,Delivered,0
100790,2024-05-24,CUST4792,Amit Singh,Keyboard,Electronics,East,Kolkata,2,3924.57,7849.14,0,0.0,7849.14,Debit Card,Delivered,0
100791,2022-11-01,CUST2003,Rahul Agarwal,Backpack,Accessories,North,Chandigarh,1,1320.69,1320.69,25,330.17,990.52,Credit Card,Returned,1
100792,2022-07-03,CUST4542,Sanjay Pillai,Backpack,Accessories,North,Chandigarh,2,2782.36,5564.72,25,1391.18,4173.54,UPI,Cancelled,0
100793,2024-11-09,CUST3403,Krishna Sharma,Mouse,Electronics,South,Kochi,2,564.0,1128.0,0,0.0,1128.0,UPI,Returned,1
100794,2024-06-07,CUST1512,Rohan Malhotra,Watch,Fashion,West,Surat,1,18939.55,18939.55,15,2840.93,16098.62,Debit Card,Delivered,0
100795,2024-12-21,CUST3125,Aadhya Patel,Camera,Electronics,South,Chennai,2,43029.68,86059.36,10,8605.94,77453.42,Net Banking,Cancelled,0
100796,2023-01-04,CUST2831,Aarav Bhat,Watch,Fashion,South,Bengaluru,4,6137.64,24550.56,15,3682.58,20867.98,Cash on Delivery,Shipped,0
100797,2022-03-13,CUST3073,Aditya Gupta,Mobile,Electronics,North,Lucknow,3,61863.88,185591.64,0,0.0,185591.64,Credit Card,Cancelled,0
100798,2024-11-29,CUST3699,Vikram Joshi,Laptop,Electronics,South,Chennai,2,115344.42,230688.84,0,0.0,230688.84,Credit Card,Shipped,0
100799,2024-11-11,CUST3714,Reyansh Gupta,T-Shirt,Fashion,South,Kochi,3,1107.87,3323.61,25,830.9,2492.71,Credit Card,Returned,1
100800,2023-03-19,CUST2136,Riya Chopra,Backpack,Accessories,North,Lucknow,1,3169.0,3169.0,5,158.45,3010.55,Debit Card,Returned,1
100801,2022-06-20,CUST4851,Ishaan Rao,Headphones,Electronics,East,Guwahati,1,2635.77,2635.77,10,263.58,2372.19,Debit Card,Delivered,0
100802,2024-11-13,CUST2719,Meera Singh,Headphones,Electronics,South,Bengaluru,3,2739.68,8219.04,15,1232.86,6986.18,Debit Card,Returned,1
100803,2022-08-14,CUST2666,Amit Bhat,Headphones,Electronics,South,Kochi,2,7740.93,15481.86,5,774.09,14707.77,Credit Card,Shipped,0
100804,2022-07-20,CUST2550,Isha Iyer,Camera,Electronics,South,Bengaluru,2,28340.69,56681.38,5,2834.07,53847.31,Debit Card,Delivered,0
100805,2023-12-16,CUST4544,Neha Malhotra,Camera,Electronics,West,Mumbai,1,44133.1,44133.1,5,2206.66,41926.44,UPI,Shipped,0
100806,2024-12-24,CUST4612,Anika Yadav,Laptop,Electronics,South,Bengaluru,4,49513.53,198054.12,25,49513.53,148540.59,UPI,Shipped,0
100807,2023-07-02,CUST3897,Vivaan Chopra,Mouse,Electronics,South,Chennai,1,1810.65,1810.65,15,271.6,1539.05,Debit Card,Shipped,0
100808,2023-07-19,CUST4857,Kavya Kapoor,Keyboard,Electronics,East,Guwahati,3,1232.42,3697.26,25,924.32,2772.94,UPI,Delivered,0
100809,2022-06-07,CUST4870,Pooja Iyer,Keyboard,Electronics,South,Bengaluru,5,2126.06,10630.3,5,531.51,10098.79,Cash on Delivery,Returned,1
100810,2024-05-18,CUST4819,Amit Kapoor,Camera,Electronics,North,Delhi,1,26434.03,26434.03,25,6608.51,19825.52,Cash on Delivery,Cancelled,0
100811,2024-12-30,CUST2000,Pooja Chopra,Headphones,Electronics,South,Bengaluru,2,5237.26,10474.52,20,2094.9,8379.62,Cash on Delivery,Returned,1
100812,2022-12-25,CUST4438,Aditya Chopra,T-Shirt,Fashion,East,Kolkata,3,1748.74,5246.22,15,786.93,4459.29,Net Banking,Cancelled,0
100813,2023-05-27,CUST4484,Priya Bhat,Headphones,Electronics,South,Bengaluru,2,3529.48,7058.96,10,705.9,6353.06,Cash on Delivery,Delivered,0
100814,2023-09-17,CUST4382,Suresh Kapoor,Camera,Electronics,South,Kochi,1,23522.64,23522.64,15,3528.4,19994.24,Net Banking,Delivered,0
100815,2022-01-11,CUST2646,Diya Singh,Backpack,Accessories,West,Surat,1,1213.55,1213.55,10,121.36,1092.19,Credit Card,Delivered,0
100816,2024-09-25,CUST4151,Aarav Kumar,Mobile,Electronics,North,Chandigarh,2,15864.25,31728.5,10,3172.85,28555.65,Debit Card,Delivered,0
100817,2022-08-11,CUST1662,Myra Pillai,Laptop,Electronics,North,Chandigarh,2,65982.13,131964.26,20,26392.85,105571.41,Net Banking,Cancelled,0
100818,2022-03-24,CUST2724,Arjun Agarwal,Headphones,Electronics,South,Kochi,1,7161.75,7161.75,15,1074.26,6087.49,Cash on Delivery,Shipped,0
100819,2024-09-28,CUST4276,Anika Desai,Mobile,Electronics,West,Pune,3,85818.44,257455.32,25,64363.83,193091.49,Credit Card,Shipped,0
100820,2022-08-09,CUST1516,Rakesh Sharma,Headphones,Electronics,South,Kochi,2,7449.64,14899.28,20,2979.86,11919.42,UPI,Shipped,0
100821,2022-01-17,CUST2185,Kavya Desai,Headphones,Electronics,South,Bengaluru,4,2502.84,10011.36,15,1501.7,8509.66,Credit Card,Delivered,0
100822,2022-08-24,CUST3871,Deepa Nair,Laptop,Electronics,South,Kochi,1,47962.14,47962.14,10,4796.21,43165.93,Debit Card,Delivered,0
100823,2023-01-22,CUST3576,Deepa Malhotra,Keyboard,Electronics,East,Guwahati,1,3325.84,3325.84,20,665.17,2660.67,Net Banking,Returned,1
100824,2023-02-13,CUST2557,Aditya Verma,Headphones,Electronics,North,Lucknow,2,2771.8,5543.6,5,277.18,5266.42,Debit Card,Delivered,0
100825,2023-09-16,CUST2489,Vihaan Nair,Mouse,Electronics,South,Chennai,1,1237.37,1237.37,0,0.0,1237.37,UPI,Returned,1
100826,2023-10-21,CUST2933,Reyansh Joshi,Laptop,Electronics,West,Surat,1,111084.03,111084.03,5,5554.2,105529.83,Cash on Delivery,Shipped,0
100827,2022-07-18,CUST3797,Amit Sharma,Laptop,Electronics,West,Mumbai,2,56442.36,112884.72,10,11288.47,101596.25,Credit Card,Delivered,0
100828,2024-02-01,CUST1860,Krishna Nair,T-Shirt,Fashion,West,Pune,2,1424.87,2849.74,10,284.97,2564.77,Net Banking,Returned,1
100829,2023-01-26,CUST4790,Reyansh Pillai,Watch,Fashion,South,Bengaluru,1,18873.58,18873.58,0,0.0,18873.58,Net Banking,Cancelled,0
100830,2022-03-31,CUST2712,Arjun Reddy,Camera,Electronics,North,Jaipur,2,33967.94,67935.88,15,10190.38,57745.5,Net Banking,Returned,1
100831,2024-05-08,CUST4239,Sara Kapoor,T-Shirt,Fashion,East,Patna,4,1000.3,4001.2,15,600.18,3401.02,UPI,Shipped,0
100832,2023-01-25,CUST3027,Pooja Agarwal,Backpack,Accessories,North,Jaipur,3,1496.55,4489.65,0,0.0,4489.65,Net Banking,Shipped,0
100833,2023-07-11,CUST1014,Reyansh Singh,T-Shirt,Fashion,West,Mumbai,1,1438.56,1438.56,10,143.86,1294.7,UPI,Delivered,0
100834,2023-03-28,CUST3261,Rohan Nair,Headphones,Electronics,East,Kolkata,4,6492.66,25970.64,10,2597.06,23373.58,Net Banking,Shipped,0
100835,2023-07-08,CUST3631,Deepa Verma,Camera,Electronics,North,Delhi,2,26673.73,53347.46,15,8002.12,45345.34,Credit Card,Cancelled,0
100836,2023-10-27,CUST2081,Aditya Bhat,Keyboard,Electronics,West,Pune,2,505.6,1011.2,5,50.56,960.64,Net Banking,Cancelled,0
100837,2023-07-27,CUST4979,Sai Nair,Headphones,Electronics,South,Hyderabad,2,1212.3,2424.6,20,484.92,1939.68,Credit Card,Shipped,0
100838,2023-02-27,CUST1903,Priya Pillai,Backpack,Accessories,South,Bengaluru,3,2782.67,8348.01,25,2087.0,6261.01,Credit Card,Cancelled,0
100839,2024-09-08,CUST1743,Aditya Desai,Mobile,Electronics,North,Chandigarh,1,27769.57,27769.57,15,4165.44,23604.13,Credit Card,Shipped,0
100840,2022-11-30,CUST4348,Vikram Singh,Shoes,Fashion,North,Lucknow,1,3646.9,3646.9,15,547.03,3099.87,Credit Card,Shipped,0
100841,2024-12-14,CUST3471,Arjun Sharma,Mouse,Electronics,East,Bhubaneswar,1,458.51,458.51,5,22.93,435.58,UPI,Shipped,0
100842,2022-06-21,CUST4844,Ishaan Kumar,Camera,Electronics,South,Bengaluru,1,15542.08,15542.08,20,3108.42,12433.66,Cash on Delivery,Shipped,0
100843,2022-06-24,CUST2967,Reyansh Kumar,Watch,Fashion,North,Delhi,5,3730.87,18654.35,15,2798.15,15856.2,Credit Card,Cancelled,0
100844,2022-09-10,CUST1421,Aarav Verma,Watch,Fashion,West,Pune,2,12598.02,25196.04,5,1259.8,23936.24,Net Banking,Returned,1
100845,2023-12-25,CUST1925,Rahul Joshi,T-Shirt,Fashion,South,Kochi,1,1672.64,1672.64,0,0.0,1672.64,UPI,Delivered,0
100846,2023-11-15,CUST4781,Vihaan Chopra,Mouse,Electronics,East,Kolkata,2,2479.69,4959.38,5,247.97,4711.41,Credit Card,Delivered,0
100847,2023-09-10,CUST2426,Meera Joshi,Camera,Electronics,West,Pune,1,36219.23,36219.23,10,3621.92,32597.31,UPI,Shipped,0
100848,2022-11-01,CUST2311,Sanjay Kumar,Camera,Electronics,South,Kochi,3,52315.27,156945.81,20,31389.16,125556.65,Cash on Delivery,Cancelled,0
100849,2023-10-24,CUST4143,Arjun Singh,Headphones,Electronics,South,Kochi,4,1614.78,6459.12,10,645.91,5813.21,Credit Card,Shipped,0
100850,2023-05-19,CUST3250,Isha Rao,Mouse,Electronics,South,Kochi,2,1825.53,3651.06,10,365.11,3285.95,Credit Card,Shipped,0
100851,2024-12-15,CUST3879,Riya Iyer,Shoes,Fashion,South,Kochi,2,5499.86,10999.72,10,1099.97,9899.75,Net Banking,Returned,1
100852,2022-08-14,CUST2478,Vivaan Chopra,Camera,Electronics,North,Delhi,1,49023.8,49023.8,10,4902.38,44121.42,UPI,Cancelled,0
100853,2023-04-05,CUST1480,Vivaan Kumar,Headphones,Electronics,South,Chennai,4,4770.8,19083.2,25,4770.8,14312.4,UPI,Shipped,0
100854,2022-06-01,CUST4565,Aadhya Yadav,Headphones,Electronics,South,Bengaluru,3,3857.9,11573.7,0,0.0,11573.7,Cash on Delivery,Returned,1
100855,2023-01-09,CUST4064,Aadhya Kumar,Headphones,Electronics,North,Jaipur,1,2564.33,2564.33,0,0.0,2564.33,UPI,Shipped,0
100856,2022-11-16,CUST3474,Vivaan Verma,T-Shirt,Fashion,East,Patna,2,1397.71,2795.42,10,279.54,2515.88,Cash on Delivery,Delivered,0
100857,2023-06-13,CUST3055,Suresh Malhotra,Headphones,Electronics,South,Bengaluru,2,3850.07,7700.14,25,1925.04,5775.1,UPI,Returned,1
100858,2022-09-14,CUST2640,Pooja Reddy,Laptop,Electronics,East,Guwahati,5,58105.35,290526.75,0,0.0,290526.75,UPI,Cancelled,0
100859,2024-08-17,CUST3673,Aadhya Mehta,Watch,Fashion,North,Chandigarh,1,18954.7,18954.7,10,1895.47,17059.23,Cash on Delivery,Cancelled,0
100860,2022-06-09,CUST4189,Diya Yadav,Mouse,Electronics,West,Pune,1,1117.25,1117.25,10,111.72,1005.53,Credit Card,Shipped,0
100861,2023-09-26,CUST1826,Reyansh Bhat,Mobile,Electronics,North,Jaipur,1,17623.63,17623.63,5,881.18,16742.45,Cash on Delivery,Returned,1
100862,2023-10-07,CUST1034,Aditya Joshi,Backpack,Accessories,North,Delhi,5,2499.03,12495.15,10,1249.52,11245.63,UPI,Shipped,0
100863,2022-07-19,CUST4672,Ananya Rao,Mobile,Electronics,East,Guwahati,2,34472.27,68944.54,10,6894.45,62050.09,Credit Card,Cancelled,0
100864,2022-11-07,CUST1322,Amit Pillai,T-Shirt,Fashion,North,Lucknow,1,1504.3,1504.3,10,150.43,1353.87,Cash on Delivery,Delivered,0
100865,2024-10-24,CUST3668,Sara Yadav,Camera,Electronics,West,Pune,4,47299.04,189196.16,15,28379.42,160816.74,Debit Card,Cancelled,0
100866,2024-06-01,CUST1979,Vivaan Agarwal,T-Shirt,Fashion,West,Ahmedabad,2,540.24,1080.48,5,54.02,1026.46,Net Banking,Cancelled,0
100867,2022-10-20,CUST3241,Sanjay Joshi,Keyboard,Electronics,West,Mumbai,5,2767.6,13838.0,25,3459.5,10378.5,Cash on Delivery,Cancelled,0
100868,2023-12-25,CUST1733,Aditya Patel,Camera,Electronics,South,Kochi,2,52362.24,104724.48,5,5236.22,99488.26,Credit Card,Returned,1
100869,2024-09-26,CUST4518,Vivaan Chopra,Shoes,Fashion,North,Chandigarh,5,5173.62,25868.1,10,2586.81,23281.29,Debit Card,Cancelled,0
100870,2024-04-26,CUST2076,Sara Pillai,Laptop,Electronics,South,Chennai,2,78560.74,157121.48,15,23568.22,133553.26,Credit Card,Delivered,0
100871,2022-08-04,CUST1648,Rohan Agarwal,Backpack,Accessories,East,Kolkata,3,1763.08,5289.24,20,1057.85,4231.39,Cash on Delivery,Shipped,0
100872,2024-12-31,CUST1446,Vikram Pillai,Watch,Fashion,South,Bengaluru,1,22004.98,22004.98,15,3300.75,18704.23,Credit Card,Delivered,0
100873,2022-05-13,CUST3475,Ananya Mehta,Camera,Electronics,North,Delhi,5,51899.63,259498.15,15,38924.72,220573.43,Debit Card,Delivered,0
100874,2023-03-14,CUST1128,Ananya Malhotra,Shoes,Fashion,North,Chandigarh,1,3445.64,3445.64,10,344.56,3101.08,UPI,Shipped,0
100875,2023-03-10,CUST4902,Deepa Sharma,Watch,Fashion,West,Mumbai,5,9803.53,49017.65,10,4901.77,44115.88,UPI,Shipped,0
100876,2024-07-13,CUST3149,Deepa Rao,Mouse,Electronics,North,Lucknow,1,452.37,452.37,10,45.24,407.13,Credit Card,Cancelled,0
100877,2023-09-01,CUST2430,Sai Reddy,Keyboard,Electronics,East,Patna,1,714.97,714.97,20,142.99,571.98,UPI,Delivered,0
100878,2022-01-21,CUST1813,Anika Yadav,Mouse,Electronics,South,Chennai,5,1260.92,6304.6,20,1260.92,5043.68,Net Banking,Delivered,0
100879,2024-07-28,CUST3045,Suresh Kumar,Camera,Electronics,East,Bhubaneswar,2,54454.72,108909.44,25,27227.36,81682.08,Credit Card,Shipped,0
100880,2022-07-19,CUST4054,Vivaan Reddy,Mobile,Electronics,North,Chandigarh,1,67505.17,67505.17,25,16876.29,50628.88,Debit Card,Returned,1
100881,2022-01-30,CUST1066,Diya Chopra,Keyboard,Electronics,South,Chennai,3,1364.55,4093.65,5,204.68,3888.97,Debit Card,Cancelled,0
100882,2024-05-22,CUST1464,Sara Mehta,Laptop,Electronics,West,Mumbai,3,90157.49,270472.47,10,27047.25,243425.22,UPI,Delivered,0
100883,2024-06-14,CUST3875,Rahul Joshi,Headphones,Electronics,South,Hyderabad,1,5083.22,5083.22,10,508.32,4574.9,UPI,Delivered,0
100884,2024-04-22,CUST4071,Vihaan Desai,Watch,Fashion,West,Mumbai,5,20381.37,101906.85,0,0.0,101906.85,Cash on Delivery,Returned,1
100885,2023-03-10,CUST3259,Krishna Pillai,Watch,Fashion,West,Mumbai,3,13180.0,39540.0,20,7908.0,31632.0,Credit Card,Cancelled,0
100886,2024-03-21,CUST4203,Aarav Chopra,Mouse,Electronics,North,Chandigarh,5,1071.35,5356.75,15,803.51,4553.24,UPI,Delivered,0
100887,2022-01-09,CUST1133,Vikram Rao,Keyboard,Electronics,South,Hyderabad,4,1558.0,6232.0,20,1246.4,4985.6,UPI,Returned,1
100888,2024-05-30,CUST4987,Krishna Bhat,Backpack,Accessories,North,Jaipur,4,2393.62,9574.48,15,1436.17,8138.31,Credit Card,Delivered,0
100889,2024-03-10,CUST2651,Pooja Singh,Mouse,Electronics,North,Chandigarh,4,2062.93,8251.72,10,825.17,7426.55,Debit Card,Cancelled,0
100890,2024-03-13,CUST4429,Priya Nair,Mobile,Electronics,South,Kochi,1,66512.01,66512.01,0,0.0,66512.01,Cash on Delivery,Returned,1
100891,2022-06-11,CUST1103,Riya Agarwal,T-Shirt,Fashion,North,Jaipur,1,485.23,485.23,10,48.52,436.71,Net Banking,Shipped,0
100892,2023-05-18,CUST4155,Pooja Agarwal,Headphones,Electronics,West,Ahmedabad,1,5498.16,5498.16,5,274.91,5223.25,Debit Card,Returned,1
100893,2022-08-16,CUST1502,Myra Yadav,Laptop,Electronics,East,Patna,1,47220.41,47220.41,0,0.0,47220.41,Net Banking,Cancelled,0
100894,2023-03-02,CUST3011,Isha Gupta,Camera,Electronics,North,Jaipur,4,18711.09,74844.36,10,7484.44,67359.92,Credit Card,Cancelled,0
100895,2024-07-12,CUST1736,Rakesh Singh,Backpack,Accessories,South,Kochi,5,1375.52,6877.6,15,1031.64,5845.96,UPI,Cancelled,0
100896,2023-12-12,CUST3457,Aadhya Yadav,Laptop,Electronics,North,Lucknow,3,88653.14,265959.42,20,53191.88,212767.54,Cash on Delivery,Cancelled,0
100897,2022-11-09,CUST1470,Reyansh Chopra,T-Shirt,Fashion,North,Jaipur,5,629.63,3148.15,0,0.0,3148.15,Cash on Delivery,Delivered,0
100898,2023-02-13,CUST3900,Aditya Chopra,Keyboard,Electronics,North,Lucknow,1,3410.98,3410.98,25,852.75,2558.23,Credit Card,Delivered,0
100899,2023-05-28,CUST3814,Sai Reddy,T-Shirt,Fashion,East,Guwahati,3,1068.91,3206.73,10,320.67,2886.06,UPI,Cancelled,0
100900,2024-09-26,CUST2735,Kavya Pillai,Laptop,Electronics,West,Mumbai,3,100148.15,300444.45,5,15022.22,285422.23,Debit Card,Cancelled,0
100901,2022-05-12,CUST4643,Myra Singh,Watch,Fashion,East,Patna,3,15653.64,46960.92,10,4696.09,42264.83,Net Banking,Delivered,0
100902,2022-03-03,CUST4313,Vihaan Singh,Backpack,Accessories,West,Ahmedabad,3,1874.99,5624.97,20,1124.99,4499.98,Net Banking,Delivered,0
100903,2023-10-06,CUST2304,Vihaan Sharma,Mobile,Electronics,South,Chennai,2,14883.87,29767.74,15,4465.16,25302.58,Credit Card,Shipped,0
100904,2023-08-04,CUST3159,Meera Reddy,Backpack,Accessories,East,Bhubaneswar,2,3029.05,6058.1,20,1211.62,4846.48,Net Banking,Shipped,0
100905,2024-05-13,CUST2301,Amit Rao,Keyboard,Electronics,North,Jaipur,3,4285.08,12855.24,20,2571.05,10284.19,Cash on Delivery,Returned,1
100906,2024-07-16,CUST2338,Sai Yadav,Mobile,Electronics,North,Delhi,4,49390.73,197562.92,25,49390.73,148172.19,UPI,Shipped,0
100907,2023-08-06,CUST1151,Arjun Agarwal,Watch,Fashion,South,Bengaluru,1,16519.27,16519.27,20,3303.85,13215.42,Cash on Delivery,Cancelled,0
100908,2023-07-17,CUST2639,Ananya Chopra,T-Shirt,Fashion,West,Mumbai,2,373.59,747.18,10,74.72,672.46,UPI,Returned,1
100909,2022-09-06,CUST4840,Priya Chopra,Camera,Electronics,South,Hyderabad,2,16882.91,33765.82,5,1688.29,32077.53,UPI,Delivered,0
100910,2024-06-11,CUST1360,Krishna Singh,Watch,Fashion,North,Lucknow,1,1447.43,1447.43,0,0.0,1447.43,Credit Card,Cancelled,0
100911,2022-03-30,CUST4879,Vihaan Verma,Keyboard,Electronics,East,Patna,4,2650.23,10600.92,0,0.0,10600.92,Cash on Delivery,Shipped,0
100912,2024-08-01,CUST2307,Vihaan Kumar,Laptop,Electronics,North,Jaipur,3,102288.37,306865.11,10,30686.51,276178.6,Debit Card,Cancelled,0
100913,2024-09-30,CUST4164,Ishaan Mehta,Headphones,Electronics,East,Guwahati,3,5611.29,16833.87,10,1683.39,15150.48,Debit Card,Returned,1
100914,2023-02-26,CUST1307,Neha Patel,Shoes,Fashion,North,Jaipur,4,4883.74,19534.96,10,1953.5,17581.46,Debit Card,Returned,1
100915,2023-03-04,CUST4119,Priya Malhotra,Shoes,Fashion,North,Delhi,3,3521.64,10564.92,10,1056.49,9508.43,UPI,Shipped,0
100916,2022-08-05,CUST1896,Suresh Kumar,T-Shirt,Fashion,South,Hyderabad,4,802.15,3208.6,10,320.86,2887.74,Debit Card,Cancelled,0
100917,2024-05-16,CUST4897,Sai Joshi,Mobile,Electronics,South,Kochi,4,50590.59,202362.36,15,30354.35,172008.01,Debit Card,Shipped,0
100918,2023-01-19,CUST2950,Ishaan Sharma,Watch,Fashion,East,Bhubaneswar,2,3750.73,7501.46,0,0.0,7501.46,Cash on Delivery,Cancelled,0
100919,2024-10-25,CUST2366,Kavya Kapoor,T-Shirt,Fashion,South,Hyderabad,1,1147.94,1147.94,10,114.79,1033.15,Debit Card,Shipped,0
100920,2023-01-23,CUST3433,Isha Singh,Backpack,Accessories,South,Hyderabad,1,2691.83,2691.83,15,403.77,2288.06,UPI,Shipped,0
100921,2023-03-26,CUST4666,Vihaan Verma,Laptop,Electronics,South,Kochi,2,44280.69,88561.38,0,0.0,88561.38,Debit Card,Cancelled,0
100922,2024-04-08,CUST1414,Isha Agarwal,Backpack,Accessories,East,Bhubaneswar,1,1432.37,1432.37,5,71.62,1360.75,Net Banking,Returned,1
100923,2023-08-13,CUST1386,Pooja Sharma,Keyboard,Electronics,East,Patna,2,1184.12,2368.24,5,118.41,2249.83,Credit Card,Returned,1
100924,2022-05-23,CUST2360,Sai Singh,Headphones,Electronics,South,Kochi,3,6938.46,20815.38,15,3122.31,17693.07,Debit Card,Delivered,0
100925,2022-12-16,CUST3433,Amit Sharma,Shoes,Fashion,North,Delhi,3,3296.37,9889.11,0,0.0,9889.11,Credit Card,Cancelled,0
100926,2023-08-19,CUST3151,Priya Iyer,Mobile,Electronics,West,Mumbai,2,29048.34,58096.68,0,0.0,58096.68,Cash on Delivery,Returned,1
100927,2023-12-20,CUST3717,Anika Nair,T-Shirt,Fashion,North,Lucknow,4,494.99,1979.96,20,395.99,1583.97,Credit Card,Delivered,0
100928,2024-09-18,CUST3808,Vihaan Nair,Shoes,Fashion,North,Chandigarh,1,2874.71,2874.71,15,431.21,2443.5,Net Banking,Cancelled,0
100929,2022-03-05,CUST4035,Krishna Malhotra,T-Shirt,Fashion,East,Kolkata,1,944.96,944.96,5,47.25,897.71,Debit Card,Delivered,0
100930,2024-07-09,CUST1716,Vikram Kapoor,Mouse,Electronics,South,Bengaluru,1,2400.59,2400.59,15,360.09,2040.5,Credit Card,Cancelled,0
100931,2022-03-26,CUST3874,Riya Kapoor,Laptop,Electronics,West,Ahmedabad,4,68237.23,272948.92,10,27294.89,245654.03,Credit Card,Delivered,0
100932,2022-01-18,CUST2910,Aadhya Kumar,Mobile,Electronics,West,Mumbai,2,45857.24,91714.48,25,22928.62,68785.86,Credit Card,Delivered,0
100933,2023-08-27,CUST1167,Aarav Pillai,Headphones,Electronics,South,Hyderabad,3,5583.11,16749.33,5,837.47,15911.86,Credit Card,Shipped,0
100934,2022-10-10,CUST4216,Diya Joshi,Keyboard,Electronics,South,Bengaluru,1,1723.29,1723.29,10,172.33,1550.96,Cash on Delivery,Shipped,0
100935,2022-06-15,CUST1131,Rohan Iyer,T-Shirt,Fashion,East,Bhubaneswar,5,1384.14,6920.7,0,0.0,6920.7,Debit Card,Delivered,0
100936,2023-09-11,CUST1709,Meera Joshi,Shoes,Fashion,West,Pune,4,4467.45,17869.8,10,1786.98,16082.82,Cash on Delivery,Cancelled,0
100937,2023-02-13,CUST1350,Rohan Joshi,Watch,Fashion,South,Hyderabad,4,4512.4,18049.6,15,2707.44,15342.16,Credit Card,Shipped,0
100938,2024-12-14,CUST3063,Myra Mehta,Laptop,Electronics,South,Kochi,2,66957.11,133914.22,20,26782.84,107131.38,UPI,Shipped,0
100939,2024-05-12,CUST3519,Aditya Kumar,Mobile,Electronics,South,Kochi,2,86877.2,173754.4,10,17375.44,156378.96,Net Banking,Shipped,0
100940,2024-03-15,CUST3744,Arjun Agarwal,Laptop,Electronics,West,Ahmedabad,1,81177.91,81177.91,10,8117.79,73060.12,Credit Card,Shipped,0
100941,2022-07-19,CUST3316,Priya Joshi,Backpack,Accessories,South,Kochi,4,1394.72,5578.88,5,278.94,5299.94,Cash on Delivery,Delivered,0
100942,2024-11-23,CUST4032,Arjun Bhat,Shoes,Fashion,East,Kolkata,1,4173.86,4173.86,10,417.39,3756.47,Cash on Delivery,Returned,1
100943,2023-02-16,CUST1000,Vihaan Patel,Shoes,Fashion,North,Lucknow,2,2640.99,5281.98,25,1320.49,3961.49,Cash on Delivery,Cancelled,0
100944,2024-06-27,CUST4793,Isha Verma,Headphones,Electronics,East,Kolkata,2,2579.88,5159.76,0,0.0,5159.76,Cash on Delivery,Cancelled,0
100945,2024-06-18,CUST1504,Deepa Yadav,Camera,Electronics,South,Kochi,5,47810.84,239054.2,20,47810.84,191243.36,Net Banking,Shipped,0
100946,2023-02-15,CUST2187,Aadhya Desai,Mouse,Electronics,North,Delhi,1,2100.81,2100.81,15,315.12,1785.69,Debit Card,Delivered,0
100947,2024-05-20,CUST2160,Arjun Sharma,Laptop,Electronics,East,Guwahati,2,58390.41,116780.82,10,11678.08,105102.74,Cash on Delivery,Delivered,0
100948,2023-12-28,CUST4614,Arjun Pillai,Shoes,Fashion,North,Chandigarh,1,2595.46,2595.46,15,389.32,2206.14,Net Banking,Delivered,0
100949,2024-12-11,CUST1257,Isha Kapoor,Shoes,Fashion,South,Chennai,2,5692.7,11385.4,10,1138.54,10246.86,Credit Card,Cancelled,0
100950,2023-09-13,CUST1279,Suresh Agarwal,Headphones,Electronics,East,Patna,3,4854.66,14563.98,10,1456.4,13107.58,Debit Card,Delivered,0
100951,2024-12-12,CUST3858,Ishaan Kumar,Shoes,Fashion,South,Kochi,3,1910.1,5730.3,15,859.54,4870.76,Net Banking,Cancelled,0
100952,2022-11-22,CUST3724,Krishna Gupta,Mobile,Electronics,East,Patna,3,76220.79,228662.37,0,0.0,228662.37,Cash on Delivery,Cancelled,0
100953,2022-12-23,CUST4095,Pooja Agarwal,Camera,Electronics,South,Kochi,2,24261.38,48522.76,15,7278.41,41244.35,Debit Card,Shipped,0
100954,2024-02-06,CUST4782,Meera Sharma,Mouse,Electronics,West,Mumbai,3,551.84,1655.52,20,331.1,1324.42,Cash on Delivery,Delivered,0
100955,2024-10-02,CUST1923,Myra Joshi,Headphones,Electronics,South,Kochi,2,7919.87,15839.74,10,1583.97,14255.77,Debit Card,Shipped,0
100956,2022-07-17,CUST4317,Reyansh Verma,Keyboard,Electronics,East,Guwahati,4,3734.69,14938.76,5,746.94,14191.82,Net Banking,Shipped,0
100957,2024-12-17,CUST4409,Aadhya Reddy,Headphones,Electronics,West,Ahmedabad,4,4891.72,19566.88,20,3913.38,15653.5,Credit Card,Shipped,0
100958,2024-06-17,CUST4579,Kavya Agarwal,Keyboard,Electronics,East,Guwahati,2,1925.94,3851.88,20,770.38,3081.5,Debit Card,Cancelled,0
100959,2023-11-09,CUST4364,Aarav Iyer,Camera,Electronics,South,Chennai,4,26929.08,107716.32,0,0.0,107716.32,Debit Card,Shipped,0
100960,2022-06-03,CUST1988,Anika Malhotra,Laptop,Electronics,West,Ahmedabad,2,65421.94,130843.88,20,26168.78,104675.1,Debit Card,Cancelled,0
100961,2023-06-23,CUST1132,Rahul Sharma,T-Shirt,Fashion,West,Ahmedabad,2,432.14,864.28,15,129.64,734.64,Cash on Delivery,Returned,1
100962,2023-11-07,CUST1965,Suresh Verma,Mobile,Electronics,South,Chennai,2,70943.61,141887.22,0,0.0,141887.22,Net Banking,Cancelled,0
100963,2024-09-07,CUST3962,Arjun Nair,Shoes,Fashion,North,Delhi,2,1296.27,2592.54,10,259.25,2333.29,Net Banking,Cancelled,0
100964,2023-04-12,CUST1107,Aarav Verma,Backpack,Accessories,North,Chandigarh,2,2695.78,5391.56,10,539.16,4852.4,Credit Card,Cancelled,0
100965,2024-02-12,CUST2760,Neha Kumar,Keyboard,Electronics,South,Kochi,3,3451.69,10355.07,10,1035.51,9319.56,Cash on Delivery,Delivered,0
100966,2023-12-04,CUST1975,Kavya Verma,Mouse,Electronics,South,Bengaluru,2,2273.72,4547.44,25,1136.86,3410.58,Credit Card,Delivered,0
100967,2022-01-31,CUST4328,Deepa Iyer,Keyboard,Electronics,North,Delhi,1,3489.9,3489.9,20,697.98,2791.92,Net Banking,Returned,1
100968,2023-05-16,CUST3482,Rohan Kumar,Backpack,Accessories,North,Lucknow,2,1849.97,3699.94,5,185.0,3514.94,Net Banking,Returned,1
100969,2024-01-02,CUST2816,Vikram Iyer,Mouse,Electronics,South,Bengaluru,3,468.03,1404.09,25,351.02,1053.07,Debit Card,Delivered,0
100970,2024-10-28,CUST2419,Vihaan Verma,Laptop,Electronics,West,Ahmedabad,4,55757.49,223029.96,20,44605.99,178423.97,Credit Card,Returned,1
100971,2023-03-08,CUST3969,Vihaan Chopra,Mouse,Electronics,East,Guwahati,1,747.82,747.82,0,0.0,747.82,Net Banking,Shipped,0
100972,2022-03-11,CUST3409,Ishaan Nair,Headphones,Electronics,North,Lucknow,3,5479.34,16438.02,10,1643.8,14794.22,Cash on Delivery,Shipped,0
100973,2024-02-27,CUST1919,Myra Verma,Mouse,Electronics,South,Bengaluru,1,2180.06,2180.06,10,218.01,1962.05,Cash on Delivery,Cancelled,0
100974,2023-11-20,CUST4318,Suresh Nair,Keyboard,Electronics,South,Kochi,2,3141.61,6283.22,0,0.0,6283.22,Credit Card,Cancelled,0
100975,2022-04-27,CUST3266,Rakesh Gupta,Watch,Fashion,North,Delhi,2,20935.9,41871.8,10,4187.18,37684.62,UPI,Cancelled,0
100976,2024-11-28,CUST4933,Ishaan Singh,Mouse,Electronics,West,Ahmedabad,4,2363.55,9454.2,10,945.42,8508.78,Net Banking,Returned,1
100977,2023-05-27,CUST2211,Sanjay Bhat,Mouse,Electronics,South,Chennai,1,333.4,333.4,15,50.01,283.39,Credit Card,Shipped,0
100978,2023-09-21,CUST4424,Riya Mehta,Mobile,Electronics,East,Kolkata,3,38297.28,114891.84,15,17233.78,97658.06,Net Banking,Shipped,0
100979,2023-03-23,CUST3373,Kavya Verma,Laptop,Electronics,West,Surat,2,72392.29,144784.58,10,14478.46,130306.12,Credit Card,Delivered,0
100980,2024-10-10,CUST3581,Arjun Iyer,Camera,Electronics,South,Hyderabad,5,32617.58,163087.9,5,8154.4,154933.5,Credit Card,Shipped,0
100981,2023-10-12,CUST3938,Vivaan Bhat,Headphones,Electronics,North,Delhi,1,5513.13,5513.13,5,275.66,5237.47,Net Banking,Cancelled,0
100982,2022-04-02,CUST2432,Meera Iyer,Keyboard,Electronics,North,Jaipur,5,564.47,2822.35,20,564.47,2257.88,Credit Card,Returned,1
100983,2024-05-01,CUST4587,Aditya Rao,Camera,Electronics,North,Chandigarh,1,18098.01,18098.01,5,904.9,17193.11,Net Banking,Delivered,0
100984,2023-08-26,CUST1656,Meera Sharma,Laptop,Electronics,North,Jaipur,3,65624.39,196873.17,25,49218.29,147654.88,Credit Card,Delivered,0
100985,2024-11-06,CUST3919,Rakesh Malhotra,Mobile,Electronics,North,Lucknow,5,11068.36,55341.8,15,8301.27,47040.53,Credit Card,Delivered,0
100986,2022-06-10,CUST3315,Aditya Iyer,Mobile,Electronics,West,Surat,4,11640.56,46562.24,15,6984.34,39577.9,UPI,Returned,1
100987,2024-12-10,CUST2298,Sara Pillai,T-Shirt,Fashion,West,Surat,2,525.8,1051.6,20,210.32,841.28,Cash on Delivery,Returned,1
100988,2023-10-07,CUST3838,Pooja Gupta,Laptop,Electronics,North,Jaipur,5,62938.18,314690.9,15,47203.64,267487.26,Credit Card,Shipped,0
100989,2023-04-17,CUST1941,Myra Rao,Keyboard,Electronics,South,Kochi,2,1907.94,3815.88,10,381.59,3434.29,Credit Card,Returned,1
100990,2023-06-18,CUST2399,Rakesh Joshi,Watch,Fashion,West,Pune,5,7029.67,35148.35,20,7029.67,28118.68,Net Banking,Returned,1
100991,2024-07-18,CUST1494,Aarav Singh,Mobile,Electronics,North,Chandigarh,2,88643.07,177286.14,10,17728.61,159557.53,Debit Card,Cancelled,0
100992,2022-12-08,CUST3109,Aditya Kumar,Mouse,Electronics,North,Chandigarh,3,578.08,1734.24,0,0.0,1734.24,UPI,Shipped,0
100993,2023-11-21,CUST3525,Riya Yadav,T-Shirt,Fashion,West,Surat,2,933.36,1866.72,10,186.67,1680.05,Credit Card,Shipped,0
100994,2024-06-11,CUST3867,Rohan Desai,Camera,Electronics,West,Mumbai,1,51828.95,51828.95,25,12957.24,38871.71,UPI,Returned,1
100995,2024-06-17,CUST3959,Sai Kapoor,Headphones,Electronics,East,Kolkata,1,856.04,856.04,10,85.6,770.44,UPI,Delivered,0
100996,2024-11-06,CUST2168,Deepa Rao,Watch,Fashion,South,Bengaluru,1,12940.38,12940.38,0,0.0,12940.38,Net Banking,Cancelled,0
100997,2023-07-24,CUST2287,Riya Yadav,Mobile,Electronics,South,Chennai,5,12396.69,61983.45,25,15495.86,46487.59,Debit Card,Delivered,0
100998,2023-06-16,CUST4786,Meera Gupta,Camera,Electronics,South,Chennai,1,25953.94,25953.94,10,2595.39,23358.55,Debit Card,Delivered,0
100999,2022-03-23,CUST3203,Vikram Bhat,Keyboard,Electronics,East,Bhubaneswar,1,2708.65,2708.65,10,270.87,2437.78,Debit Card,Shipped,0
101000,2024-12-02,CUST2208,Arjun Pillai,Keyboard,Electronics,North,Delhi,2,1627.35,3254.7,25,813.67,2441.03,UPI,Returned,1
101001,2022-08-27,CUST4048,Diya Patel,Camera,Electronics,East,Kolkata,2,32290.64,64581.28,5,3229.06,61352.22,Debit Card,Cancelled,0
101002,2022-06-01,CUST4654,Neha Mehta,Keyboard,Electronics,East,Patna,1,1841.35,1841.35,10,184.13,1657.22,Net Banking,Returned,1
101003,2022-01-17,CUST3401,Krishna Kumar,Backpack,Accessories,South,Hyderabad,1,2483.79,2483.79,20,496.76,1987.03,Cash on Delivery,Cancelled,0
101004,2023-08-02,CUST3600,Arjun Reddy,Mouse,Electronics,West,Pune,3,883.63,2650.89,5,132.54,2518.35,Debit Card,Returned,1
101005,2022-03-21,CUST3512,Kavya Nair,Camera,Electronics,West,Pune,1,17690.45,17690.45,10,1769.05,15921.4,Debit Card,Returned,1
101006,2023-04-20,CUST3736,Vikram Joshi,Mouse,Electronics,East,Bhubaneswar,3,1365.31,4095.93,15,614.39,3481.54,Debit Card,Cancelled,0
101007,2023-08-12,CUST2332,Kavya Pillai,Shoes,Fashion,South,Kochi,3,3943.11,11829.33,5,591.47,11237.86,Debit Card,Shipped,0
101008,2022-09-20,CUST4441,Sanjay Desai,Keyboard,Electronics,East,Kolkata,1,4325.26,4325.26,15,648.79,3676.47,Credit Card,Returned,1
101009,2023-10-24,CUST2684,Ishaan Mehta,Shoes,Fashion,East,Bhubaneswar,1,2400.37,2400.37,5,120.02,2280.35,UPI,Shipped,0
101010,2022-04-04,CUST2678,Rohan Pillai,Mouse,Electronics,West,Surat,2,2307.21,4614.42,5,230.72,4383.7,Debit Card,Delivered,0
101011,2022-09-22,CUST1081,Meera Bhat,Keyboard,Electronics,East,Bhubaneswar,2,3618.21,7236.42,0,0.0,7236.42,Net Banking,Returned,1
101012,2022-04-11,CUST2483,Sara Reddy,Backpack,Accessories,West,Mumbai,4,1966.56,7866.24,10,786.62,7079.62,Net Banking,Shipped,0
101013,2024-02-05,CUST1883,Ananya Rao,T-Shirt,Fashion,North,Lucknow,4,923.51,3694.04,15,554.11,3139.93,Credit Card,Cancelled,0
101014,2024-09-20,CUST2159,Vivaan Singh,T-Shirt,Fashion,East,Kolkata,1,379.04,379.04,25,94.76,284.28,Cash on Delivery,Delivered,0
101015,2022-09-26,CUST4530,Priya Nair,Laptop,Electronics,North,Lucknow,1,98742.81,98742.81,20,19748.56,78994.25,UPI,Returned,1
101016,2024-03-12,CUST4519,Reyansh Yadav,Camera,Electronics,North,Chandigarh,1,44706.08,44706.08,10,4470.61,40235.47,Debit Card,Shipped,0
101017,2024-08-23,CUST2759,Isha Joshi,Laptop,Electronics,West,Surat,2,36991.72,73983.44,5,3699.17,70284.27,Debit Card,Shipped,0
101018,2024-02-23,CUST3980,Aarav Desai,Camera,Electronics,North,Chandigarh,3,34333.98,103001.94,20,20600.39,82401.55,Net Banking,Delivered,0
101019,2024-09-03,CUST3632,Riya Gupta,Mouse,Electronics,West,Mumbai,2,1571.33,3142.66,0,0.0,3142.66,Debit Card,Delivered,0
101020,2022-06-21,CUST3525,Arjun Agarwal,Laptop,Electronics,South,Bengaluru,1,49386.74,49386.74,20,9877.35,39509.39,UPI,Returned,1
101021,2022-03-16,CUST3452,Ananya Malhotra,Shoes,Fashion,South,Chennai,1,3663.14,3663.14,10,366.31,3296.83,Credit Card,Cancelled,0
101022,2023-04-28,CUST3903,Ananya Pillai,Mouse,Electronics,West,Ahmedabad,3,1961.08,5883.24,15,882.49,5000.75,Net Banking,Delivered,0
101023,2022-11-28,CUST1680,Sara Gupta,Shoes,Fashion,South,Bengaluru,5,3283.93,16419.65,0,0.0,16419.65,Debit Card,Returned,1
101024,2024-05-06,CUST2215,Isha Sharma,Keyboard,Electronics,South,Bengaluru,1,2196.73,2196.73,5,109.84,2086.89,Net Banking,Delivered,0
101025,2024-02-01,CUST1579,Riya Singh,Camera,Electronics,South,Hyderabad,3,50209.05,150627.15,5,7531.36,143095.79,Credit Card,Returned,1
101026,2024-08-05,CUST4797,Reyansh Mehta,Laptop,Electronics,South,Chennai,4,115919.61,463678.44,10,46367.84,417310.6,Net Banking,Shipped,0
101027,2022-01-12,CUST1816,Rohan Reddy,Headphones,Electronics,North,Chandigarh,1,3797.38,3797.38,5,189.87,3607.51,Cash on Delivery,Cancelled,0
101028,2023-04-08,CUST4800,Diya Sharma,Camera,Electronics,South,Hyderabad,1,39998.91,39998.91,10,3999.89,35999.02,Cash on Delivery,Delivered,0
101029,2023-02-19,CUST1624,Aditya Malhotra,Keyboard,Electronics,South,Kochi,3,1723.0,5169.0,15,775.35,4393.65,UPI,Cancelled,0
101030,2024-02-24,CUST4162,Ananya Malhotra,Camera,Electronics,East,Patna,1,37546.39,37546.39,0,0.0,37546.39,Net Banking,Returned,1
101031,2022-10-28,CUST2947,Arjun Singh,Watch,Fashion,East,Guwahati,1,1263.56,1263.56,5,63.18,1200.38,Debit Card,Shipped,0
101032,2024-10-21,CUST1986,Sanjay Gupta,Backpack,Accessories,South,Bengaluru,1,3056.64,3056.64,10,305.66,2750.98,UPI,Delivered,0
101033,2023-03-15,CUST3913,Sai Nair,T-Shirt,Fashion,South,Kochi,3,864.74,2594.22,20,518.84,2075.38,Credit Card,Returned,1
101034,2023-12-15,CUST4547,Sai Sharma,Headphones,Electronics,West,Surat,2,6480.55,12961.1,15,1944.16,11016.94,Net Banking,Cancelled,0
101035,2023-01-02,CUST1802,Suresh Sharma,Mobile,Electronics,West,Ahmedabad,3,26316.18,78948.54,10,7894.85,71053.69,Debit Card,Delivered,0
101036,2024-10-26,CUST3485,Suresh Sharma,Shoes,Fashion,South,Chennai,1,2638.19,2638.19,0,0.0,2638.19,Credit Card,Cancelled,0
101037,2022-04-28,CUST4535,Riya Sharma,Laptop,Electronics,North,Jaipur,3,68854.99,206564.97,25,51641.24,154923.73,Credit Card,Delivered,0
101038,2022-03-20,CUST3510,Diya Sharma,Shoes,Fashion,West,Surat,2,3551.31,7102.62,20,1420.52,5682.1,Net Banking,Cancelled,0
101039,2022-05-08,CUST4513,Ananya Gupta,Headphones,Electronics,East,Bhubaneswar,4,1747.87,6991.48,10,699.15,6292.33,Cash on Delivery,Shipped,0
101040,2022-12-13,CUST3957,Vikram Malhotra,T-Shirt,Fashion,South,Chennai,3,1419.31,4257.93,5,212.9,4045.03,Credit Card,Cancelled,0
101041,2024-10-24,CUST1343,Arjun Nair,Mobile,Electronics,South,Kochi,2,63085.52,126171.04,0,0.0,126171.04,Debit Card,Cancelled,0
101042,2023-12-20,CUST2909,Vihaan Mehta,Headphones,Electronics,South,Hyderabad,3,5758.76,17276.28,10,1727.63,15548.65,Cash on Delivery,Delivered,0
101043,2022-06-26,CUST3421,Sai Mehta,Watch,Fashion,West,Mumbai,3,12219.53,36658.59,0,0.0,36658.59,Cash on Delivery,Shipped,0
101044,2023-01-27,CUST2271,Pooja Kumar,Backpack,Accessories,East,Kolkata,1,2061.42,2061.42,0,0.0,2061.42,Debit Card,Delivered,0
101045,2023-07-13,CUST1725,Vikram Reddy,Backpack,Accessories,South,Hyderabad,1,1522.98,1522.98,5,76.15,1446.83,Debit Card,Cancelled,0
101046,2024-12-07,CUST1150,Myra Singh,Laptop,Electronics,North,Chandigarh,1,76640.28,76640.28,10,7664.03,68976.25,Credit Card,Cancelled,0
101047,2024-10-28,CUST1371,Anika Nair,Watch,Fashion,South,Chennai,5,11525.71,57628.55,15,8644.28,48984.27,Credit Card,Shipped,0
101048,2023-01-17,CUST2913,Aadhya Kumar,T-Shirt,Fashion,West,Ahmedabad,1,728.23,728.23,25,182.06,546.17,Net Banking,Returned,1
101049,2022-01-17,CUST2947,Sai Rao,Watch,Fashion,South,Kochi,3,22650.34,67951.02,5,3397.55,64553.47,Cash on Delivery,Returned,1
101050,2022-02-14,CUST2869,Myra Yadav,Mobile,Electronics,South,Bengaluru,1,37998.37,37998.37,5,1899.92,36098.45,Net Banking,Shipped,0
101051,2024-09-15,CUST2229,Amit Agarwal,Watch,Fashion,East,Guwahati,3,12471.02,37413.06,5,1870.65,35542.41,Credit Card,Returned,1
101052,2023-07-06,CUST3429,Riya Agarwal,Backpack,Accessories,West,Pune,4,3271.99,13087.96,10,1308.8,11779.16,UPI,Delivered,0
101053,2022-10-13,CUST4229,Arjun Mehta,Backpack,Accessories,North,Lucknow,5,3239.17,16195.85,25,4048.96,12146.89,Net Banking,Shipped,0
101054,2022-01-02,CUST1820,Amit Kumar,Backpack,Accessories,West,Ahmedabad,4,1525.36,6101.44,5,305.07,5796.37,UPI,Shipped,0
101055,2024-02-06,CUST1652,Aarav Desai,Headphones,Electronics,South,Bengaluru,1,6975.89,6975.89,10,697.59,6278.3,Debit Card,Shipped,0
101056,2022-07-16,CUST2303,Isha Kumar,Mobile,Electronics,North,Chandigarh,3,82939.48,248818.44,15,37322.77,211495.67,UPI,Returned,1
101057,2024-12-29,CUST3000,Aditya Chopra,Headphones,Electronics,South,Hyderabad,4,6702.5,26810.0,15,4021.5,22788.5,UPI,Returned,1
101058,2024-03-26,CUST3644,Suresh Patel,Watch,Fashion,North,Lucknow,4,9985.36,39941.44,5,1997.07,37944.37,Cash on Delivery,Returned,1
101059,2024-05-21,CUST2274,Arjun Joshi,Keyboard,Electronics,North,Lucknow,1,1707.75,1707.75,0,0.0,1707.75,UPI,Returned,1
101060,2024-11-25,CUST2904,Priya Gupta,Mouse,Electronics,East,Guwahati,1,2408.73,2408.73,10,240.87,2167.86,Debit Card,Delivered,0
101061,2024-11-04,CUST1047,Isha Pillai,Camera,Electronics,South,Bengaluru,3,31178.94,93536.82,20,18707.36,74829.46,Debit Card,Delivered,0
101062,2024-07-11,CUST4198,Sara Chopra,Shoes,Fashion,East,Guwahati,2,1205.26,2410.52,10,241.05,2169.47,Cash on Delivery,Returned,1
101063,2022-06-13,CUST2380,Arjun Sharma,Shoes,Fashion,East,Patna,1,1901.5,1901.5,10,190.15,1711.35,UPI,Cancelled,0
101064,2022-04-13,CUST3811,Vikram Yadav,Watch,Fashion,North,Chandigarh,2,12261.36,24522.72,0,0.0,24522.72,UPI,Delivered,0
101065,2024-01-01,CUST2829,Kavya Sharma,Mobile,Electronics,North,Jaipur,3,71113.53,213340.59,0,0.0,213340.59,Credit Card,Shipped,0
101066,2022-06-22,CUST1516,Anika Gupta,Mobile,Electronics,South,Bengaluru,3,37936.8,113810.4,0,0.0,113810.4,UPI,Shipped,0
101067,2024-12-08,CUST1166,Riya Pillai,Headphones,Electronics,East,Guwahati,4,3286.78,13147.12,10,1314.71,11832.41,Net Banking,Shipped,0
101068,2022-06-11,CUST2730,Ananya Joshi,Camera,Electronics,South,Bengaluru,1,54073.73,54073.73,15,8111.06,45962.67,Cash on Delivery,Delivered,0
101069,2023-01-28,CUST2241,Riya Nair,Mouse,Electronics,North,Jaipur,3,1933.91,5801.73,0,0.0,5801.73,UPI,Cancelled,0
101070,2024-06-13,CUST2133,Ishaan Singh,Watch,Fashion,South,Chennai,3,2362.18,7086.54,10,708.65,6377.89,Debit Card,Returned,1
101071,2024-04-28,CUST2125,Amit Kumar,T-Shirt,Fashion,East,Guwahati,5,1333.4,6667.0,5,333.35,6333.65,UPI,Shipped,0
101072,2023-08-13,CUST4387,Pooja Yadav,Laptop,Electronics,South,Hyderabad,1,54110.11,54110.11,15,8116.52,45993.59,Debit Card,Shipped,0
101073,2023-12-11,CUST1621,Priya Pillai,Shoes,Fashion,East,Patna,2,3563.38,7126.76,10,712.68,6414.08,Credit Card,Delivered,0
101074,2022-06-10,CUST3299,Rahul Desai,Shoes,Fashion,West,Surat,1,4807.26,4807.26,15,721.09,4086.17,Credit Card,Delivered,0
101075,2022-12-08,CUST3313,Meera Chopra,Mobile,Electronics,North,Jaipur,2,69819.46,139638.92,10,13963.89,125675.03,UPI,Shipped,0
101076,2022-09-27,CUST4886,Isha Yadav,Mouse,Electronics,South,Bengaluru,4,924.55,3698.2,15,554.73,3143.47,Debit Card,Delivered,0
101077,2024-04-01,CUST2441,Anika Rao,Camera,Electronics,North,Lucknow,1,19425.31,19425.31,5,971.27,18454.04,Debit Card,Returned,1
101078,2024-12-26,CUST4518,Isha Iyer,Keyboard,Electronics,South,Hyderabad,2,1952.7,3905.4,0,0.0,3905.4,Credit Card,Delivered,0
101079,2022-01-07,CUST4124,Anika Mehta,Mouse,Electronics,South,Kochi,1,2334.01,2334.01,5,116.7,2217.31,Debit Card,Delivered,0
101080,2022-03-01,CUST1567,Meera Iyer,Shoes,Fashion,East,Kolkata,2,4557.38,9114.76,25,2278.69,6836.07,UPI,Shipped,0
101081,2022-12-07,CUST3803,Riya Desai,Watch,Fashion,East,Kolkata,3,18625.12,55875.36,25,13968.84,41906.52,Credit Card,Returned,1
101082,2023-01-31,CUST2875,Deepa Singh,Camera,Electronics,West,Mumbai,3,50340.5,151021.5,15,22653.22,128368.28,Net Banking,Delivered,0
101083,2022-05-13,CUST1847,Vikram Sharma,Mobile,Electronics,East,Bhubaneswar,1,84908.41,84908.41,25,21227.1,63681.31,Credit Card,Shipped,0
101084,2024-10-21,CUST4291,Rahul Gupta,Watch,Fashion,South,Chennai,3,11758.95,35276.85,5,1763.84,33513.01,Debit Card,Cancelled,0
101085,2024-04-12,CUST2925,Deepa Kapoor,Watch,Fashion,West,Pune,1,18384.7,18384.7,0,0.0,18384.7,Cash on Delivery,Returned,1
101086,2024-12-29,CUST2796,Neha Sharma,Mouse,Electronics,North,Chandigarh,5,2243.39,11216.95,10,1121.69,10095.26,Net Banking,Returned,1
101087,2024-11-13,CUST2755,Rahul Pillai,Shoes,Fashion,West,Mumbai,1,3131.02,3131.02,20,626.2,2504.82,Cash on Delivery,Delivered,0
101088,2023-11-27,CUST4258,Arjun Iyer,Camera,Electronics,North,Jaipur,4,38192.48,152769.92,15,22915.49,129854.43,Debit Card,Delivered,0
101089,2023-06-17,CUST3822,Ananya Joshi,Shoes,Fashion,North,Delhi,2,4784.81,9569.62,10,956.96,8612.66,UPI,Returned,1
101090,2023-08-14,CUST4605,Aarav Iyer,Shoes,Fashion,South,Kochi,3,4082.09,12246.27,10,1224.63,11021.64,Debit Card,Shipped,0
101091,2024-06-19,CUST1632,Amit Joshi,Mobile,Electronics,South,Hyderabad,2,66982.77,133965.54,10,13396.55,120568.99,Credit Card,Delivered,0
101092,2022-10-31,CUST2062,Riya Sharma,Headphones,Electronics,North,Jaipur,4,2652.6,10610.4,5,530.52,10079.88,Debit Card,Returned,1
101093,2024-10-23,CUST2533,Ananya Kapoor,Mobile,Electronics,East,Guwahati,2,81900.32,163800.64,25,40950.16,122850.48,Debit Card,Returned,1
101094,2022-01-30,CUST2402,Amit Patel,Mouse,Electronics,West,Surat,3,2215.72,6647.16,10,664.72,5982.44,UPI,Cancelled,0
101095,2024-01-01,CUST3332,Aadhya Pillai,Keyboard,Electronics,South,Chennai,1,2934.56,2934.56,15,440.18,2494.38,Cash on Delivery,Returned,1
101096,2024-11-05,CUST3266,Aditya Nair,Backpack,Accessories,West,Pune,3,2036.19,6108.57,0,0.0,6108.57,Cash on Delivery,Cancelled,0
101097,2023-01-10,CUST1935,Neha Iyer,T-Shirt,Fashion,West,Mumbai,5,431.16,2155.8,10,215.58,1940.22,Debit Card,Shipped,0
101098,2022-09-29,CUST1249,Sara Joshi,Shoes,Fashion,North,Jaipur,3,1411.61,4234.83,5,211.74,4023.09,Cash on Delivery,Cancelled,0
101099,2022-05-30,CUST1476,Reyansh Desai,Keyboard,Electronics,North,Chandigarh,2,2647.73,5295.46,15,794.32,4501.14,Credit Card,Cancelled,0
101100,2024-05-30,CUST3949,Deepa Gupta,Shoes,Fashion,North,Lucknow,1,4200.5,4200.5,10,420.05,3780.45,Credit Card,Returned,1
101101,2024-04-13,CUST3017,Meera Nair,Shoes,Fashion,West,Pune,3,4455.62,13366.86,15,2005.03,11361.83,Cash on Delivery,Shipped,0
101102,2023-07-18,CUST3060,Amit Bhat,Headphones,Electronics,South,Kochi,2,7650.34,15300.68,5,765.03,14535.65,Net Banking,Shipped,0
101103,2024-11-09,CUST1668,Aadhya Desai,Laptop,Electronics,East,Kolkata,5,115384.25,576921.25,10,57692.12,519229.13,Credit Card,Cancelled,0
101104,2023-01-10,CUST4124,Reyansh Gupta,Headphones,Electronics,North,Chandigarh,3,1480.89,4442.67,20,888.53,3554.14,Credit Card,Returned,1
101105,2023-03-07,CUST2326,Riya Kumar,Keyboard,Electronics,North,Jaipur,2,2621.6,5243.2,0,0.0,5243.2,Credit Card,Cancelled,0
101106,2024-11-23,CUST4230,Aadhya Yadav,Headphones,Electronics,North,Chandigarh,4,6936.97,27747.88,15,4162.18,23585.7,Debit Card,Delivered,0
101107,2023-09-20,CUST4396,Ananya Chopra,Mouse,Electronics,West,Ahmedabad,1,878.28,878.28,25,219.57,658.71,Credit Card,Delivered,0
101108,2024-04-17,CUST4993,Diya Kumar,Mobile,Electronics,South,Kochi,3,70778.32,212334.96,0,0.0,212334.96,UPI,Shipped,0
101109,2024-02-04,CUST2751,Aarav Mehta,Shoes,Fashion,East,Kolkata,4,2032.39,8129.56,15,1219.43,6910.13,Credit Card,Delivered,0
101110,2023-05-13,CUST3960,Sai Mehta,Mouse,Electronics,South,Chennai,4,1658.62,6634.48,10,663.45,5971.03,Credit Card,Shipped,0
101111,2024-09-24,CUST3485,Krishna Nair,Shoes,Fashion,West,Surat,5,6201.57,31007.85,15,4651.18,26356.67,UPI,Returned,1
101112,2022-08-16,CUST4607,Aadhya Kumar,Watch,Fashion,South,Bengaluru,1,9356.07,9356.07,10,935.61,8420.46,UPI,Cancelled,0
101113,2022-06-30,CUST2342,Myra Iyer,Camera,Electronics,South,Kochi,4,49958.02,199832.08,10,19983.21,179848.87,Net Banking,Shipped,0
101114,2022-05-20,CUST4920,Deepa Mehta,Watch,Fashion,South,Hyderabad,3,20651.98,61955.94,15,9293.39,52662.55,Debit Card,Cancelled,0
101115,2023-11-14,CUST2045,Reyansh Nair,Mobile,Electronics,West,Surat,3,26399.84,79199.52,5,3959.98,75239.54,Debit Card,Delivered,0
101116,2024-12-18,CUST2529,Vivaan Kapoor,Watch,Fashion,East,Kolkata,1,16485.32,16485.32,10,1648.53,14836.79,UPI,Cancelled,0
101117,2023-11-15,CUST4008,Rahul Patel,Backpack,Accessories,South,Bengaluru,5,3208.09,16040.45,5,802.02,15238.43,Net Banking,Delivered,0
101118,2024-08-17,CUST4079,Meera Reddy,Camera,Electronics,South,Bengaluru,2,46943.64,93887.28,20,18777.46,75109.82,Cash on Delivery,Returned,1
101119,2022-05-30,CUST2391,Sai Malhotra,Camera,Electronics,East,Guwahati,4,33628.61,134514.44,20,26902.89,107611.55,Debit Card,Returned,1
101120,2022-02-08,CUST2320,Aarav Iyer,Shoes,Fashion,South,Kochi,4,3148.21,12592.84,5,629.64,11963.2,Net Banking,Cancelled,0
101121,2023-12-28,CUST1625,Vikram Malhotra,Mouse,Electronics,North,Lucknow,3,1989.11,5967.33,10,596.73,5370.6,Debit Card,Returned,1
101122,2023-12-15,CUST4565,Aditya Mehta,Keyboard,Electronics,West,Pune,2,903.59,1807.18,10,180.72,1626.46,Cash on Delivery,Cancelled,0
101123,2023-03-21,CUST1111,Sanjay Chopra,Mobile,Electronics,West,Pune,1,22226.4,22226.4,25,5556.6,16669.8,Debit Card,Cancelled,0
101124,2024-07-04,CUST1813,Myra Agarwal,Headphones,Electronics,West,Surat,1,7625.7,7625.7,0,0.0,7625.7,Debit Card,Delivered,0
101125,2023-03-06,CUST4033,Vihaan Desai,Keyboard,Electronics,West,Mumbai,1,1200.39,1200.39,20,240.08,960.31,Net Banking,Shipped,0
101126,2023-06-07,CUST4870,Sara Gupta,Watch,Fashion,South,Hyderabad,2,6205.79,12411.58,0,0.0,12411.58,Net Banking,Delivered,0
101127,2023-09-27,CUST2778,Priya Patel,Shoes,Fashion,North,Chandigarh,4,3141.73,12566.92,20,2513.38,10053.54,Credit Card,Delivered,0
101128,2023-07-17,CUST1185,Pooja Mehta,Laptop,Electronics,North,Delhi,3,103864.4,311593.2,20,62318.64,249274.56,Cash on Delivery,Cancelled,0
101129,2022-05-06,CUST4548,Meera Reddy,Headphones,Electronics,West,Pune,3,1721.23,5163.69,5,258.18,4905.51,UPI,Returned,1
101130,2023-01-07,CUST4221,Diya Gupta,Laptop,Electronics,South,Kochi,4,70635.33,282541.32,5,14127.07,268414.25,Net Banking,Cancelled,0
101131,2022-02-28,CUST2358,Rakesh Sharma,Headphones,Electronics,North,Lucknow,2,5302.25,10604.5,20,2120.9,8483.6,Credit Card,Returned,1
101132,2024-12-11,CUST1410,Sai Singh,Backpack,Accessories,West,Mumbai,3,1531.98,4595.94,10,459.59,4136.35,Net Banking,Delivered,0
101133,2024-04-30,CUST2803,Deepa Bhat,Backpack,Accessories,South,Chennai,1,3472.84,3472.84,0,0.0,3472.84,UPI,Delivered,0
101134,2024-01-19,CUST2957,Meera Gupta,Headphones,Electronics,West,Mumbai,2,4180.31,8360.62,20,1672.12,6688.5,Debit Card,Delivered,0
101135,2022-06-18,CUST3937,Pooja Gupta,Shoes,Fashion,East,Bhubaneswar,1,3782.51,3782.51,20,756.5,3026.01,Debit Card,Shipped,0
101136,2024-08-04,CUST3129,Amit Malhotra,Mouse,Electronics,South,Bengaluru,1,851.48,851.48,15,127.72,723.76,Credit Card,Delivered,0
101137,2022-03-12,CUST3588,Pooja Agarwal,T-Shirt,Fashion,East,Patna,4,540.98,2163.92,10,216.39,1947.53,Debit Card,Returned,1
101138,2023-10-23,CUST2969,Aarav Malhotra,Backpack,Accessories,West,Pune,1,2659.65,2659.65,20,531.93,2127.72,Debit Card,Shipped,0
101139,2024-07-17,CUST3235,Meera Nair,Shoes,Fashion,West,Pune,3,5475.14,16425.42,10,1642.54,14782.88,UPI,Cancelled,0
101140,2024-09-25,CUST2869,Sanjay Bhat,Shoes,Fashion,North,Jaipur,3,3781.15,11343.45,5,567.17,10776.28,Debit Card,Shipped,0
101141,2022-09-16,CUST4993,Vihaan Iyer,Camera,Electronics,East,Patna,4,25514.53,102058.12,15,15308.72,86749.4,UPI,Returned,1
101142,2022-06-19,CUST1747,Deepa Kapoor,Shoes,Fashion,West,Mumbai,3,2556.0,7668.0,20,1533.6,6134.4,Credit Card,Delivered,0
101143,2023-12-26,CUST4194,Sara Yadav,Mouse,Electronics,West,Pune,1,1797.26,1797.26,15,269.59,1527.67,Debit Card,Returned,1
101144,2022-11-22,CUST3600,Vihaan Singh,Headphones,Electronics,South,Bengaluru,4,3411.12,13644.48,5,682.22,12962.26,Net Banking,Shipped,0
101145,2024-03-31,CUST4690,Rohan Agarwal,Watch,Fashion,North,Lucknow,2,23932.1,47864.2,10,4786.42,43077.78,Debit Card,Delivered,0
101146,2023-10-01,CUST3432,Reyansh Yadav,T-Shirt,Fashion,West,Surat,2,547.37,1094.74,25,273.69,821.05,Cash on Delivery,Shipped,0
101147,2022-11-23,CUST2601,Rahul Rao,Camera,Electronics,North,Chandigarh,1,34237.28,34237.28,5,1711.86,32525.42,Debit Card,Delivered,0
101148,2022-11-07,CUST1583,Reyansh Pillai,Watch,Fashion,North,Jaipur,1,24127.9,24127.9,5,1206.39,22921.51,UPI,Shipped,0
101149,2024-06-16,CUST3216,Rohan Gupta,Laptop,Electronics,East,Kolkata,3,79252.72,237758.16,10,23775.82,213982.34,Net Banking,Delivered,0
101150,2022-03-25,CUST1462,Isha Nair,Watch,Fashion,South,Bengaluru,4,19151.16,76604.64,15,11490.7,65113.94,Credit Card,Cancelled,0
101151,2022-07-31,CUST4931,Aditya Yadav,Shoes,Fashion,South,Chennai,4,4772.05,19088.2,15,2863.23,16224.97,Credit Card,Shipped,0
101152,2022-08-04,CUST4450,Deepa Nair,Watch,Fashion,West,Pune,4,17024.87,68099.48,20,13619.9,54479.58,UPI,Delivered,0
101153,2024-09-21,CUST3027,Krishna Malhotra,Laptop,Electronics,West,Ahmedabad,2,106085.18,212170.36,25,53042.59,159127.77,Cash on Delivery,Shipped,0
101154,2024-02-09,CUST4565,Meera Kapoor,Keyboard,Electronics,East,Patna,1,3623.69,3623.69,15,543.55,3080.14,Net Banking,Returned,1
101155,2023-05-04,CUST3755,Diya Malhotra,Mouse,Electronics,North,Delhi,3,2045.92,6137.76,25,1534.44,4603.32,Net Banking,Shipped,0
101156,2024-12-06,CUST4330,Vivaan Agarwal,Watch,Fashion,South,Kochi,3,2148.79,6446.37,15,966.96,5479.41,UPI,Cancelled,0
101157,2024-04-24,CUST3986,Rakesh Sharma,Mouse,Electronics,East,Kolkata,1,697.62,697.62,15,104.64,592.98,Credit Card,Shipped,0
101158,2022-04-08,CUST3863,Ananya Pillai,Shoes,Fashion,West,Ahmedabad,2,4724.87,9449.74,10,944.97,8504.77,Debit Card,Delivered,0
101159,2023-12-15,CUST4459,Sanjay Singh,Laptop,Electronics,East,Bhubaneswar,1,100518.76,100518.76,10,10051.88,90466.88,Credit Card,Returned,1
101160,2023-09-19,CUST3619,Vihaan Patel,Shoes,Fashion,West,Ahmedabad,2,3914.11,7828.22,20,1565.64,6262.58,Debit Card,Delivered,0
101161,2024-06-15,CUST4091,Vikram Chopra,Mouse,Electronics,South,Kochi,3,1964.44,5893.32,5,294.67,5598.65,UPI,Delivered,0
101162,2023-08-30,CUST3204,Sanjay Bhat,Headphones,Electronics,West,Ahmedabad,1,2166.49,2166.49,5,108.32,2058.17,Net Banking,Returned,1
101163,2022-10-26,CUST3182,Neha Mehta,Headphones,Electronics,South,Bengaluru,1,1451.9,1451.9,10,145.19,1306.71,UPI,Cancelled,0
101164,2022-06-18,CUST2812,Ananya Iyer,Mobile,Electronics,South,Kochi,1,86442.07,86442.07,20,17288.41,69153.66,Credit Card,Returned,1
101165,2023-04-08,CUST1595,Myra Reddy,Backpack,Accessories,North,Lucknow,3,1829.71,5489.13,10,548.91,4940.22,Debit Card,Shipped,0
101166,2023-01-29,CUST4473,Kavya Singh,Backpack,Accessories,South,Bengaluru,4,2311.53,9246.12,10,924.61,8321.51,Net Banking,Returned,1
101167,2024-01-17,CUST2311,Vikram Iyer,T-Shirt,Fashion,East,Guwahati,3,1374.78,4124.34,25,1031.09,3093.25,Credit Card,Delivered,0
101168,2022-07-17,CUST3901,Suresh Kapoor,T-Shirt,Fashion,South,Chennai,2,1549.8,3099.6,15,464.94,2634.66,Net Banking,Returned,1
101169,2023-04-04,CUST3352,Myra Nair,Shoes,Fashion,South,Bengaluru,4,4282.91,17131.64,15,2569.75,14561.89,Net Banking,Cancelled,0
101170,2024-07-07,CUST4669,Anika Verma,Backpack,Accessories,South,Kochi,2,2203.22,4406.44,25,1101.61,3304.83,Debit Card,Shipped,0
101171,2022-02-26,CUST3010,Neha Yadav,Mobile,Electronics,South,Chennai,1,37707.39,37707.39,25,9426.85,28280.54,Credit Card,Returned,1
101172,2023-09-16,CUST3334,Ananya Iyer,Mouse,Electronics,East,Bhubaneswar,5,773.45,3867.25,10,386.73,3480.52,Net Banking,Returned,1
101173,2022-04-19,CUST3406,Neha Chopra,T-Shirt,Fashion,West,Pune,4,1771.26,7085.04,10,708.5,6376.54,Cash on Delivery,Cancelled,0
101174,2023-01-03,CUST1120,Priya Singh,Camera,Electronics,West,Mumbai,3,36190.88,108572.64,15,16285.9,92286.74,Debit Card,Shipped,0
101175,2024-02-20,CUST1567,Neha Desai,Shoes,Fashion,East,Patna,1,6198.42,6198.42,10,619.84,5578.58,UPI,Cancelled,0
101176,2023-06-18,CUST1928,Isha Reddy,Mobile,Electronics,North,Jaipur,2,66288.3,132576.6,20,26515.32,106061.28,UPI,Shipped,0
101177,2022-05-05,CUST3796,Anika Verma,Mobile,Electronics,West,Mumbai,2,69897.05,139794.1,10,13979.41,125814.69,Cash on Delivery,Cancelled,0
101178,2024-02-07,CUST4914,Deepa Patel,Mobile,Electronics,North,Delhi,5,51858.8,259294.0,0,0.0,259294.0,UPI,Delivered,0
101179,2022-12-29,CUST3893,Vikram Pillai,Headphones,Electronics,North,Chandigarh,1,2372.29,2372.29,5,118.61,2253.68,Debit Card,Returned,1
101180,2023-10-01,CUST1441,Suresh Joshi,Headphones,Electronics,South,Kochi,1,1079.17,1079.17,10,107.92,971.25,Cash on Delivery,Cancelled,0
101181,2024-07-20,CUST4406,Suresh Bhat,Mobile,Electronics,East,Bhubaneswar,5,49309.74,246548.7,15,36982.31,209566.39,Net Banking,Cancelled,0
101182,2024-10-02,CUST1170,Reyansh Agarwal,Mouse,Electronics,West,Mumbai,3,444.02,1332.06,5,66.6,1265.46,Debit Card,Shipped,0
101183,2024-11-30,CUST4735,Aditya Mehta,Mobile,Electronics,North,Chandigarh,4,82683.11,330732.44,15,49609.87,281122.57,Net Banking,Shipped,0
101184,2023-02-10,CUST2655,Rohan Rao,T-Shirt,Fashion,South,Kochi,4,1282.64,5130.56,5,256.53,4874.03,Debit Card,Delivered,0
101185,2024-10-16,CUST4157,Rakesh Joshi,Mouse,Electronics,South,Kochi,1,529.5,529.5,10,52.95,476.55,Net Banking,Delivered,0
101186,2023-10-05,CUST3188,Pooja Verma,Backpack,Accessories,South,Bengaluru,1,1405.13,1405.13,20,281.03,1124.1,Net Banking,Returned,1
101187,2024-12-09,CUST3083,Deepa Singh,Backpack,Accessories,North,Jaipur,2,2009.06,4018.12,10,401.81,3616.31,UPI,Returned,1
101188,2022-05-30,CUST3028,Neha Reddy,Mobile,Electronics,East,Kolkata,5,16990.71,84953.55,25,21238.39,63715.16,Debit Card,Returned,1
101189,2022-01-10,CUST3701,Vikram Iyer,Keyboard,Electronics,East,Kolkata,1,2025.95,2025.95,20,405.19,1620.76,Cash on Delivery,Cancelled,0
101190,2023-05-20,CUST4612,Meera Nair,Mobile,Electronics,West,Surat,4,39114.49,156457.96,20,31291.59,125166.37,Cash on Delivery,Shipped,0
101191,2022-01-21,CUST2544,Kavya Rao,Mouse,Electronics,East,Patna,1,2233.1,2233.1,15,334.96,1898.14,Credit Card,Delivered,0
101192,2024-07-08,CUST1288,Arjun Iyer,Laptop,Electronics,West,Pune,4,76498.4,305993.6,15,45899.04,260094.56,UPI,Shipped,0
101193,2024-03-26,CUST2173,Rohan Bhat,Camera,Electronics,North,Chandigarh,1,36477.59,36477.59,5,1823.88,34653.71,Credit Card,Cancelled,0
101194,2024-10-16,CUST3122,Reyansh Kumar,Laptop,Electronics,West,Ahmedabad,1,45149.06,45149.06,20,9029.81,36119.25,Debit Card,Cancelled,0
101195,2022-05-19,CUST3520,Krishna Rao,Backpack,Accessories,South,Bengaluru,1,1287.47,1287.47,10,128.75,1158.72,Cash on Delivery,Returned,1
101196,2023-01-23,CUST3969,Sanjay Reddy,Mobile,Electronics,South,Chennai,2,71299.25,142598.5,15,21389.78,121208.72,Net Banking,Returned,1
101197,2023-02-15,CUST2602,Vikram Verma,Mobile,Electronics,North,Delhi,5,36649.15,183245.75,25,45811.44,137434.31,Debit Card,Delivered,0
101198,2024-06-17,CUST1284,Aarav Pillai,Mouse,Electronics,North,Jaipur,2,795.52,1591.04,15,238.66,1352.38,Credit Card,Returned,1
101199,2022-05-14,CUST3188,Kavya Kapoor,Keyboard,Electronics,East,Patna,3,1073.45,3220.35,25,805.09,2415.26,Cash on Delivery,Shipped,0
101200,2022-01-13,CUST3304,Isha Sharma,Backpack,Accessories,East,Bhubaneswar,3,1939.81,5819.43,0,0.0,5819.43,Cash on Delivery,Returned,1
101201,2024-09-02,CUST3641,Suresh Malhotra,Backpack,Accessories,West,Mumbai,4,2953.01,11812.04,0,0.0,11812.04,Net Banking,Shipped,0
101202,2024-07-20,CUST2860,Aadhya Kumar,Mouse,Electronics,South,Kochi,2,1945.75,3891.5,15,583.73,3307.77,Net Banking,Shipped,0
101203,2022-11-25,CUST2768,Diya Sharma,T-Shirt,Fashion,West,Pune,1,1273.79,1273.79,5,63.69,1210.1,UPI,Cancelled,0
101204,2023-12-24,CUST2724,Reyansh Agarwal,Laptop,Electronics,North,Chandigarh,2,109783.43,219566.86,20,43913.37,175653.49,UPI,Shipped,0
101205,2022-09-30,CUST1843,Pooja Kapoor,Mouse,Electronics,South,Kochi,2,1154.57,2309.14,10,230.91,2078.23,Credit Card,Returned,1
101206,2024-08-06,CUST2535,Anika Rao,Keyboard,Electronics,North,Lucknow,3,4292.02,12876.06,15,1931.41,10944.65,Net Banking,Delivered,0
101207,2023-02-13,CUST3259,Reyansh Mehta,Laptop,Electronics,North,Lucknow,2,81140.44,162280.88,10,16228.09,146052.79,Net Banking,Delivered,0
101208,2022-12-19,CUST4150,Ishaan Malhotra,Headphones,Electronics,East,Guwahati,1,3989.46,3989.46,15,598.42,3391.04,UPI,Returned,1
101209,2024-09-23,CUST4821,Ananya Yadav,Headphones,Electronics,East,Bhubaneswar,1,3078.73,3078.73,5,153.94,2924.79,Debit Card,Returned,1
101210,2022-04-19,CUST2283,Ananya Patel,Watch,Fashion,South,Bengaluru,3,19929.7,59789.1,0,0.0,59789.1,Cash on Delivery,Cancelled,0
101211,2024-07-03,CUST3881,Aadhya Mehta,Mobile,Electronics,North,Lucknow,5,33912.51,169562.55,0,0.0,169562.55,Net Banking,Cancelled,0
101212,2024-12-26,CUST2678,Suresh Yadav,Headphones,Electronics,South,Bengaluru,4,1950.65,7802.6,20,1560.52,6242.08,Debit Card,Delivered,0
101213,2022-10-28,CUST1397,Suresh Pillai,Headphones,Electronics,South,Kochi,3,2824.89,8474.67,20,1694.93,6779.74,Debit Card,Cancelled,0
101214,2024-01-13,CUST3395,Suresh Pillai,Backpack,Accessories,North,Chandigarh,2,2296.82,4593.64,15,689.05,3904.59,Net Banking,Returned,1
101215,2024-01-28,CUST1552,Aditya Singh,Watch,Fashion,North,Delhi,5,23729.18,118645.9,10,11864.59,106781.31,Credit Card,Cancelled,0
101216,2023-10-19,CUST2452,Rohan Patel,Watch,Fashion,South,Kochi,5,3841.13,19205.65,25,4801.41,14404.24,Debit Card,Cancelled,0
101217,2023-06-02,CUST2147,Reyansh Kapoor,Watch,Fashion,West,Surat,1,22406.94,22406.94,10,2240.69,20166.25,Debit Card,Delivered,0
101218,2023-06-23,CUST2382,Myra Rao,T-Shirt,Fashion,West,Mumbai,2,1663.43,3326.86,0,0.0,3326.86,Debit Card,Returned,1
101219,2022-02-09,CUST1817,Rohan Agarwal,Backpack,Accessories,South,Kochi,3,1965.71,5897.13,0,0.0,5897.13,Net Banking,Shipped,0
101220,2024-05-19,CUST1542,Kavya Mehta,Shoes,Fashion,South,Bengaluru,3,2413.59,7240.77,10,724.08,6516.69,Credit Card,Cancelled,0
101221,2023-10-15,CUST4669,Deepa Kapoor,Mobile,Electronics,East,Bhubaneswar,2,30600.47,61200.94,20,12240.19,48960.75,Cash on Delivery,Cancelled,0
101222,2023-05-01,CUST4537,Sanjay Patel,Camera,Electronics,North,Lucknow,4,19281.98,77127.92,0,0.0,77127.92,Credit Card,Shipped,0
101223,2024-08-01,CUST4219,Rahul Mehta,Camera,Electronics,North,Delhi,3,28645.39,85936.17,20,17187.23,68748.94,Cash on Delivery,Shipped,0
101224,2022-07-07,CUST4242,Aarav Rao,Camera,Electronics,East,Kolkata,3,22980.85,68942.55,15,10341.38,58601.17,Cash on Delivery,Shipped,0
101225,2024-10-11,CUST2921,Meera Singh,Keyboard,Electronics,North,Delhi,2,3001.81,6003.62,5,300.18,5703.44,Debit Card,Returned,1
101226,2023-01-23,CUST3878,Neha Gupta,Laptop,Electronics,East,Kolkata,2,78144.67,156289.34,0,0.0,156289.34,Debit Card,Shipped,0
101227,2024-04-24,CUST1893,Sara Joshi,Camera,Electronics,North,Jaipur,4,24108.62,96434.48,10,9643.45,86791.03,Net Banking,Delivered,0
101228,2022-11-27,CUST1257,Aditya Verma,Mouse,Electronics,North,Jaipur,3,1467.21,4401.63,15,660.24,3741.39,Credit Card,Delivered,0
101229,2022-06-30,CUST4159,Ananya Malhotra,Shoes,Fashion,South,Bengaluru,3,5479.14,16437.42,0,0.0,16437.42,UPI,Shipped,0
101230,2024-09-10,CUST2229,Diya Desai,Mobile,Electronics,East,Kolkata,3,67899.06,203697.18,5,10184.86,193512.32,Credit Card,Returned,1
101231,2024-08-03,CUST2899,Ananya Agarwal,Shoes,Fashion,South,Chennai,1,1855.1,1855.1,15,278.26,1576.84,UPI,Delivered,0
101232,2024-02-21,CUST2636,Deepa Kumar,Shoes,Fashion,South,Chennai,3,3059.16,9177.48,25,2294.37,6883.11,Debit Card,Cancelled,0
101233,2022-11-03,CUST1810,Ishaan Mehta,Mobile,Electronics,North,Lucknow,1,85629.48,85629.48,5,4281.47,81348.01,Cash on Delivery,Delivered,0
101234,2024-10-19,CUST4880,Kavya Rao,Backpack,Accessories,South,Chennai,2,3396.95,6793.9,10,679.39,6114.51,Debit Card,Shipped,0
101235,2022-10-17,CUST4863,Krishna Kapoor,Headphones,Electronics,South,Bengaluru,2,1563.28,3126.56,25,781.64,2344.92,UPI,Returned,1
101236,2024-05-28,CUST3453,Meera Gupta,Shoes,Fashion,West,Surat,2,6258.4,12516.8,15,1877.52,10639.28,Credit Card,Returned,1
101237,2024-08-27,CUST2831,Aditya Sharma,Headphones,Electronics,South,Hyderabad,3,6611.29,19833.87,20,3966.77,15867.1,Credit Card,Returned,1
101238,2024-09-02,CUST3273,Rakesh Nair,Mobile,Electronics,South,Chennai,5,64750.82,323754.1,20,64750.82,259003.28,Credit Card,Returned,1
101239,2023-04-14,CUST3496,Neha Malhotra,Mobile,Electronics,East,Patna,3,82050.32,246150.96,25,61537.74,184613.22,Net Banking,Cancelled,0
101240,2024-02-26,CUST3554,Sanjay Kumar,Keyboard,Electronics,West,Pune,2,2379.01,4758.02,0,0.0,4758.02,Net Banking,Cancelled,0
101241,2024-03-08,CUST4241,Sanjay Reddy,Mobile,Electronics,North,Chandigarh,2,81934.87,163869.74,25,40967.43,122902.31,Credit Card,Shipped,0
101242,2024-09-15,CUST4209,Anika Kumar,Laptop,Electronics,East,Patna,4,40016.81,160067.24,5,8003.36,152063.88,Cash on Delivery,Delivered,0
101243,2022-09-04,CUST4012,Rohan Verma,Laptop,Electronics,West,Surat,5,86405.54,432027.7,10,43202.77,388824.93,Debit Card,Cancelled,0
101244,2023-02-23,CUST1103,Arjun Joshi,Keyboard,Electronics,South,Hyderabad,1,2004.04,2004.04,15,300.61,1703.43,Cash on Delivery,Delivered,0
101245,2024-02-22,CUST3432,Anika Singh,Backpack,Accessories,East,Guwahati,1,2269.36,2269.36,20,453.87,1815.49,Debit Card,Delivered,0
101246,2022-11-30,CUST2322,Riya Kumar,Shoes,Fashion,East,Kolkata,5,3453.28,17266.4,5,863.32,16403.08,Net Banking,Delivered,0
101247,2024-06-08,CUST2620,Rahul Mehta,Backpack,Accessories,North,Jaipur,3,2048.29,6144.87,5,307.24,5837.63,UPI,Returned,1
101248,2022-04-25,CUST3034,Pooja Kumar,Headphones,Electronics,South,Bengaluru,3,3132.9,9398.7,15,1409.81,7988.89,Cash on Delivery,Cancelled,0
101249,2024-01-08,CUST1332,Diya Mehta,Camera,Electronics,West,Pune,1,35911.22,35911.22,25,8977.81,26933.41,Debit Card,Shipped,0
101250,2022-07-03,CUST2837,Priya Reddy,Mouse,Electronics,South,Bengaluru,2,1499.25,2998.5,10,299.85,2698.65,UPI,Returned,1
101251,2023-04-07,CUST1172,Aadhya Verma,Headphones,Electronics,North,Jaipur,1,1206.9,1206.9,15,181.03,1025.87,Cash on Delivery,Shipped,0
101252,2024-03-21,CUST4135,Aarav Kapoor,Keyboard,Electronics,East,Bhubaneswar,5,1050.69,5253.45,5,262.67,4990.78,UPI,Returned,1
101253,2024-10-03,CUST3874,Aarav Chopra,Laptop,Electronics,South,Kochi,3,38411.05,115233.15,10,11523.32,103709.83,Debit Card,Shipped,0
101254,2023-07-31,CUST2533,Ishaan Bhat,Camera,Electronics,East,Patna,2,48161.47,96322.94,10,9632.29,86690.65,Debit Card,Returned,1
101255,2023-08-08,CUST2824,Myra Sharma,T-Shirt,Fashion,South,Chennai,4,721.6,2886.4,5,144.32,2742.08,Credit Card,Delivered,0
101256,2023-02-26,CUST4013,Reyansh Malhotra,Watch,Fashion,West,Surat,1,3882.11,3882.11,10,388.21,3493.9,Cash on Delivery,Returned,1
101257,2023-04-16,CUST1888,Riya Nair,Laptop,Electronics,West,Pune,4,104518.12,418072.48,10,41807.25,376265.23,Cash on Delivery,Returned,1
101258,2024-03-06,CUST2875,Pooja Mehta,T-Shirt,Fashion,North,Delhi,1,612.33,612.33,5,30.62,581.71,UPI,Cancelled,0
101259,2022-08-08,CUST4492,Vikram Sharma,Mouse,Electronics,East,Bhubaneswar,5,1356.39,6781.95,10,678.2,6103.75,Debit Card,Shipped,0
101260,2022-11-23,CUST2507,Vihaan Verma,Backpack,Accessories,East,Kolkata,5,3339.37,16696.85,5,834.84,15862.01,UPI,Returned,1
101261,2022-03-13,CUST2237,Vikram Gupta,Keyboard,Electronics,East,Guwahati,3,1991.28,5973.84,5,298.69,5675.15,Cash on Delivery,Delivered,0
101262,2024-09-02,CUST1461,Sai Sharma,Headphones,Electronics,North,Lucknow,1,5384.31,5384.31,25,1346.08,4038.23,Cash on Delivery,Cancelled,0
101263,2024-09-09,CUST1882,Aditya Kumar,Camera,Electronics,East,Guwahati,4,38191.08,152764.32,10,15276.43,137487.89,Credit Card,Shipped,0
101264,2022-01-28,CUST3689,Riya Verma,Camera,Electronics,South,Kochi,1,34896.94,34896.94,20,6979.39,27917.55,UPI,Shipped,0
101265,2023-07-11,CUST1961,Deepa Reddy,Camera,Electronics,West,Ahmedabad,3,43754.83,131264.49,5,6563.22,124701.27,Credit Card,Shipped,0
101266,2022-04-07,CUST1362,Rohan Chopra,Shoes,Fashion,West,Mumbai,4,5578.2,22312.8,10,2231.28,20081.52,UPI,Cancelled,0
101267,2023-10-19,CUST2667,Pooja Chopra,Watch,Fashion,South,Kochi,2,10083.77,20167.54,20,4033.51,16134.03,Net Banking,Returned,1
101268,2024-04-15,CUST1354,Diya Rao,Headphones,Electronics,East,Patna,2,3301.55,6603.1,5,330.15,6272.95,UPI,Returned,1
101269,2022-12-03,CUST2406,Vikram Verma,Watch,Fashion,North,Lucknow,2,9736.31,19472.62,10,1947.26,17525.36,Net Banking,Cancelled,0
101270,2022-10-13,CUST4377,Priya Reddy,T-Shirt,Fashion,West,Pune,3,1133.31,3399.93,20,679.99,2719.94,Debit Card,Cancelled,0
101271,2022-01-09,CUST3722,Ishaan Bhat,Mouse,Electronics,North,Chandigarh,4,2479.11,9916.44,10,991.64,8924.8,Net Banking,Shipped,0
101272,2024-03-19,CUST1897,Sara Agarwal,Headphones,Electronics,East,Patna,2,3143.51,6287.02,20,1257.4,5029.62,Credit Card,Returned,1
101273,2023-01-21,CUST4658,Neha Sharma,Watch,Fashion,South,Kochi,3,24713.22,74139.66,5,3706.98,70432.68,UPI,Shipped,0
101274,2023-09-13,CUST3219,Priya Reddy,T-Shirt,Fashion,West,Surat,1,454.7,454.7,25,113.67,341.03,Debit Card,Returned,1
101275,2022-05-27,CUST2853,Aditya Nair,Camera,Electronics,West,Pune,1,16243.9,16243.9,0,0.0,16243.9,Debit Card,Cancelled,0
101276,2023-03-03,CUST3536,Rohan Rao,Camera,Electronics,South,Hyderabad,3,15422.74,46268.22,10,4626.82,41641.4,Credit Card,Delivered,0
101277,2024-08-27,CUST4083,Deepa Agarwal,Watch,Fashion,West,Mumbai,3,24452.92,73358.76,10,7335.88,66022.88,Credit Card,Shipped,0
101278,2024-02-18,CUST4109,Vivaan Desai,T-Shirt,Fashion,East,Guwahati,3,1249.34,3748.02,10,374.8,3373.22,UPI,Cancelled,0
101279,2023-11-22,CUST2922,Krishna Yadav,Camera,Electronics,South,Bengaluru,1,43971.15,43971.15,15,6595.67,37375.48,Cash on Delivery,Delivered,0
101280,2022-02-27,CUST2820,Suresh Kapoor,Backpack,Accessories,South,Kochi,1,2144.4,2144.4,0,0.0,2144.4,Debit Card,Returned,1
101281,2022-04-10,CUST1481,Ishaan Malhotra,Camera,Electronics,South,Kochi,1,37602.0,37602.0,20,7520.4,30081.6,Net Banking,Returned,1
101282,2022-11-14,CUST1815,Priya Patel,T-Shirt,Fashion,South,Kochi,1,585.98,585.98,5,29.3,556.68,Credit Card,Delivered,0
101283,2022-03-31,CUST1915,Rohan Singh,Shoes,Fashion,South,Bengaluru,2,5069.37,10138.74,15,1520.81,8617.93,Debit Card,Cancelled,0
101284,2022-10-13,CUST3305,Arjun Yadav,Mobile,Electronics,West,Surat,1,45017.98,45017.98,15,6752.7,38265.28,Cash on Delivery,Shipped,0
101285,2022-08-06,CUST1137,Kavya Desai,Backpack,Accessories,South,Hyderabad,4,2188.94,8755.76,15,1313.36,7442.4,Credit Card,Returned,1
101286,2024-11-04,CUST4713,Suresh Iyer,Laptop,Electronics,South,Kochi,1,42415.65,42415.65,20,8483.13,33932.52,Credit Card,Delivered,0
101287,2023-06-23,CUST4976,Aadhya Patel,Headphones,Electronics,North,Lucknow,1,2144.89,2144.89,5,107.24,2037.65,Net Banking,Delivered,0
101288,2024-03-11,CUST1245,Aarav Chopra,Headphones,Electronics,East,Kolkata,3,2472.19,7416.57,0,0.0,7416.57,Debit Card,Returned,1
101289,2022-10-08,CUST4524,Ananya Iyer,T-Shirt,Fashion,West,Mumbai,2,735.54,1471.08,10,147.11,1323.97,Credit Card,Cancelled,0
101290,2022-05-26,CUST4513,Arjun Kumar,Shoes,Fashion,West,Pune,3,3578.34,10735.02,5,536.75,10198.27,Debit Card,Delivered,0
101291,2024-04-26,CUST4840,Priya Chopra,T-Shirt,Fashion,North,Delhi,2,1785.31,3570.62,0,0.0,3570.62,Debit Card,Shipped,0
101292,2024-02-05,CUST3483,Isha Pillai,Keyboard,Electronics,West,Surat,1,2227.48,2227.48,20,445.5,1781.98,UPI,Shipped,0
101293,2022-11-19,CUST3135,Krishna Yadav,Keyboard,Electronics,East,Bhubaneswar,2,4297.55,8595.1,10,859.51,7735.59,UPI,Returned,1
101294,2022-10-26,CUST2513,Sanjay Verma,Laptop,Electronics,South,Bengaluru,2,37627.69,75255.38,0,0.0,75255.38,Cash on Delivery,Returned,1
101295,2023-09-24,CUST3094,Deepa Desai,Laptop,Electronics,South,Kochi,3,118867.71,356603.13,5,17830.16,338772.97,Net Banking,Returned,1
101296,2022-05-09,CUST4826,Ishaan Nair,Shoes,Fashion,South,Chennai,2,1409.53,2819.06,10,281.91,2537.15,Credit Card,Returned,1
101297,2023-09-20,CUST3120,Reyansh Mehta,Laptop,Electronics,West,Pune,2,111993.92,223987.84,20,44797.57,179190.27,Net Banking,Shipped,0
101298,2023-08-28,CUST3918,Reyansh Chopra,Mouse,Electronics,South,Kochi,3,714.38,2143.14,15,321.47,1821.67,Debit Card,Cancelled,0
101299,2023-02-26,CUST1749,Meera Mehta,T-Shirt,Fashion,South,Chennai,4,1193.54,4774.16,5,238.71,4535.45,Credit Card,Returned,1
101300,2023-06-06,CUST2034,Meera Patel,Shoes,Fashion,South,Kochi,2,2416.15,4832.3,10,483.23,4349.07,Net Banking,Delivered,0
101301,2023-07-22,CUST2722,Sara Malhotra,Camera,Electronics,West,Surat,1,22557.12,22557.12,25,5639.28,16917.84,UPI,Delivered,0
101302,2022-09-02,CUST1503,Arjun Singh,Keyboard,Electronics,North,Chandigarh,3,2458.24,7374.72,0,0.0,7374.72,UPI,Delivered,0
101303,2022-07-16,CUST1839,Suresh Rao,Mobile,Electronics,East,Kolkata,1,14692.68,14692.68,0,0.0,14692.68,Net Banking,Shipped,0
101304,2023-05-08,CUST3532,Krishna Iyer,Backpack,Accessories,West,Mumbai,1,1976.49,1976.49,15,296.47,1680.02,Credit Card,Delivered,0
101305,2023-10-11,CUST1703,Sanjay Iyer,Watch,Fashion,East,Patna,5,9614.52,48072.6,5,2403.63,45668.97,Cash on Delivery,Returned,1
101306,2022-09-13,CUST4462,Vihaan Iyer,Mouse,Electronics,North,Delhi,5,500.59,2502.95,15,375.44,2127.51,Credit Card,Cancelled,0
101307,2023-05-05,CUST2782,Amit Joshi,Mouse,Electronics,North,Chandigarh,3,2262.15,6786.45,20,1357.29,5429.16,Credit Card,Shipped,0
101308,2024-06-25,CUST4484,Arjun Agarwal,Watch,Fashion,West,Surat,2,6725.9,13451.8,20,2690.36,10761.44,UPI,Returned,1
101309,2024-12-09,CUST1084,Ananya Mehta,Watch,Fashion,East,Kolkata,2,7667.01,15334.02,20,3066.8,12267.22,UPI,Delivered,0
101310,2024-02-13,CUST1848,Sai Agarwal,Shoes,Fashion,South,Kochi,4,4296.7,17186.8,10,1718.68,15468.12,Cash on Delivery,Returned,1
101311,2024-08-19,CUST1999,Aarav Malhotra,Keyboard,Electronics,South,Kochi,1,3359.74,3359.74,20,671.95,2687.79,UPI,Returned,1
101312,2024-07-01,CUST1366,Suresh Rao,Camera,Electronics,South,Bengaluru,2,28807.37,57614.74,10,5761.47,51853.27,UPI,Delivered,0
101313,2024-11-25,CUST4318,Meera Kapoor,Mouse,Electronics,North,Lucknow,1,2305.52,2305.52,5,115.28,2190.24,Debit Card,Shipped,0
101314,2022-04-13,CUST3151,Ishaan Patel,Keyboard,Electronics,West,Surat,2,3542.84,7085.68,0,0.0,7085.68,Debit Card,Shipped,0
101315,2023-10-01,CUST1273,Sai Kapoor,Laptop,Electronics,South,Hyderabad,1,72050.97,72050.97,20,14410.19,57640.78,Debit Card,Shipped,0
101316,2024-08-21,CUST1967,Kavya Singh,Keyboard,Electronics,West,Mumbai,3,3632.4,10897.2,20,2179.44,8717.76,Debit Card,Delivered,0
101317,2023-01-02,CUST4191,Anika Gupta,Backpack,Accessories,West,Pune,3,1377.21,4131.63,15,619.74,3511.89,Credit Card,Cancelled,0
101318,2023-10-29,CUST4138,Deepa Singh,Shoes,Fashion,South,Hyderabad,3,1755.22,5265.66,25,1316.41,3949.25,Debit Card,Cancelled,0
101319,2022-11-16,CUST1990,Deepa Kumar,Laptop,Electronics,South,Bengaluru,2,111061.25,222122.5,10,22212.25,199910.25,Debit Card,Shipped,0
101320,2022-03-28,CUST1556,Aditya Agarwal,Watch,Fashion,West,Ahmedabad,2,12027.67,24055.34,15,3608.3,20447.04,Debit Card,Shipped,0
101321,2024-08-13,CUST2449,Rahul Kapoor,Backpack,Accessories,South,Kochi,3,2108.54,6325.62,10,632.56,5693.06,UPI,Cancelled,0
101322,2022-09-16,CUST1847,Rakesh Verma,Watch,Fashion,East,Guwahati,4,13658.6,54634.4,10,5463.44,49170.96,Net Banking,Cancelled,0
101323,2024-02-05,CUST2995,Aarav Mehta,Camera,Electronics,East,Patna,4,19621.45,78485.8,20,15697.16,62788.64,UPI,Delivered,0
101324,2022-10-14,CUST2623,Rahul Joshi,Keyboard,Electronics,East,Bhubaneswar,2,3053.81,6107.62,0,0.0,6107.62,Net Banking,Cancelled,0
101325,2023-02-24,CUST2703,Myra Kumar,Keyboard,Electronics,North,Lucknow,5,1511.68,7558.4,10,755.84,6802.56,UPI,Delivered,0
101326,2024-03-02,CUST1319,Vikram Rao,Backpack,Accessories,North,Lucknow,4,3322.32,13289.28,5,664.46,12624.82,Cash on Delivery,Delivered,0
101327,2023-02-01,CUST1679,Rohan Kapoor,Watch,Fashion,South,Kochi,1,24556.31,24556.31,20,4911.26,19645.05,Cash on Delivery,Delivered,0
101328,2024-12-03,CUST2836,Diya Sharma,Backpack,Accessories,West,Pune,3,2491.66,7474.98,0,0.0,7474.98,Net Banking,Shipped,0
101329,2024-06-16,CUST2775,Sanjay Desai,Mouse,Electronics,South,Kochi,2,1018.4,2036.8,10,203.68,1833.12,Net Banking,Returned,1
101330,2024-06-19,CUST1589,Pooja Nair,T-Shirt,Fashion,North,Delhi,5,572.33,2861.65,20,572.33,2289.32,Credit Card,Returned,1
101331,2022-01-25,CUST2713,Arjun Reddy,Headphones,Electronics,East,Bhubaneswar,1,3564.0,3564.0,10,356.4,3207.6,Cash on Delivery,Shipped,0
101332,2022-05-16,CUST2087,Sai Verma,Watch,Fashion,North,Lucknow,2,14722.85,29445.7,25,7361.43,22084.27,Debit Card,Shipped,0
101333,2024-07-30,CUST3526,Rakesh Mehta,Shoes,Fashion,West,Pune,2,6394.7,12789.4,25,3197.35,9592.05,UPI,Shipped,0
101334,2023-10-31,CUST3735,Sara Kumar,Mobile,Electronics,West,Ahmedabad,3,53381.95,160145.85,20,32029.17,128116.68,Credit Card,Returned,1
101335,2023-07-12,CUST2231,Ananya Kapoor,Watch,Fashion,South,Hyderabad,4,19723.45,78893.8,5,3944.69,74949.11,Cash on Delivery,Delivered,0
101336,2022-10-31,CUST4459,Anika Iyer,Shoes,Fashion,West,Surat,1,4213.48,4213.48,20,842.7,3370.78,Credit Card,Shipped,0
101337,2024-04-25,CUST2717,Pooja Agarwal,Keyboard,Electronics,West,Pune,2,1113.03,2226.06,0,0.0,2226.06,Net Banking,Delivered,0
101338,2022-04-27,CUST4338,Kavya Agarwal,Watch,Fashion,South,Bengaluru,1,16028.78,16028.78,25,4007.2,12021.58,Cash on Delivery,Cancelled,0
101339,2024-10-04,CUST3410,Suresh Agarwal,Mouse,Electronics,North,Chandigarh,5,1034.33,5171.65,10,517.16,4654.49,Credit Card,Shipped,0
101340,2024-02-11,CUST1412,Deepa Patel,Keyboard,Electronics,South,Chennai,1,2942.29,2942.29,5,147.11,2795.18,Debit Card,Returned,1
101341,2022-01-05,CUST1133,Aadhya Singh,Camera,Electronics,North,Delhi,1,32141.7,32141.7,20,6428.34,25713.36,Debit Card,Cancelled,0
101342,2022-12-05,CUST2352,Vikram Joshi,Headphones,Electronics,South,Hyderabad,3,7410.2,22230.6,15,3334.59,18896.01,Net Banking,Shipped,0
101343,2024-03-11,CUST1440,Priya Desai,Camera,Electronics,North,Delhi,5,39574.53,197872.65,20,39574.53,158298.12,Debit Card,Cancelled,0
101344,2022-11-19,CUST1393,Rahul Kapoor,Laptop,Electronics,East,Kolkata,4,59177.81,236711.24,0,0.0,236711.24,Net Banking,Cancelled,0
101345,2024-01-05,CUST2202,Sara Joshi,Shoes,Fashion,East,Patna,1,5672.08,5672.08,15,850.81,4821.27,UPI,Cancelled,0
101346,2022-11-01,CUST1150,Neha Kumar,Mouse,Electronics,South,Chennai,4,2163.67,8654.68,15,1298.2,7356.48,Debit Card,Shipped,0
101347,2023-11-13,CUST3372,Neha Mehta,Camera,Electronics,North,Delhi,1,54929.03,54929.03,0,0.0,54929.03,Cash on Delivery,Delivered,0
101348,2023-09-12,CUST4668,Suresh Reddy,Keyboard,Electronics,East,Guwahati,2,4219.49,8438.98,15,1265.85,7173.13,Net Banking,Returned,1
101349,2023-06-01,CUST4328,Isha Singh,Shoes,Fashion,East,Patna,1,1972.34,1972.34,0,0.0,1972.34,Cash on Delivery,Cancelled,0
101350,2024-05-14,CUST4924,Amit Mehta,Shoes,Fashion,South,Kochi,4,5730.42,22921.68,10,2292.17,20629.51,Credit Card,Returned,1
101351,2023-11-17,CUST4621,Arjun Verma,Watch,Fashion,West,Pune,1,19840.32,19840.32,25,4960.08,14880.24,UPI,Shipped,0
101352,2022-01-19,CUST3913,Rahul Chopra,Headphones,Electronics,North,Chandigarh,5,7332.61,36663.05,15,5499.46,31163.59,UPI,Shipped,0
101353,2022-10-30,CUST2120,Ananya Kapoor,Mobile,Electronics,West,Ahmedabad,2,17472.38,34944.76,15,5241.71,29703.05,Net Banking,Shipped,0
101354,2023-08-18,CUST1182,Anika Pillai,T-Shirt,Fashion,South,Chennai,2,1727.23,3454.46,20,690.89,2763.57,UPI,Cancelled,0
101355,2023-04-18,CUST4419,Suresh Mehta,Laptop,Electronics,South,Kochi,3,117032.29,351096.87,0,0.0,351096.87,UPI,Cancelled,0
101356,2023-06-05,CUST1017,Isha Nair,Watch,Fashion,North,Jaipur,2,16718.9,33437.8,0,0.0,33437.8,Debit Card,Returned,1
101357,2022-06-05,CUST3192,Rakesh Nair,T-Shirt,Fashion,North,Lucknow,5,1001.41,5007.05,10,500.7,4506.35,UPI,Shipped,0
101358,2022-04-15,CUST1874,Aadhya Malhotra,T-Shirt,Fashion,West,Mumbai,2,1731.27,3462.54,15,519.38,2943.16,Credit Card,Returned,1
101359,2023-11-04,CUST3687,Sai Bhat,T-Shirt,Fashion,East,Patna,4,1590.09,6360.36,25,1590.09,4770.27,UPI,Returned,1
101360,2023-06-13,CUST3751,Sai Joshi,Keyboard,Electronics,North,Chandigarh,1,3087.37,3087.37,25,771.84,2315.53,Cash on Delivery,Shipped,0
101361,2022-05-21,CUST4576,Aditya Kumar,Laptop,Electronics,South,Kochi,1,48932.12,48932.12,0,0.0,48932.12,Credit Card,Delivered,0
101362,2022-08-21,CUST2382,Sanjay Pillai,Camera,Electronics,West,Mumbai,5,17639.29,88196.45,15,13229.47,74966.98,Credit Card,Cancelled,0
101363,2022-07-08,CUST2588,Diya Singh,Camera,Electronics,South,Kochi,2,34249.67,68499.34,15,10274.9,58224.44,Cash on Delivery,Delivered,0
101364,2022-11-29,CUST1656,Arjun Mehta,Keyboard,Electronics,South,Hyderabad,3,4143.68,12431.04,15,1864.66,10566.38,Cash on Delivery,Cancelled,0
101365,2024-03-08,CUST1424,Rakesh Rao,T-Shirt,Fashion,West,Pune,2,1690.84,3381.68,15,507.25,2874.43,Cash on Delivery,Delivered,0
101366,2022-05-18,CUST4418,Pooja Iyer,T-Shirt,Fashion,West,Surat,1,625.71,625.71,15,93.86,531.85,Net Banking,Returned,1
101367,2023-01-21,CUST2455,Aarav Malhotra,Shoes,Fashion,South,Kochi,2,4498.15,8996.3,5,449.81,8546.49,Cash on Delivery,Shipped,0
101368,2022-06-24,CUST3435,Arjun Gupta,Backpack,Accessories,West,Ahmedabad,3,2155.73,6467.19,20,1293.44,5173.75,Credit Card,Cancelled,0
101369,2023-11-29,CUST4321,Vihaan Yadav,T-Shirt,Fashion,South,Bengaluru,3,1036.47,3109.41,10,310.94,2798.47,Net Banking,Returned,1
101370,2022-04-23,CUST3850,Rohan Kumar,Backpack,Accessories,West,Ahmedabad,1,2435.29,2435.29,10,243.53,2191.76,Cash on Delivery,Cancelled,0
101371,2024-10-17,CUST2666,Rohan Joshi,Laptop,Electronics,West,Pune,1,107227.64,107227.64,25,26806.91,80420.73,Net Banking,Delivered,0
101372,2022-07-25,CUST1389,Diya Gupta,Backpack,Accessories,North,Jaipur,2,2837.14,5674.28,20,1134.86,4539.42,Net Banking,Returned,1
101373,2023-07-21,CUST4091,Rohan Bhat,Laptop,Electronics,East,Patna,4,50522.61,202090.44,5,10104.52,191985.92,Cash on Delivery,Shipped,0
101374,2023-09-02,CUST4081,Vihaan Agarwal,T-Shirt,Fashion,West,Mumbai,4,1145.96,4583.84,10,458.38,4125.46,Net Banking,Delivered,0
101375,2022-01-09,CUST1174,Vihaan Desai,Backpack,Accessories,South,Kochi,1,1966.51,1966.51,15,294.98,1671.53,Debit Card,Shipped,0
101376,2023-05-23,CUST1689,Aditya Mehta,Shoes,Fashion,West,Surat,2,2379.98,4759.96,10,476.0,4283.96,Net Banking,Cancelled,0
101377,2024-11-09,CUST1021,Krishna Rao,Headphones,Electronics,East,Kolkata,3,921.29,2763.87,5,138.19,2625.68,Debit Card,Shipped,0
101378,2023-01-30,CUST2198,Priya Kapoor,T-Shirt,Fashion,West,Pune,2,694.97,1389.94,10,138.99,1250.95,Net Banking,Returned,1
101379,2023-06-07,CUST3038,Rahul Yadav,Mobile,Electronics,North,Chandigarh,5,32300.68,161503.4,5,8075.17,153428.23,Cash on Delivery,Returned,1
101380,2022-09-03,CUST1542,Amit Iyer,Backpack,Accessories,West,Surat,3,2917.61,8752.83,15,1312.92,7439.91,Net Banking,Shipped,0
101381,2023-07-21,CUST1011,Vihaan Malhotra,Backpack,Accessories,North,Lucknow,3,2881.88,8645.64,15,1296.85,7348.79,Debit Card,Cancelled,0
101382,2022-09-10,CUST2331,Deepa Chopra,Keyboard,Electronics,East,Kolkata,2,1865.43,3730.86,10,373.09,3357.77,Debit Card,Returned,1
101383,2023-01-21,CUST3006,Deepa Iyer,Mouse,Electronics,South,Hyderabad,2,743.41,1486.82,15,223.02,1263.8,Debit Card,Delivered,0
101384,2022-05-03,CUST3147,Pooja Pillai,Shoes,Fashion,West,Surat,1,917.12,917.12,10,91.71,825.41,Cash on Delivery,Cancelled,0
101385,2024-08-27,CUST1267,Rakesh Kapoor,Laptop,Electronics,North,Delhi,4,46959.32,187837.28,5,9391.86,178445.42,UPI,Returned,1
101386,2024-03-10,CUST2967,Ishaan Singh,Watch,Fashion,South,Hyderabad,3,11894.37,35683.11,15,5352.47,30330.64,Credit Card,Cancelled,0
101387,2024-11-09,CUST1449,Rahul Kumar,Keyboard,Electronics,South,Chennai,1,1437.68,1437.68,10,143.77,1293.91,Debit Card,Cancelled,0
101388,2022-02-11,CUST4920,Aditya Malhotra,Laptop,Electronics,East,Patna,3,58104.03,174312.09,15,26146.81,148165.28,Credit Card,Returned,1
101389,2024-12-21,CUST3570,Suresh Singh,Camera,Electronics,North,Jaipur,1,24771.77,24771.77,25,6192.94,18578.83,Net Banking,Cancelled,0
101390,2023-11-30,CUST1792,Aarav Desai,Shoes,Fashion,West,Mumbai,1,1009.59,1009.59,15,151.44,858.15,Net Banking,Delivered,0
101391,2024-04-03,CUST3315,Amit Yadav,Headphones,Electronics,North,Jaipur,3,3858.91,11576.73,15,1736.51,9840.22,Credit Card,Returned,1
101392,2024-01-01,CUST3181,Aadhya Iyer,Watch,Fashion,South,Kochi,2,5871.2,11742.4,5,587.12,11155.28,Cash on Delivery,Cancelled,0
101393,2023-04-19,CUST1839,Kavya Verma,Mobile,Electronics,South,Kochi,5,10330.94,51654.7,0,0.0,51654.7,Net Banking,Cancelled,0
101394,2023-03-16,CUST1396,Reyansh Chopra,Shoes,Fashion,South,Bengaluru,1,6442.74,6442.74,10,644.27,5798.47,Debit Card,Shipped,0
101395,2022-07-11,CUST3505,Ananya Iyer,Backpack,Accessories,North,Chandigarh,1,1844.95,1844.95,10,184.5,1660.45,UPI,Cancelled,0
101396,2023-07-22,CUST3692,Anika Singh,Camera,Electronics,North,Jaipur,4,36475.64,145902.56,15,21885.38,124017.18,Debit Card,Shipped,0
101397,2024-10-28,CUST4788,Riya Iyer,Backpack,Accessories,West,Surat,4,1697.62,6790.48,10,679.05,6111.43,Credit Card,Shipped,0
101398,2022-02-25,CUST3569,Pooja Gupta,Watch,Fashion,South,Kochi,3,23444.78,70334.34,15,10550.15,59784.19,Net Banking,Returned,1
101399,2023-02-06,CUST1809,Priya Reddy,Watch,Fashion,North,Jaipur,1,20771.07,20771.07,5,1038.55,19732.52,Cash on Delivery,Returned,1
101400,2023-02-23,CUST4419,Diya Joshi,Headphones,Electronics,South,Bengaluru,3,2424.5,7273.5,0,0.0,7273.5,Cash on Delivery,Returned,1
101401,2024-12-27,CUST1444,Sai Rao,Mouse,Electronics,North,Delhi,4,649.95,2599.8,10,259.98,2339.82,Debit Card,Delivered,0
101402,2024-12-01,CUST4620,Neha Bhat,Camera,Electronics,East,Bhubaneswar,1,31602.11,31602.11,10,3160.21,28441.9,Debit Card,Shipped,0
101403,2023-03-18,CUST1705,Myra Rao,T-Shirt,Fashion,West,Ahmedabad,4,578.23,2312.92,25,578.23,1734.69,Net Banking,Returned,1
101404,2023-08-29,CUST2904,Isha Bhat,Watch,Fashion,West,Surat,1,7393.44,7393.44,5,369.67,7023.77,Cash on Delivery,Shipped,0
101405,2022-08-20,CUST2616,Anika Desai,Camera,Electronics,West,Mumbai,4,20071.16,80284.64,0,0.0,80284.64,Net Banking,Cancelled,0
101406,2022-04-14,CUST3226,Sara Yadav,Watch,Fashion,East,Bhubaneswar,1,5479.06,5479.06,20,1095.81,4383.25,Debit Card,Shipped,0
101407,2023-01-01,CUST3009,Vivaan Rao,Camera,Electronics,North,Delhi,2,36502.66,73005.32,5,3650.27,69355.05,Credit Card,Returned,1
101408,2022-06-14,CUST2887,Pooja Mehta,Keyboard,Electronics,North,Lucknow,3,857.53,2572.59,0,0.0,2572.59,UPI,Shipped,0
101409,2022-03-04,CUST1675,Aditya Mehta,Headphones,Electronics,East,Patna,1,6311.45,6311.45,15,946.72,5364.73,Cash on Delivery,Cancelled,0
101410,2022-04-28,CUST1105,Rakesh Yadav,Watch,Fashion,North,Lucknow,2,20367.88,40735.76,10,4073.58,36662.18,Net Banking,Returned,1
101411,2023-06-19,CUST3235,Sai Patel,Headphones,Electronics,West,Ahmedabad,2,1629.13,3258.26,20,651.65,2606.61,Credit Card,Returned,1
101412,2023-08-15,CUST4228,Sara Yadav,Headphones,Electronics,East,Guwahati,1,4560.0,4560.0,15,684.0,3876.0,Debit Card,Shipped,0
101413,2023-06-20,CUST2547,Vikram Iyer,Backpack,Accessories,South,Kochi,1,2199.79,2199.79,0,0.0,2199.79,Net Banking,Shipped,0
101414,2022-09-09,CUST1611,Krishna Rao,Mobile,Electronics,East,Kolkata,2,50787.15,101574.3,10,10157.43,91416.87,UPI,Delivered,0
101415,2024-02-08,CUST3263,Pooja Verma,Laptop,Electronics,South,Hyderabad,2,39164.82,78329.64,5,3916.48,74413.16,Debit Card,Cancelled,0
101416,2023-12-29,CUST4163,Rakesh Sharma,Backpack,Accessories,East,Kolkata,2,1752.9,3505.8,15,525.87,2979.93,Net Banking,Returned,1
101417,2023-06-02,CUST1508,Priya Kapoor,Watch,Fashion,West,Pune,1,2644.94,2644.94,20,528.99,2115.95,Cash on Delivery,Cancelled,0
101418,2024-08-28,CUST3112,Aadhya Iyer,T-Shirt,Fashion,West,Mumbai,1,1413.26,1413.26,25,353.31,1059.95,Debit Card,Returned,1
101419,2022-10-17,CUST3535,Neha Agarwal,Keyboard,Electronics,South,Chennai,2,756.66,1513.32,5,75.67,1437.65,Debit Card,Returned,1
101420,2022-09-25,CUST2764,Diya Kapoor,Laptop,Electronics,East,Patna,2,48480.39,96960.78,5,4848.04,92112.74,UPI,Returned,1
101421,2024-03-09,CUST4875,Sai Chopra,Keyboard,Electronics,North,Jaipur,1,3993.78,3993.78,20,798.76,3195.02,Credit Card,Cancelled,0
101422,2023-01-18,CUST4928,Rohan Reddy,Mobile,Electronics,East,Kolkata,1,72881.38,72881.38,15,10932.21,61949.17,Credit Card,Delivered,0
101423,2024-12-22,CUST4162,Sara Sharma,Backpack,Accessories,East,Guwahati,2,2145.74,4291.48,5,214.57,4076.91,Credit Card,Delivered,0
101424,2022-10-02,CUST4406,Myra Yadav,Keyboard,Electronics,East,Patna,1,3289.62,3289.62,10,328.96,2960.66,Credit Card,Delivered,0
101425,2023-03-19,CUST1795,Reyansh Chopra,Backpack,Accessories,East,Patna,1,2779.7,2779.7,0,0.0,2779.7,Credit Card,Shipped,0
101426,2022-07-04,CUST2862,Vihaan Yadav,T-Shirt,Fashion,North,Jaipur,4,527.16,2108.64,15,316.3,1792.34,Debit Card,Cancelled,0
101427,2023-02-10,CUST1551,Aadhya Reddy,T-Shirt,Fashion,South,Bengaluru,2,1229.36,2458.72,5,122.94,2335.78,Net Banking,Shipped,0
101428,2024-10-31,CUST2594,Aadhya Mehta,Mouse,Electronics,East,Bhubaneswar,1,1194.62,1194.62,0,0.0,1194.62,Cash on Delivery,Cancelled,0
101429,2023-01-14,CUST4320,Reyansh Sharma,Camera,Electronics,South,Kochi,4,43811.44,175245.76,10,17524.58,157721.18,Cash on Delivery,Shipped,0
101430,2022-01-27,CUST2367,Krishna Agarwal,Backpack,Accessories,East,Patna,4,1457.63,5830.52,0,0.0,5830.52,Net Banking,Returned,1
101431,2024-04-30,CUST4613,Suresh Sharma,Shoes,Fashion,East,Guwahati,1,2488.44,2488.44,25,622.11,1866.33,Cash on Delivery,Cancelled,0
101432,2022-05-26,CUST4566,Rakesh Gupta,Watch,Fashion,East,Guwahati,2,20051.56,40103.12,0,0.0,40103.12,Cash on Delivery,Shipped,0
101433,2022-02-24,CUST4098,Riya Kumar,T-Shirt,Fashion,East,Patna,1,773.75,773.75,5,38.69,735.06,Net Banking,Delivered,0
101434,2023-07-18,CUST2713,Ananya Mehta,Mouse,Electronics,North,Lucknow,5,1634.45,8172.25,10,817.23,7355.02,Cash on Delivery,Shipped,0
101435,2022-03-29,CUST3582,Priya Chopra,Camera,Electronics,North,Delhi,3,49291.09,147873.27,5,7393.66,140479.61,Net Banking,Returned,1
101436,2022-07-16,CUST2747,Vihaan Kumar,Backpack,Accessories,West,Ahmedabad,1,3351.86,3351.86,10,335.19,3016.67,Cash on Delivery,Delivered,0
101437,2022-07-01,CUST2582,Priya Sharma,Backpack,Accessories,West,Pune,4,1327.39,5309.56,20,1061.91,4247.65,Credit Card,Delivered,0
101438,2023-06-05,CUST2457,Vikram Mehta,Headphones,Electronics,East,Kolkata,2,6165.16,12330.32,0,0.0,12330.32,Debit Card,Returned,1
101439,2022-10-20,CUST3148,Meera Reddy,Backpack,Accessories,West,Pune,2,1450.18,2900.36,15,435.05,2465.31,UPI,Delivered,0
101440,2023-02-02,CUST1972,Ananya Joshi,Laptop,Electronics,South,Bengaluru,1,60840.53,60840.53,10,6084.05,54756.48,Net Banking,Cancelled,0
101441,2022-04-20,CUST2849,Vihaan Chopra,Shoes,Fashion,West,Pune,2,2086.98,4173.96,15,626.09,3547.87,Net Banking,Returned,1
101442,2023-08-09,CUST4829,Riya Singh,Backpack,Accessories,East,Kolkata,2,3484.34,6968.68,10,696.87,6271.81,Cash on Delivery,Cancelled,0
101443,2024-05-11,CUST3345,Sanjay Yadav,Backpack,Accessories,East,Guwahati,5,2540.67,12703.35,5,635.17,12068.18,Net Banking,Returned,1
101444,2024-12-05,CUST3192,Rohan Kumar,Mouse,Electronics,West,Ahmedabad,4,1711.85,6847.4,15,1027.11,5820.29,UPI,Shipped,0
101445,2023-02-03,CUST1443,Sai Reddy,Mobile,Electronics,East,Bhubaneswar,1,54792.53,54792.53,5,2739.63,52052.9,Net Banking,Cancelled,0
101446,2022-04-23,CUST3865,Kavya Yadav,Headphones,Electronics,West,Pune,1,1817.3,1817.3,25,454.32,1362.98,UPI,Returned,1
101447,2022-03-04,CUST1712,Rahul Pillai,Backpack,Accessories,West,Surat,1,2672.55,2672.55,10,267.25,2405.3,UPI,Cancelled,0
101448,2023-05-15,CUST1567,Vikram Kapoor,Keyboard,Electronics,South,Chennai,2,1381.59,2763.18,15,414.48,2348.7,Net Banking,Cancelled,0
101449,2024-06-08,CUST3249,Ananya Sharma,T-Shirt,Fashion,East,Patna,4,1651.01,6604.04,25,1651.01,4953.03,Cash on Delivery,Cancelled,0
101450,2024-02-23,CUST2411,Riya Agarwal,Headphones,Electronics,South,Hyderabad,2,1855.61,3711.22,15,556.68,3154.54,Cash on Delivery,Cancelled,0
101451,2024-12-18,CUST2379,Ananya Malhotra,Mouse,Electronics,East,Bhubaneswar,1,1360.24,1360.24,10,136.02,1224.22,Debit Card,Returned,1
101452,2023-09-29,CUST2113,Deepa Kapoor,Camera,Electronics,North,Lucknow,4,30946.82,123787.28,0,0.0,123787.28,Net Banking,Cancelled,0
101453,2024-03-11,CUST1256,Suresh Agarwal,Backpack,Accessories,West,Pune,2,1714.59,3429.18,0,0.0,3429.18,Net Banking,Delivered,0
101454,2022-02-22,CUST2536,Vivaan Patel,Backpack,Accessories,North,Chandigarh,2,1372.63,2745.26,15,411.79,2333.47,Net Banking,Delivered,0
101455,2024-04-15,CUST4534,Sanjay Singh,T-Shirt,Fashion,North,Jaipur,1,1263.3,1263.3,0,0.0,1263.3,Credit Card,Shipped,0
101456,2023-07-28,CUST4668,Ishaan Sharma,T-Shirt,Fashion,North,Chandigarh,3,1259.12,3777.36,0,0.0,3777.36,Credit Card,Shipped,0
101457,2024-04-23,CUST3442,Amit Kumar,Shoes,Fashion,South,Hyderabad,2,1225.82,2451.64,25,612.91,1838.73,Debit Card,Returned,1
101458,2022-04-08,CUST3864,Sai Malhotra,Headphones,Electronics,South,Bengaluru,3,4343.08,13029.24,15,1954.39,11074.85,UPI,Cancelled,0
101459,2023-02-04,CUST2859,Reyansh Reddy,Watch,Fashion,North,Jaipur,1,23490.47,23490.47,15,3523.57,19966.9,Credit Card,Shipped,0
101460,2024-04-01,CUST3231,Vihaan Pillai,Keyboard,Electronics,North,Lucknow,5,1756.8,8784.0,15,1317.6,7466.4,Debit Card,Shipped,0
101461,2022-12-01,CUST1461,Aarav Agarwal,Camera,Electronics,South,Chennai,4,50964.56,203858.24,5,10192.91,193665.33,Cash on Delivery,Shipped,0
101462,2023-12-08,CUST1779,Isha Gupta,Keyboard,Electronics,East,Bhubaneswar,4,4418.18,17672.72,5,883.64,16789.08,UPI,Delivered,0
101463,2023-10-24,CUST4539,Vivaan Kumar,Keyboard,Electronics,South,Hyderabad,2,2870.22,5740.44,15,861.07,4879.37,Debit Card,Cancelled,0
101464,2023-02-24,CUST4407,Amit Nair,Mouse,Electronics,South,Bengaluru,5,507.94,2539.7,5,126.98,2412.72,Cash on Delivery,Shipped,0
101465,2022-12-15,CUST1307,Suresh Singh,Camera,Electronics,South,Bengaluru,5,51201.71,256008.55,15,38401.28,217607.27,UPI,Returned,1
101466,2023-02-01,CUST4811,Ishaan Kapoor,Backpack,Accessories,West,Mumbai,4,3256.81,13027.24,10,1302.72,11724.52,Debit Card,Shipped,0
101467,2024-05-22,CUST4582,Deepa Iyer,Mouse,Electronics,North,Jaipur,3,1380.87,4142.61,15,621.39,3521.22,Net Banking,Delivered,0
101468,2023-11-25,CUST4073,Krishna Malhotra,T-Shirt,Fashion,North,Delhi,4,606.96,2427.84,15,364.18,2063.66,Credit Card,Delivered,0
101469,2022-09-01,CUST3867,Myra Desai,Shoes,Fashion,West,Mumbai,2,4835.79,9671.58,10,967.16,8704.42,UPI,Delivered,0
101470,2022-02-01,CUST2540,Diya Sharma,Backpack,Accessories,South,Kochi,1,2131.69,2131.69,15,319.75,1811.94,Debit Card,Cancelled,0
101471,2024-03-16,CUST1060,Amit Chopra,T-Shirt,Fashion,North,Lucknow,1,1262.3,1262.3,5,63.12,1199.18,Debit Card,Shipped,0
101472,2024-12-06,CUST1297,Rahul Singh,Mobile,Electronics,South,Kochi,5,64626.55,323132.75,10,32313.28,290819.47,Debit Card,Returned,1
101473,2023-07-04,CUST3553,Krishna Rao,Watch,Fashion,North,Chandigarh,5,19168.12,95840.6,25,23960.15,71880.45,Net Banking,Returned,1
101474,2023-04-16,CUST2774,Amit Bhat,Watch,Fashion,South,Bengaluru,5,4219.6,21098.0,20,4219.6,16878.4,Credit Card,Cancelled,0
101475,2024-11-14,CUST3651,Anika Patel,Watch,Fashion,East,Patna,2,8146.45,16292.9,0,0.0,16292.9,Net Banking,Delivered,0
101476,2024-06-22,CUST4783,Aditya Chopra,Camera,Electronics,South,Kochi,3,35301.4,105904.2,25,26476.05,79428.15,Cash on Delivery,Returned,1
101477,2024-07-14,CUST4195,Ishaan Agarwal,Headphones,Electronics,North,Chandigarh,2,4238.73,8477.46,10,847.75,7629.71,Debit Card,Shipped,0
101478,2024-02-27,CUST4510,Anika Kumar,Camera,Electronics,West,Mumbai,3,41547.69,124643.07,10,12464.31,112178.76,Net Banking,Returned,1
101479,2023-02-06,CUST4238,Aadhya Verma,Watch,Fashion,East,Guwahati,2,18301.25,36602.5,5,1830.12,34772.38,Debit Card,Delivered,0
101480,2023-07-06,CUST3717,Vikram Sharma,T-Shirt,Fashion,South,Bengaluru,2,620.04,1240.08,15,186.01,1054.07,Debit Card,Delivered,0
101481,2022-09-13,CUST4685,Sai Nair,Mobile,Electronics,East,Guwahati,2,59182.67,118365.34,15,17754.8,100610.54,Net Banking,Shipped,0
101482,2024-03-18,CUST2445,Reyansh Kumar,T-Shirt,Fashion,North,Jaipur,4,739.07,2956.28,5,147.81,2808.47,Net Banking,Delivered,0
101483,2024-03-12,CUST4548,Priya Iyer,Watch,Fashion,South,Chennai,3,4367.73,13103.19,10,1310.32,11792.87,Net Banking,Cancelled,0
101484,2023-11-23,CUST1728,Pooja Desai,Keyboard,Electronics,South,Bengaluru,2,1157.69,2315.38,0,0.0,2315.38,Credit Card,Shipped,0
101485,2024-01-28,CUST4524,Vihaan Iyer,Mobile,Electronics,South,Chennai,2,56719.06,113438.12,20,22687.62,90750.5,Debit Card,Delivered,0
101486,2024-03-02,CUST2328,Deepa Bhat,T-Shirt,Fashion,North,Chandigarh,2,387.21,774.42,15,116.16,658.26,Net Banking,Shipped,0
101487,2022-09-03,CUST4376,Vikram Kapoor,Backpack,Accessories,East,Guwahati,4,1860.8,7443.2,5,372.16,7071.04,Cash on Delivery,Shipped,0
101488,2023-11-15,CUST2102,Riya Iyer,Watch,Fashion,North,Delhi,5,15456.22,77281.1,5,3864.05,73417.05,Debit Card,Returned,1
101489,2023-11-03,CUST1887,Reyansh Gupta,Backpack,Accessories,North,Jaipur,1,1907.44,1907.44,5,95.37,1812.07,UPI,Shipped,0
101490,2024-05-22,CUST1187,Myra Mehta,Headphones,Electronics,South,Chennai,4,4226.16,16904.64,20,3380.93,13523.71,Net Banking,Shipped,0
101491,2022-06-28,CUST1726,Vivaan Chopra,Backpack,Accessories,West,Ahmedabad,5,1544.28,7721.4,20,1544.28,6177.12,Cash on Delivery,Delivered,0
101492,2022-09-27,CUST1027,Sanjay Desai,Shoes,Fashion,South,Bengaluru,3,3832.84,11498.52,10,1149.85,10348.67,Net Banking,Returned,1
101493,2022-10-08,CUST3283,Suresh Mehta,Laptop,Electronics,South,Chennai,4,79776.56,319106.24,20,63821.25,255284.99,Credit Card,Delivered,0
101494,2023-07-27,CUST1566,Rohan Singh,Mouse,Electronics,South,Hyderabad,4,1583.85,6335.4,10,633.54,5701.86,UPI,Returned,1
101495,2024-05-14,CUST4226,Diya Mehta,Shoes,Fashion,East,Patna,5,5901.76,29508.8,5,1475.44,28033.36,Credit Card,Returned,1
101496,2024-05-26,CUST1557,Ananya Sharma,Watch,Fashion,South,Chennai,2,15822.3,31644.6,0,0.0,31644.6,Cash on Delivery,Cancelled,0
101497,2023-04-21,CUST1537,Aditya Iyer,Backpack,Accessories,West,Mumbai,1,1905.73,1905.73,15,285.86,1619.87,Net Banking,Returned,1
101498,2024-05-21,CUST3793,Anika Singh,Camera,Electronics,West,Ahmedabad,1,15222.79,15222.79,5,761.14,14461.65,Cash on Delivery,Returned,1
101499,2024-10-01,CUST4944,Arjun Desai,Camera,Electronics,South,Hyderabad,4,35991.68,143966.72,10,14396.67,129570.05,Net Banking,Returned,1
101500,2024-11-21,CUST4765,Pooja Singh,Keyboard,Electronics,South,Kochi,3,1670.67,5012.01,10,501.2,4510.81,Cash on Delivery,Shipped,0
101501,2022-08-05,CUST1779,Pooja Kumar,Mobile,Electronics,South,Bengaluru,2,74236.17,148472.34,5,7423.62,141048.72,Net Banking,Cancelled,0
101502,2024-02-12,CUST4626,Pooja Sharma,Camera,Electronics,North,Lucknow,4,40805.92,163223.68,15,24483.55,138740.13,Net Banking,Shipped,0
101503,2024-12-26,CUST2654,Sai Desai,Camera,Electronics,South,Kochi,1,21406.03,21406.03,15,3210.9,18195.13,UPI,Delivered,0
101504,2024-01-14,CUST2981,Anika Nair,T-Shirt,Fashion,East,Guwahati,1,611.96,611.96,10,61.2,550.76,UPI,Delivered,0
101505,2023-05-09,CUST2607,Pooja Gupta,Headphones,Electronics,South,Bengaluru,2,5254.0,10508.0,10,1050.8,9457.2,UPI,Delivered,0
101506,2023-03-17,CUST4224,Reyansh Pillai,Backpack,Accessories,South,Chennai,3,3408.81,10226.43,15,1533.96,8692.47,Debit Card,Shipped,0
101507,2023-03-15,CUST4610,Pooja Rao,Keyboard,Electronics,West,Pune,5,4204.35,21021.75,5,1051.09,19970.66,Debit Card,Shipped,0
101508,2022-10-22,CUST2331,Krishna Singh,Headphones,Electronics,West,Surat,4,5532.18,22128.72,10,2212.87,19915.85,Credit Card,Shipped,0
101509,2023-09-23,CUST1500,Ishaan Rao,Mobile,Electronics,East,Bhubaneswar,4,78311.62,313246.48,10,31324.65,281921.83,Credit Card,Returned,1
101510,2022-02-10,CUST2069,Riya Mehta,Shoes,Fashion,East,Guwahati,3,5842.04,17526.12,5,876.31,16649.81,UPI,Delivered,0
101511,2024-06-17,CUST3338,Aarav Singh,Laptop,Electronics,East,Guwahati,3,96627.53,289882.59,5,14494.13,275388.46,UPI,Returned,1
101512,2024-10-16,CUST1877,Pooja Gupta,Headphones,Electronics,South,Chennai,1,2574.72,2574.72,20,514.94,2059.78,UPI,Returned,1
101513,2022-11-02,CUST1551,Aarav Gupta,Shoes,Fashion,East,Patna,1,6226.92,6226.92,25,1556.73,4670.19,Net Banking,Shipped,0
101514,2024-09-28,CUST3124,Meera Pillai,Mobile,Electronics,South,Bengaluru,2,23034.57,46069.14,20,9213.83,36855.31,Credit Card,Returned,1
101515,2024-01-02,CUST3610,Sai Iyer,T-Shirt,Fashion,South,Kochi,2,655.35,1310.7,15,196.6,1114.1,Credit Card,Returned,1
101516,2023-07-24,CUST4778,Rohan Iyer,T-Shirt,Fashion,South,Bengaluru,4,1687.69,6750.76,15,1012.61,5738.15,Cash on Delivery,Shipped,0
101517,2022-07-11,CUST3633,Aarav Kumar,Mouse,Electronics,East,Patna,1,446.1,446.1,20,89.22,356.88,Debit Card,Cancelled,0
101518,2024-11-13,CUST3507,Reyansh Verma,Watch,Fashion,North,Jaipur,3,3400.91,10202.73,5,510.14,9692.59,Credit Card,Returned,1
101519,2022-08-24,CUST1198,Arjun Agarwal,Keyboard,Electronics,West,Surat,5,830.59,4152.95,15,622.94,3530.01,UPI,Shipped,0
101520,2022-10-13,CUST3481,Vivaan Gupta,Headphones,Electronics,East,Kolkata,1,1650.17,1650.17,15,247.53,1402.64,UPI,Delivered,0
101521,2022-03-07,CUST3961,Myra Kumar,Camera,Electronics,North,Chandigarh,2,20180.1,40360.2,5,2018.01,38342.19,Cash on Delivery,Returned,1
101522,2023-01-30,CUST2381,Kavya Agarwal,Mobile,Electronics,East,Guwahati,5,25034.06,125170.3,15,18775.54,106394.76,Debit Card,Shipped,0
101523,2023-08-01,CUST1369,Sai Gupta,Keyboard,Electronics,South,Chennai,2,4007.49,8014.98,20,1603.0,6411.98,Net Banking,Shipped,0
101524,2023-10-31,CUST3442,Arjun Kumar,Laptop,Electronics,North,Chandigarh,3,46951.95,140855.85,5,7042.79,133813.06,Cash on Delivery,Returned,1
101525,2023-12-18,CUST4439,Pooja Agarwal,Laptop,Electronics,South,Bengaluru,4,85269.1,341076.4,15,51161.46,289914.94,Credit Card,Cancelled,0
101526,2024-10-13,CUST4179,Priya Sharma,Camera,Electronics,West,Mumbai,4,23584.73,94338.92,15,14150.84,80188.08,Net Banking,Delivered,0
101527,2024-01-21,CUST4123,Isha Joshi,Camera,Electronics,North,Chandigarh,1,26018.48,26018.48,10,2601.85,23416.63,Credit Card,Returned,1
101528,2024-09-13,CUST2730,Suresh Verma,Headphones,Electronics,North,Delhi,1,1339.63,1339.63,15,200.94,1138.69,Debit Card,Shipped,0
101529,2022-05-06,CUST2766,Myra Patel,Camera,Electronics,South,Chennai,2,37301.14,74602.28,5,3730.11,70872.17,Debit Card,Returned,1
101530,2022-08-08,CUST2069,Ananya Mehta,Mouse,Electronics,West,Mumbai,2,585.97,1171.94,20,234.39,937.55,Net Banking,Returned,1
101531,2022-02-04,CUST4719,Meera Chopra,Headphones,Electronics,West,Mumbai,1,5914.39,5914.39,5,295.72,5618.67,Debit Card,Shipped,0
101532,2023-12-14,CUST2741,Diya Joshi,Mouse,Electronics,West,Surat,2,2264.69,4529.38,5,226.47,4302.91,Cash on Delivery,Delivered,0
101533,2022-01-06,CUST3273,Vihaan Verma,Headphones,Electronics,West,Ahmedabad,2,1566.26,3132.52,20,626.5,2506.02,Credit Card,Delivered,0
101534,2022-07-25,CUST2131,Myra Agarwal,Backpack,Accessories,East,Kolkata,1,1261.28,1261.28,20,252.26,1009.02,UPI,Returned,1
101535,2022-10-31,CUST4557,Riya Sharma,Camera,Electronics,South,Kochi,2,36774.91,73549.82,10,7354.98,66194.84,Credit Card,Delivered,0
101536,2022-04-21,CUST2360,Myra Iyer,Camera,Electronics,West,Mumbai,2,22819.43,45638.86,0,0.0,45638.86,UPI,Shipped,0
101537,2024-03-31,CUST3883,Sai Gupta,Camera,Electronics,West,Ahmedabad,2,36227.77,72455.54,5,3622.78,68832.76,Credit Card,Shipped,0
101538,2024-05-29,CUST3032,Meera Nair,Keyboard,Electronics,North,Chandigarh,1,2626.77,2626.77,10,262.68,2364.09,Credit Card,Delivered,0
101539,2022-11-17,CUST4776,Priya Pillai,Backpack,Accessories,North,Delhi,2,3499.45,6998.9,20,1399.78,5599.12,Debit Card,Returned,1
101540,2022-10-11,CUST1077,Neha Desai,Laptop,Electronics,West,Surat,2,47657.65,95315.3,10,9531.53,85783.77,Cash on Delivery,Returned,1
101541,2022-02-21,CUST4256,Sanjay Patel,Backpack,Accessories,North,Jaipur,2,2178.8,4357.6,5,217.88,4139.72,Credit Card,Returned,1
101542,2023-06-22,CUST3227,Riya Iyer,Camera,Electronics,North,Chandigarh,3,19972.94,59918.82,5,2995.94,56922.88,Cash on Delivery,Returned,1
101543,2022-12-19,CUST3500,Vivaan Nair,T-Shirt,Fashion,North,Jaipur,3,806.82,2420.46,15,363.07,2057.39,Cash on Delivery,Delivered,0
101544,2024-12-19,CUST3654,Aadhya Iyer,Watch,Fashion,South,Hyderabad,3,15430.81,46292.43,10,4629.24,41663.19,UPI,Cancelled,0
101545,2022-07-29,CUST4913,Kavya Agarwal,Camera,Electronics,North,Chandigarh,3,47546.61,142639.83,10,14263.98,128375.85,Net Banking,Returned,1
101546,2022-12-23,CUST2789,Sanjay Mehta,Camera,Electronics,North,Chandigarh,1,16964.17,16964.17,10,1696.42,15267.75,Credit Card,Shipped,0
101547,2022-05-18,CUST1676,Neha Nair,Headphones,Electronics,North,Jaipur,3,7366.18,22098.54,25,5524.64,16573.9,UPI,Cancelled,0
101548,2022-08-05,CUST1224,Aditya Rao,Mouse,Electronics,West,Pune,1,1327.99,1327.99,10,132.8,1195.19,Net Banking,Cancelled,0
101549,2022-06-21,CUST3803,Krishna Chopra,Headphones,Electronics,East,Kolkata,3,5555.17,16665.51,5,833.28,15832.23,Net Banking,Cancelled,0
101550,2024-10-28,CUST4950,Rahul Malhotra,Watch,Fashion,East,Guwahati,5,22559.23,112796.15,0,0.0,112796.15,UPI,Cancelled,0
101551,2023-09-15,CUST1658,Anika Kumar,Laptop,Electronics,West,Mumbai,4,107369.05,429476.2,25,107369.05,322107.15,UPI,Cancelled,0
101552,2024-02-05,CUST3208,Myra Sharma,Camera,Electronics,South,Hyderabad,2,44497.82,88995.64,5,4449.78,84545.86,UPI,Cancelled,0
101553,2023-01-04,CUST2557,Priya Reddy,Headphones,Electronics,North,Delhi,1,1137.12,1137.12,10,113.71,1023.41,UPI,Returned,1
101554,2024-10-20,CUST2107,Amit Malhotra,Watch,Fashion,North,Chandigarh,1,16621.26,16621.26,0,0.0,16621.26,Debit Card,Delivered,0
101555,2024-09-04,CUST2094,Amit Verma,Headphones,Electronics,East,Guwahati,3,4433.74,13301.22,10,1330.12,11971.1,UPI,Returned,1
101556,2023-12-28,CUST3024,Kavya Verma,Backpack,Accessories,East,Bhubaneswar,3,1794.9,5384.7,15,807.71,4576.99,Net Banking,Delivered,0
101557,2023-11-14,CUST2450,Pooja Agarwal,T-Shirt,Fashion,East,Bhubaneswar,2,1327.58,2655.16,20,531.03,2124.13,Net Banking,Returned,1
101558,2022-04-03,CUST4793,Vikram Yadav,Camera,Electronics,West,Surat,3,49359.73,148079.19,15,22211.88,125867.31,UPI,Shipped,0
101559,2024-05-29,CUST2855,Aarav Nair,Mouse,Electronics,East,Patna,4,1127.89,4511.56,10,451.16,4060.4,Credit Card,Cancelled,0
101560,2023-12-30,CUST4381,Riya Iyer,T-Shirt,Fashion,South,Bengaluru,2,571.78,1143.56,5,57.18,1086.38,UPI,Shipped,0
101561,2024-03-30,CUST1933,Anika Kapoor,Mouse,Electronics,South,Chennai,1,2428.85,2428.85,25,607.21,1821.64,Debit Card,Shipped,0
101562,2022-05-20,CUST3552,Kavya Sharma,Watch,Fashion,North,Chandigarh,1,7353.05,7353.05,10,735.3,6617.75,Net Banking,Delivered,0
101563,2022-12-01,CUST3927,Priya Reddy,Camera,Electronics,North,Delhi,1,48187.85,48187.85,10,4818.78,43369.07,Debit Card,Delivered,0
101564,2022-03-31,CUST2315,Suresh Nair,Mouse,Electronics,North,Lucknow,2,1196.79,2393.58,0,0.0,2393.58,Debit Card,Cancelled,0
101565,2023-07-25,CUST3029,Sanjay Joshi,T-Shirt,Fashion,South,Kochi,2,1553.59,3107.18,0,0.0,3107.18,Debit Card,Delivered,0
101566,2024-05-02,CUST2925,Isha Patel,Headphones,Electronics,North,Delhi,2,5482.06,10964.12,20,2192.82,8771.3,Credit Card,Delivered,0
101567,2022-03-27,CUST4917,Anika Bhat,Shoes,Fashion,West,Mumbai,4,1609.95,6439.8,5,321.99,6117.81,Net Banking,Returned,1
101568,2024-11-24,CUST4224,Deepa Gupta,Backpack,Accessories,West,Surat,4,1534.56,6138.24,5,306.91,5831.33,UPI,Delivered,0
101569,2023-05-25,CUST2621,Neha Malhotra,Keyboard,Electronics,West,Pune,5,3006.36,15031.8,25,3757.95,11273.85,Net Banking,Delivered,0
101570,2023-06-19,CUST1453,Ananya Verma,Watch,Fashion,South,Hyderabad,5,10271.67,51358.35,5,2567.92,48790.43,Cash on Delivery,Delivered,0
101571,2024-02-21,CUST2438,Vikram Verma,Camera,Electronics,East,Bhubaneswar,1,42498.11,42498.11,10,4249.81,38248.3,Credit Card,Shipped,0
101572,2024-03-19,CUST2287,Reyansh Rao,Camera,Electronics,North,Delhi,2,44127.91,88255.82,5,4412.79,83843.03,Net Banking,Returned,1
101573,2024-09-21,CUST1101,Aarav Verma,Keyboard,Electronics,South,Chennai,1,2817.08,2817.08,5,140.85,2676.23,Net Banking,Shipped,0
101574,2023-08-24,CUST2536,Suresh Agarwal,Watch,Fashion,East,Patna,4,8309.38,33237.52,25,8309.38,24928.14,Credit Card,Shipped,0
101575,2022-01-30,CUST2289,Priya Joshi,Laptop,Electronics,West,Surat,2,69889.13,139778.26,5,6988.91,132789.35,UPI,Shipped,0
101576,2023-09-24,CUST4951,Sanjay Mehta,Mouse,Electronics,West,Surat,4,1047.82,4191.28,20,838.26,3353.02,Net Banking,Delivered,0
101577,2024-02-20,CUST4499,Rakesh Kumar,Keyboard,Electronics,North,Delhi,2,1470.07,2940.14,15,441.02,2499.12,Credit Card,Cancelled,0
101578,2023-12-12,CUST1037,Krishna Verma,Headphones,Electronics,West,Ahmedabad,3,1190.19,3570.57,10,357.06,3213.51,Credit Card,Returned,1
101579,2024-09-06,CUST2272,Neha Desai,Mouse,Electronics,North,Lucknow,1,634.74,634.74,5,31.74,603.0,UPI,Delivered,0
101580,2022-07-24,CUST4730,Aditya Chopra,Mouse,Electronics,North,Jaipur,3,1158.32,3474.96,0,0.0,3474.96,Debit Card,Delivered,0
101581,2022-01-31,CUST3411,Vihaan Desai,T-Shirt,Fashion,West,Ahmedabad,2,1099.75,2199.5,10,219.95,1979.55,Cash on Delivery,Shipped,0
101582,2024-01-04,CUST4813,Myra Sharma,T-Shirt,Fashion,West,Surat,3,1787.87,5363.61,0,0.0,5363.61,Cash on Delivery,Shipped,0
101583,2022-08-16,CUST1219,Suresh Singh,Laptop,Electronics,South,Kochi,4,107483.05,429932.2,15,64489.83,365442.37,UPI,Shipped,0
101584,2024-03-01,CUST1196,Deepa Bhat,Keyboard,Electronics,South,Chennai,3,4037.99,12113.97,5,605.7,11508.27,UPI,Delivered,0
101585,2023-04-22,CUST4598,Sara Mehta,Shoes,Fashion,South,Chennai,2,2382.47,4764.94,10,476.49,4288.45,Credit Card,Shipped,0
101586,2023-08-08,CUST2386,Rahul Pillai,Laptop,Electronics,South,Hyderabad,1,92444.75,92444.75,10,9244.48,83200.27,Credit Card,Returned,1
101587,2024-10-03,CUST4004,Amit Yadav,Headphones,Electronics,West,Mumbai,1,7600.14,7600.14,5,380.01,7220.13,UPI,Delivered,0
101588,2022-03-04,CUST3207,Reyansh Bhat,Camera,Electronics,South,Kochi,4,24715.85,98863.4,5,4943.17,93920.23,Debit Card,Delivered,0
101589,2022-05-18,CUST4941,Meera Agarwal,Mouse,Electronics,East,Kolkata,4,1077.99,4311.96,0,0.0,4311.96,Net Banking,Shipped,0
101590,2023-04-16,CUST3060,Ananya Bhat,Keyboard,Electronics,West,Ahmedabad,2,3041.37,6082.74,0,0.0,6082.74,Net Banking,Cancelled,0
101591,2022-08-01,CUST3929,Sara Patel,Headphones,Electronics,North,Lucknow,2,2452.53,4905.06,5,245.25,4659.81,Cash on Delivery,Cancelled,0
101592,2023-06-05,CUST2071,Suresh Chopra,Mouse,Electronics,South,Hyderabad,2,447.31,894.62,10,89.46,805.16,Debit Card,Delivered,0
101593,2023-03-22,CUST1438,Myra Bhat,Laptop,Electronics,South,Chennai,4,109715.7,438862.8,15,65829.42,373033.38,UPI,Returned,1
101594,2024-11-15,CUST4580,Amit Nair,Backpack,Accessories,East,Patna,1,2570.24,2570.24,0,0.0,2570.24,UPI,Cancelled,0
101595,2023-10-07,CUST3879,Aadhya Malhotra,T-Shirt,Fashion,East,Guwahati,5,1115.16,5575.8,15,836.37,4739.43,Net Banking,Shipped,0
101596,2022-07-03,CUST3213,Deepa Yadav,Headphones,Electronics,West,Mumbai,1,4035.78,4035.78,0,0.0,4035.78,UPI,Shipped,0
101597,2022-11-30,CUST1975,Sara Iyer,Mouse,Electronics,East,Bhubaneswar,1,2290.03,2290.03,20,458.01,1832.02,Debit Card,Returned,1
101598,2022-11-18,CUST1860,Vikram Malhotra,Watch,Fashion,West,Pune,5,24650.87,123254.35,15,18488.15,104766.2,UPI,Shipped,0
101599,2022-08-28,CUST1942,Aarav Singh,Headphones,Electronics,South,Bengaluru,3,4810.73,14432.19,5,721.61,13710.58,Debit Card,Shipped,0
101600,2022-03-03,CUST3750,Sara Yadav,Headphones,Electronics,West,Mumbai,1,4558.56,4558.56,10,455.86,4102.7,UPI,Shipped,0
101601,2024-02-25,CUST2182,Rakesh Patel,T-Shirt,Fashion,West,Surat,3,526.47,1579.41,10,157.94,1421.47,Credit Card,Shipped,0
101602,2022-06-24,CUST4092,Riya Kapoor,Backpack,Accessories,West,Pune,4,1865.53,7462.12,5,373.11,7089.01,Debit Card,Returned,1
101603,2023-09-26,CUST2295,Kavya Malhotra,Backpack,Accessories,West,Ahmedabad,2,2927.47,5854.94,20,1170.99,4683.95,Debit Card,Shipped,0
101604,2022-01-08,CUST4864,Diya Nair,Camera,Electronics,North,Lucknow,3,54783.41,164350.23,10,16435.02,147915.21,UPI,Cancelled,0
101605,2024-03-09,CUST1376,Kavya Nair,Mobile,Electronics,West,Surat,2,15037.16,30074.32,0,0.0,30074.32,Cash on Delivery,Delivered,0
101606,2023-04-06,CUST4308,Rohan Sharma,Camera,Electronics,North,Chandigarh,5,26963.63,134818.15,0,0.0,134818.15,Cash on Delivery,Returned,1
101607,2024-08-19,CUST3519,Vivaan Kapoor,Shoes,Fashion,South,Bengaluru,2,5480.49,10960.98,20,2192.2,8768.78,Credit Card,Cancelled,0
101608,2024-04-09,CUST3485,Sai Agarwal,Backpack,Accessories,South,Chennai,2,2460.94,4921.88,5,246.09,4675.79,Debit Card,Delivered,0
101609,2024-12-19,CUST4201,Amit Desai,Shoes,Fashion,West,Pune,2,4024.97,8049.94,10,804.99,7244.95,Net Banking,Shipped,0
101610,2024-07-19,CUST1095,Vikram Agarwal,Watch,Fashion,North,Delhi,2,15274.41,30548.82,5,1527.44,29021.38,UPI,Cancelled,0
101611,2024-12-05,CUST4403,Riya Bhat,Watch,Fashion,North,Delhi,5,4358.28,21791.4,20,4358.28,17433.12,Credit Card,Delivered,0
101612,2022-10-13,CUST2479,Aditya Pillai,Headphones,Electronics,South,Hyderabad,5,4783.73,23918.65,0,0.0,23918.65,Net Banking,Delivered,0
101613,2024-02-28,CUST4211,Meera Singh,Mobile,Electronics,South,Bengaluru,2,46010.37,92020.74,15,13803.11,78217.63,Debit Card,Delivered,0
101614,2022-12-29,CUST3470,Sai Kumar,Camera,Electronics,North,Lucknow,1,39342.07,39342.07,10,3934.21,35407.86,Debit Card,Delivered,0
101615,2024-01-21,CUST1431,Ishaan Kumar,Shoes,Fashion,South,Bengaluru,2,5442.51,10885.02,20,2177.0,8708.02,Credit Card,Returned,1
101616,2022-09-16,CUST1579,Aarav Malhotra,T-Shirt,Fashion,South,Hyderabad,2,1558.49,3116.98,0,0.0,3116.98,UPI,Cancelled,0
101617,2024-03-28,CUST2679,Krishna Mehta,Headphones,Electronics,West,Ahmedabad,2,800.44,1600.88,10,160.09,1440.79,Cash on Delivery,Shipped,0
101618,2024-10-27,CUST3502,Sai Bhat,Laptop,Electronics,West,Surat,1,105318.87,105318.87,5,5265.94,100052.93,UPI,Cancelled,0
101619,2023-06-21,CUST1984,Neha Pillai,Mobile,Electronics,West,Ahmedabad,1,16205.71,16205.71,10,1620.57,14585.14,Net Banking,Shipped,0
101620,2022-05-15,CUST4862,Vivaan Chopra,Camera,Electronics,North,Chandigarh,1,52663.9,52663.9,10,5266.39,47397.51,Credit Card,Shipped,0
101621,2024-08-07,CUST4343,Vikram Gupta,T-Shirt,Fashion,East,Kolkata,1,1182.82,1182.82,25,295.7,887.12,Net Banking,Shipped,0
101622,2024-06-21,CUST1557,Vivaan Malhotra,Camera,Electronics,South,Kochi,1,50204.48,50204.48,15,7530.67,42673.81,Debit Card,Cancelled,0
101623,2024-09-17,CUST4593,Ishaan Patel,Keyboard,Electronics,North,Chandigarh,1,2220.75,2220.75,5,111.04,2109.71,Cash on Delivery,Shipped,0
101624,2024-12-04,CUST3429,Myra Rao,T-Shirt,Fashion,East,Patna,3,824.48,2473.44,5,123.67,2349.77,Debit Card,Cancelled,0
101625,2024-04-26,CUST4929,Priya Patel,T-Shirt,Fashion,East,Guwahati,2,1213.01,2426.02,5,121.3,2304.72,UPI,Returned,1
101626,2022-05-25,CUST2361,Vivaan Nair,Watch,Fashion,West,Pune,5,6011.99,30059.95,5,1503.0,28556.95,Net Banking,Shipped,0
101627,2024-01-08,CUST3146,Myra Nair,Backpack,Accessories,North,Chandigarh,1,1621.3,1621.3,10,162.13,1459.17,Credit Card,Shipped,0
101628,2024-05-29,CUST3409,Myra Reddy,Keyboard,Electronics,South,Chennai,2,741.9,1483.8,20,296.76,1187.04,Net Banking,Delivered,0
101629,2022-12-29,CUST2567,Ananya Iyer,T-Shirt,Fashion,North,Jaipur,4,1699.88,6799.52,10,679.95,6119.57,Net Banking,Delivered,0
101630,2022-04-13,CUST2839,Isha Chopra,Laptop,Electronics,South,Chennai,2,63122.11,126244.22,0,0.0,126244.22,UPI,Cancelled,0
101631,2022-01-20,CUST3215,Meera Verma,Watch,Fashion,South,Bengaluru,2,10650.17,21300.34,5,1065.02,20235.32,Debit Card,Returned,1
101632,2022-07-28,CUST1408,Vikram Iyer,Mobile,Electronics,West,Ahmedabad,1,48964.15,48964.15,15,7344.62,41619.53,Cash on Delivery,Returned,1
101633,2023-08-28,CUST3793,Neha Pillai,Camera,Electronics,West,Surat,4,52656.15,210624.6,0,0.0,210624.6,Cash on Delivery,Shipped,0
101634,2023-10-08,CUST3861,Priya Nair,Mouse,Electronics,North,Lucknow,1,352.34,352.34,15,52.85,299.49,Credit Card,Cancelled,0
101635,2024-01-02,CUST1043,Deepa Verma,Camera,Electronics,East,Kolkata,4,41674.46,166697.84,5,8334.89,158362.95,Credit Card,Cancelled,0
101636,2023-12-12,CUST2063,Rakesh Malhotra,Headphones,Electronics,West,Mumbai,1,1599.16,1599.16,5,79.96,1519.2,Debit Card,Cancelled,0
101637,2024-06-26,CUST4459,Neha Reddy,Shoes,Fashion,East,Patna,1,2482.11,2482.11,25,620.53,1861.58,UPI,Shipped,0
101638,2023-04-18,CUST1197,Amit Patel,Headphones,Electronics,South,Bengaluru,5,5899.74,29498.7,10,2949.87,26548.83,Credit Card,Returned,1
101639,2022-08-31,CUST2426,Aarav Nair,Backpack,Accessories,West,Ahmedabad,5,2630.69,13153.45,25,3288.36,9865.09,Cash on Delivery,Shipped,0
101640,2023-09-07,CUST4726,Rahul Yadav,Headphones,Electronics,West,Pune,2,4446.67,8893.34,15,1334.0,7559.34,Credit Card,Shipped,0
101641,2023-05-14,CUST3809,Suresh Chopra,Camera,Electronics,West,Ahmedabad,4,39663.98,158655.92,5,7932.8,150723.12,Net Banking,Delivered,0
101642,2022-01-27,CUST2629,Rahul Sharma,Watch,Fashion,South,Bengaluru,2,2881.75,5763.5,0,0.0,5763.5,UPI,Returned,1
101643,2023-05-10,CUST2093,Aadhya Kapoor,Watch,Fashion,South,Bengaluru,1,10407.21,10407.21,10,1040.72,9366.49,Credit Card,Shipped,0
101644,2024-02-07,CUST1084,Deepa Iyer,Headphones,Electronics,East,Bhubaneswar,3,4905.99,14717.97,5,735.9,13982.07,Net Banking,Returned,1
101645,2022-11-26,CUST4393,Rahul Chopra,Backpack,Accessories,South,Kochi,2,3150.55,6301.1,5,315.06,5986.04,Credit Card,Shipped,0
101646,2022-08-05,CUST2043,Myra Bhat,Backpack,Accessories,North,Lucknow,5,1920.14,9600.7,0,0.0,9600.7,UPI,Shipped,0
101647,2023-09-23,CUST1285,Ananya Gupta,Headphones,Electronics,East,Bhubaneswar,3,4923.31,14769.93,15,2215.49,12554.44,Debit Card,Cancelled,0
101648,2022-01-12,CUST3276,Rahul Bhat,Backpack,Accessories,East,Kolkata,3,2679.25,8037.75,20,1607.55,6430.2,Cash on Delivery,Delivered,0
101649,2023-03-27,CUST3524,Rakesh Kumar,Mouse,Electronics,South,Chennai,1,2250.08,2250.08,0,0.0,2250.08,UPI,Delivered,0
101650,2024-07-12,CUST4525,Ananya Malhotra,Backpack,Accessories,South,Hyderabad,5,3324.12,16620.6,10,1662.06,14958.54,Net Banking,Returned,1
101651,2023-01-02,CUST4623,Rakesh Sharma,Headphones,Electronics,North,Chandigarh,2,3645.74,7291.48,5,364.57,6926.91,Debit Card,Delivered,0
101652,2022-09-16,CUST1469,Aarav Pillai,Headphones,Electronics,South,Hyderabad,2,1359.71,2719.42,10,271.94,2447.48,UPI,Cancelled,0
101653,2022-12-11,CUST3971,Vihaan Yadav,Camera,Electronics,West,Pune,1,45077.37,45077.37,0,0.0,45077.37,Debit Card,Delivered,0
101654,2024-06-07,CUST3060,Vihaan Gupta,Headphones,Electronics,North,Delhi,2,7351.0,14702.0,15,2205.3,12496.7,Credit Card,Returned,1
101655,2024-08-07,CUST1685,Neha Desai,Mouse,Electronics,North,Jaipur,2,1511.32,3022.64,15,453.4,2569.24,Credit Card,Returned,1
101656,2023-03-19,CUST2537,Aditya Bhat,Camera,Electronics,South,Bengaluru,3,45016.5,135049.5,15,20257.42,114792.08,Debit Card,Delivered,0
101657,2022-07-16,CUST1688,Sara Kumar,Watch,Fashion,West,Surat,4,20328.2,81312.8,5,4065.64,77247.16,Credit Card,Cancelled,0
101658,2023-04-14,CUST1242,Arjun Kumar,Shoes,Fashion,North,Delhi,1,2097.01,2097.01,5,104.85,1992.16,Debit Card,Returned,1
101659,2024-12-10,CUST1270,Pooja Gupta,Laptop,Electronics,North,Jaipur,2,58694.7,117389.4,5,5869.47,111519.93,Debit Card,Cancelled,0
101660,2022-01-27,CUST3597,Arjun Verma,Mouse,Electronics,West,Ahmedabad,3,1863.19,5589.57,15,838.44,4751.13,Debit Card,Returned,1
101661,2024-06-17,CUST4483,Aadhya Chopra,Keyboard,Electronics,West,Ahmedabad,5,3283.51,16417.55,5,820.88,15596.67,Debit Card,Shipped,0
101662,2024-05-05,CUST2667,Ananya Verma,Headphones,Electronics,East,Kolkata,1,5968.54,5968.54,0,0.0,5968.54,Debit Card,Delivered,0
101663,2024-06-20,CUST2457,Myra Pillai,Laptop,Electronics,South,Bengaluru,3,105114.67,315344.01,5,15767.2,299576.81,Net Banking,Shipped,0
101664,2022-07-03,CUST2923,Kavya Patel,Mouse,Electronics,West,Mumbai,3,793.34,2380.02,15,357.0,2023.02,Cash on Delivery,Returned,1
101665,2022-03-01,CUST4449,Ishaan Iyer,Laptop,Electronics,South,Bengaluru,4,48525.32,194101.28,15,29115.19,164986.09,Net Banking,Shipped,0
101666,2023-02-20,CUST2994,Vihaan Rao,T-Shirt,Fashion,West,Mumbai,3,918.23,2754.69,5,137.73,2616.96,Cash on Delivery,Cancelled,0
101667,2024-03-16,CUST2569,Myra Verma,Backpack,Accessories,South,Hyderabad,2,3235.04,6470.08,25,1617.52,4852.56,UPI,Cancelled,0
101668,2023-08-11,CUST2230,Sanjay Nair,Keyboard,Electronics,East,Bhubaneswar,1,2548.58,2548.58,10,254.86,2293.72,Credit Card,Shipped,0
101669,2024-05-03,CUST2238,Diya Sharma,Backpack,Accessories,South,Kochi,2,1651.6,3303.2,5,165.16,3138.04,Debit Card,Returned,1
101670,2022-08-29,CUST4967,Aditya Joshi,Watch,Fashion,South,Kochi,1,21346.92,21346.92,10,2134.69,19212.23,UPI,Cancelled,0
101671,2023-06-30,CUST1415,Amit Kumar,Headphones,Electronics,North,Chandigarh,3,7421.37,22264.11,15,3339.62,18924.49,Net Banking,Returned,1
101672,2024-04-14,CUST3966,Arjun Iyer,T-Shirt,Fashion,West,Mumbai,2,1064.84,2129.68,25,532.42,1597.26,Net Banking,Shipped,0
101673,2023-11-25,CUST4634,Rakesh Iyer,Laptop,Electronics,West,Mumbai,3,83525.96,250577.88,10,25057.79,225520.09,Debit Card,Shipped,0
101674,2024-01-17,CUST1921,Anika Iyer,Headphones,Electronics,East,Patna,5,7813.58,39067.9,5,1953.39,37114.51,Credit Card,Returned,1
101675,2024-01-20,CUST3045,Deepa Kapoor,Keyboard,Electronics,North,Lucknow,5,638.94,3194.7,15,479.2,2715.5,Cash on Delivery,Shipped,0
101676,2024-10-19,CUST2644,Ananya Pillai,Mouse,Electronics,North,Jaipur,2,1327.19,2654.38,15,398.16,2256.22,Net Banking,Returned,1
101677,2024-01-09,CUST2518,Krishna Rao,Watch,Fashion,East,Patna,3,23637.25,70911.75,20,14182.35,56729.4,Credit Card,Cancelled,0
101678,2022-05-11,CUST4710,Kavya Reddy,Watch,Fashion,South,Hyderabad,2,23362.4,46724.8,10,4672.48,42052.32,Net Banking,Delivered,0
101679,2023-09-20,CUST4337,Sara Patel,Laptop,Electronics,North,Lucknow,2,66444.82,132889.64,10,13288.96,119600.68,Cash on Delivery,Returned,1
101680,2023-09-11,CUST1744,Deepa Pillai,Mobile,Electronics,North,Chandigarh,3,35170.82,105512.46,25,26378.12,79134.34,Net Banking,Delivered,0
101681,2022-09-01,CUST2576,Ishaan Singh,Camera,Electronics,West,Pune,1,49804.63,49804.63,5,2490.23,47314.4,Debit Card,Delivered,0
101682,2023-05-23,CUST4854,Rakesh Singh,Camera,Electronics,West,Ahmedabad,1,41707.91,41707.91,5,2085.4,39622.51,Net Banking,Returned,1
101683,2024-04-25,CUST1925,Krishna Pillai,Mouse,Electronics,West,Ahmedabad,4,2249.49,8997.96,5,449.9,8548.06,Cash on Delivery,Delivered,0
101684,2023-12-31,CUST1581,Suresh Singh,Camera,Electronics,West,Mumbai,1,40824.66,40824.66,15,6123.7,34700.96,UPI,Cancelled,0
101685,2023-07-27,CUST2773,Pooja Singh,Camera,Electronics,North,Chandigarh,1,52301.28,52301.28,5,2615.06,49686.22,Debit Card,Shipped,0
101686,2024-10-15,CUST4562,Reyansh Singh,T-Shirt,Fashion,West,Ahmedabad,1,1336.4,1336.4,20,267.28,1069.12,UPI,Shipped,0
101687,2024-08-05,CUST3364,Myra Kumar,Backpack,Accessories,East,Guwahati,4,3213.22,12852.88,20,2570.58,10282.3,Debit Card,Cancelled,0
101688,2022-04-06,CUST4339,Suresh Chopra,Mouse,Electronics,South,Hyderabad,2,728.95,1457.9,0,0.0,1457.9,Credit Card,Cancelled,0
101689,2022-04-04,CUST4771,Vivaan Sharma,Headphones,Electronics,West,Mumbai,1,7539.57,7539.57,5,376.98,7162.59,Net Banking,Returned,1
101690,2023-02-04,CUST1108,Vihaan Rao,Headphones,Electronics,South,Chennai,3,1273.13,3819.39,5,190.97,3628.42,UPI,Returned,1
101691,2022-12-03,CUST1812,Suresh Verma,Watch,Fashion,South,Bengaluru,4,6379.28,25517.12,10,2551.71,22965.41,Cash on Delivery,Delivered,0
101692,2022-02-24,CUST3357,Meera Singh,Camera,Electronics,North,Jaipur,2,21166.99,42333.98,15,6350.1,35983.88,Debit Card,Cancelled,0
101693,2022-10-31,CUST3621,Sai Kumar,Shoes,Fashion,West,Ahmedabad,1,2991.76,2991.76,15,448.76,2543.0,Debit Card,Cancelled,0
101694,2024-08-28,CUST4202,Neha Iyer,Shoes,Fashion,North,Lucknow,4,4278.98,17115.92,5,855.8,16260.12,Credit Card,Delivered,0
101695,2022-07-07,CUST3257,Suresh Verma,Mobile,Electronics,North,Lucknow,2,16055.72,32111.44,10,3211.14,28900.3,Cash on Delivery,Delivered,0
101696,2023-02-14,CUST1404,Isha Verma,Shoes,Fashion,North,Lucknow,2,3687.87,7375.74,25,1843.93,5531.81,Net Banking,Cancelled,0
101697,2023-01-10,CUST4947,Neha Patel,Backpack,Accessories,South,Chennai,2,2014.71,4029.42,20,805.88,3223.54,Net Banking,Shipped,0
101698,2024-09-06,CUST2812,Reyansh Mehta,Shoes,Fashion,East,Guwahati,5,5167.45,25837.25,10,2583.72,23253.53,Credit Card,Cancelled,0
101699,2022-11-27,CUST1069,Suresh Kapoor,Laptop,Electronics,North,Lucknow,5,116954.66,584773.3,25,146193.33,438579.97,Debit Card,Shipped,0
101700,2023-01-13,CUST2658,Sai Chopra,Camera,Electronics,East,Patna,1,21158.75,21158.75,10,2115.88,19042.87,Net Banking,Shipped,0
101701,2024-09-07,CUST1273,Deepa Iyer,Backpack,Accessories,South,Hyderabad,1,2709.01,2709.01,20,541.8,2167.21,Debit Card,Cancelled,0
101702,2023-10-08,CUST4890,Krishna Bhat,Camera,Electronics,South,Hyderabad,2,46719.31,93438.62,5,4671.93,88766.69,Debit Card,Shipped,0
101703,2022-04-28,CUST3719,Sara Joshi,Laptop,Electronics,West,Ahmedabad,1,110520.68,110520.68,0,0.0,110520.68,UPI,Shipped,0
101704,2022-04-03,CUST2029,Diya Mehta,Mouse,Electronics,North,Chandigarh,3,1149.46,3448.38,5,172.42,3275.96,Credit Card,Cancelled,0
101705,2023-07-03,CUST3319,Aditya Patel,Watch,Fashion,North,Lucknow,5,16900.58,84502.9,10,8450.29,76052.61,UPI,Cancelled,0
101706,2023-03-10,CUST2846,Riya Mehta,Mobile,Electronics,South,Hyderabad,1,84600.96,84600.96,0,0.0,84600.96,UPI,Returned,1
101707,2024-06-09,CUST1291,Sai Sharma,T-Shirt,Fashion,South,Chennai,1,1514.97,1514.97,20,302.99,1211.98,Cash on Delivery,Shipped,0
101708,2023-02-18,CUST4079,Riya Iyer,Watch,Fashion,West,Surat,1,18549.35,18549.35,0,0.0,18549.35,Credit Card,Shipped,0
101709,2024-12-07,CUST1303,Aadhya Reddy,Mouse,Electronics,West,Surat,2,1546.36,3092.72,10,309.27,2783.45,Cash on Delivery,Returned,1
101710,2024-03-08,CUST2885,Amit Sharma,Headphones,Electronics,South,Kochi,1,6544.81,6544.81,25,1636.2,4908.61,Debit Card,Shipped,0
101711,2023-09-25,CUST3468,Reyansh Gupta,Mobile,Electronics,East,Guwahati,3,43048.88,129146.64,5,6457.33,122689.31,Debit Card,Cancelled,0
101712,2023-01-08,CUST1592,Krishna Gupta,Camera,Electronics,East,Guwahati,2,22535.04,45070.08,25,11267.52,33802.56,Net Banking,Returned,1
101713,2023-08-03,CUST4274,Riya Pillai,Backpack,Accessories,North,Delhi,2,1254.09,2508.18,5,125.41,2382.77,UPI,Delivered,0
101714,2024-06-10,CUST2219,Aadhya Agarwal,Laptop,Electronics,South,Bengaluru,1,70773.52,70773.52,10,7077.35,63696.17,UPI,Delivered,0
101715,2023-12-13,CUST2052,Kavya Verma,Watch,Fashion,South,Kochi,5,22258.56,111292.8,0,0.0,111292.8,Debit Card,Delivered,0
101716,2024-03-01,CUST2747,Ishaan Malhotra,Mobile,Electronics,North,Chandigarh,1,34493.51,34493.51,5,1724.68,32768.83,Debit Card,Shipped,0
101717,2024-02-18,CUST1843,Krishna Mehta,Watch,Fashion,North,Chandigarh,2,3815.86,7631.72,15,1144.76,6486.96,Credit Card,Shipped,0
101718,2024-08-05,CUST2747,Kavya Reddy,Backpack,Accessories,East,Guwahati,3,1612.27,4836.81,5,241.84,4594.97,Debit Card,Returned,1
101719,2023-11-18,CUST2428,Meera Agarwal,Laptop,Electronics,North,Delhi,4,87196.93,348787.72,20,69757.54,279030.18,Net Banking,Cancelled,0
101720,2023-09-22,CUST4217,Neha Nair,Laptop,Electronics,South,Kochi,1,117651.84,117651.84,15,17647.78,100004.06,Credit Card,Returned,1
101721,2023-05-12,CUST2129,Priya Nair,Camera,Electronics,West,Ahmedabad,3,30820.88,92462.64,25,23115.66,69346.98,Net Banking,Shipped,0
101722,2022-12-17,CUST1195,Arjun Iyer,Watch,Fashion,South,Chennai,3,7617.41,22852.23,10,2285.22,20567.01,Cash on Delivery,Returned,1
101723,2024-12-27,CUST3386,Rahul Kapoor,Watch,Fashion,South,Kochi,1,18406.21,18406.21,15,2760.93,15645.28,Debit Card,Cancelled,0
101724,2022-05-06,CUST1471,Neha Singh,Laptop,Electronics,North,Lucknow,1,35677.97,35677.97,20,7135.59,28542.38,Net Banking,Delivered,0
101725,2024-04-25,CUST2935,Diya Mehta,Shoes,Fashion,East,Guwahati,2,5935.73,11871.46,10,1187.15,10684.31,Debit Card,Delivered,0
101726,2023-09-16,CUST1607,Isha Patel,Watch,Fashion,North,Lucknow,1,1441.82,1441.82,5,72.09,1369.73,Net Banking,Delivered,0
101727,2022-08-24,CUST2365,Reyansh Pillai,Watch,Fashion,North,Delhi,4,4566.16,18264.64,15,2739.7,15524.94,Credit Card,Shipped,0
101728,2024-05-31,CUST4779,Rakesh Patel,Mouse,Electronics,West,Surat,1,1581.17,1581.17,15,237.18,1343.99,UPI,Cancelled,0
101729,2024-03-23,CUST1346,Isha Iyer,Watch,Fashion,East,Kolkata,1,9779.81,9779.81,5,488.99,9290.82,Credit Card,Returned,1
101730,2022-11-19,CUST1137,Suresh Kumar,Camera,Electronics,North,Jaipur,1,23188.14,23188.14,20,4637.63,18550.51,Debit Card,Cancelled,0
101731,2023-04-21,CUST3925,Amit Pillai,Keyboard,Electronics,North,Chandigarh,1,1560.49,1560.49,5,78.02,1482.47,Cash on Delivery,Shipped,0
101732,2023-10-05,CUST3330,Neha Kumar,Watch,Fashion,South,Kochi,4,14058.48,56233.92,0,0.0,56233.92,Net Banking,Cancelled,0
101733,2023-08-09,CUST2079,Aditya Pillai,Laptop,Electronics,South,Bengaluru,1,103401.0,103401.0,0,0.0,103401.0,UPI,Delivered,0
101734,2024-01-21,CUST1663,Vivaan Singh,Keyboard,Electronics,West,Ahmedabad,1,1774.15,1774.15,5,88.71,1685.44,Net Banking,Cancelled,0
101735,2022-11-23,CUST1546,Reyansh Reddy,T-Shirt,Fashion,East,Patna,2,840.59,1681.18,10,168.12,1513.06,Credit Card,Returned,1
101736,2023-03-18,CUST1940,Reyansh Sharma,T-Shirt,Fashion,West,Pune,1,373.55,373.55,5,18.68,354.87,Net Banking,Cancelled,0
101737,2024-05-26,CUST2495,Rakesh Pillai,Backpack,Accessories,North,Jaipur,2,2214.24,4428.48,15,664.27,3764.21,Cash on Delivery,Returned,1
101738,2022-04-27,CUST3628,Sai Nair,Backpack,Accessories,South,Kochi,1,2300.29,2300.29,15,345.04,1955.25,Credit Card,Shipped,0
101739,2023-06-14,CUST1698,Priya Desai,Mobile,Electronics,North,Delhi,5,23016.37,115081.85,5,5754.09,109327.76,Net Banking,Returned,1
101740,2024-07-27,CUST4315,Aditya Malhotra,Keyboard,Electronics,North,Jaipur,3,4303.05,12909.15,0,0.0,12909.15,Debit Card,Returned,1
101741,2022-04-30,CUST4753,Myra Rao,Backpack,Accessories,North,Lucknow,5,2722.41,13612.05,0,0.0,13612.05,Cash on Delivery,Cancelled,0
101742,2024-10-11,CUST2695,Ananya Nair,Laptop,Electronics,East,Guwahati,3,116467.52,349402.56,20,69880.51,279522.05,UPI,Returned,1
101743,2024-06-21,CUST3576,Arjun Desai,Camera,Electronics,East,Bhubaneswar,5,17001.86,85009.3,10,8500.93,76508.37,Net Banking,Shipped,0
101744,2023-12-04,CUST4105,Isha Agarwal,Headphones,Electronics,South,Bengaluru,1,3079.94,3079.94,0,0.0,3079.94,Net Banking,Cancelled,0
101745,2023-01-20,CUST4151,Myra Malhotra,T-Shirt,Fashion,South,Hyderabad,5,1400.83,7004.15,0,0.0,7004.15,Debit Card,Delivered,0
101746,2024-11-17,CUST3854,Vivaan Iyer,Camera,Electronics,West,Mumbai,1,18438.11,18438.11,0,0.0,18438.11,Net Banking,Delivered,0
101747,2022-04-12,CUST2193,Deepa Desai,Mobile,Electronics,West,Surat,4,69162.53,276650.12,0,0.0,276650.12,Cash on Delivery,Delivered,0
101748,2023-12-28,CUST2303,Sai Yadav,Backpack,Accessories,West,Pune,3,2010.8,6032.4,10,603.24,5429.16,Net Banking,Returned,1
101749,2024-07-19,CUST1087,Sai Singh,Camera,Electronics,South,Chennai,1,51212.64,51212.64,25,12803.16,38409.48,Credit Card,Shipped,0
101750,2023-06-18,CUST4481,Riya Agarwal,Mobile,Electronics,West,Pune,1,39430.12,39430.12,10,3943.01,35487.11,Credit Card,Returned,1
101751,2024-06-25,CUST2248,Vikram Sharma,Keyboard,Electronics,West,Mumbai,3,3765.82,11297.46,5,564.87,10732.59,Credit Card,Delivered,0
101752,2022-12-07,CUST3514,Aarav Chopra,T-Shirt,Fashion,West,Surat,2,1191.16,2382.32,5,119.12,2263.2,Credit Card,Delivered,0
101753,2023-01-08,CUST3599,Isha Rao,Mouse,Electronics,East,Patna,1,1985.4,1985.4,5,99.27,1886.13,UPI,Delivered,0
101754,2022-12-16,CUST3323,Sai Chopra,Keyboard,Electronics,North,Jaipur,2,1572.03,3144.06,10,314.41,2829.65,UPI,Delivered,0
101755,2024-01-26,CUST1618,Riya Singh,Headphones,Electronics,North,Delhi,4,3314.89,13259.56,0,0.0,13259.56,Net Banking,Shipped,0
101756,2022-11-07,CUST2293,Riya Mehta,Watch,Fashion,South,Bengaluru,2,21779.51,43559.02,25,10889.75,32669.27,UPI,Shipped,0
101757,2023-08-31,CUST1175,Amit Singh,Watch,Fashion,South,Kochi,1,17107.33,17107.33,20,3421.47,13685.86,UPI,Shipped,0
101758,2023-02-03,CUST1913,Reyansh Gupta,Mouse,Electronics,South,Hyderabad,3,1671.71,5015.13,0,0.0,5015.13,Net Banking,Delivered,0
101759,2022-11-18,CUST1724,Aditya Patel,T-Shirt,Fashion,East,Kolkata,1,1182.15,1182.15,20,236.43,945.72,Debit Card,Returned,1
101760,2022-11-11,CUST3225,Deepa Rao,Headphones,Electronics,North,Lucknow,4,3479.22,13916.88,5,695.84,13221.04,Cash on Delivery,Returned,1
101761,2023-06-21,CUST1239,Anika Bhat,Mouse,Electronics,South,Kochi,1,318.56,318.56,15,47.78,270.78,Cash on Delivery,Returned,1
101762,2022-12-30,CUST4750,Riya Kapoor,Mouse,Electronics,South,Hyderabad,4,2141.78,8567.12,15,1285.07,7282.05,Cash on Delivery,Cancelled,0
101763,2023-08-01,CUST4067,Deepa Agarwal,Shoes,Fashion,South,Kochi,1,2656.6,2656.6,5,132.83,2523.77,UPI,Returned,1
101764,2022-10-16,CUST4312,Neha Rao,Laptop,Electronics,West,Mumbai,3,96558.74,289676.22,5,14483.81,275192.41,Debit Card,Shipped,0
101765,2023-06-03,CUST4259,Anika Reddy,Headphones,Electronics,North,Lucknow,1,3000.6,3000.6,0,0.0,3000.6,Credit Card,Shipped,0
101766,2024-07-03,CUST3408,Arjun Rao,Camera,Electronics,South,Kochi,5,51681.46,258407.3,10,25840.73,232566.57,Cash on Delivery,Shipped,0
101767,2022-08-16,CUST1081,Pooja Bhat,Watch,Fashion,East,Patna,3,13738.93,41216.79,15,6182.52,35034.27,Net Banking,Returned,1
101768,2022-05-08,CUST4834,Aarav Chopra,Backpack,Accessories,North,Chandigarh,2,1248.15,2496.3,15,374.44,2121.86,Debit Card,Returned,1
101769,2022-04-06,CUST2106,Ananya Singh,Keyboard,Electronics,East,Patna,1,2084.12,2084.12,20,416.82,1667.3,Cash on Delivery,Delivered,0
101770,2022-12-17,CUST4142,Amit Malhotra,Keyboard,Electronics,West,Pune,2,507.64,1015.28,10,101.53,913.75,Debit Card,Cancelled,0
101771,2023-05-15,CUST1726,Deepa Iyer,Watch,Fashion,North,Chandigarh,2,17800.65,35601.3,5,1780.07,33821.23,UPI,Returned,1
101772,2024-09-17,CUST3071,Kavya Patel,T-Shirt,Fashion,West,Pune,4,1077.32,4309.28,20,861.86,3447.42,Debit Card,Shipped,0
101773,2022-08-11,CUST1777,Aarav Patel,Mobile,Electronics,East,Guwahati,1,45844.94,45844.94,5,2292.25,43552.69,Net Banking,Delivered,0
101774,2024-11-06,CUST2430,Pooja Iyer,Headphones,Electronics,East,Bhubaneswar,1,2424.38,2424.38,15,363.66,2060.72,Cash on Delivery,Returned,1
101775,2024-09-14,CUST1389,Aadhya Agarwal,Headphones,Electronics,South,Bengaluru,2,3142.64,6285.28,25,1571.32,4713.96,Cash on Delivery,Delivered,0
101776,2023-06-30,CUST3544,Krishna Patel,Backpack,Accessories,South,Hyderabad,4,1584.21,6336.84,15,950.53,5386.31,Net Banking,Returned,1
101777,2024-05-08,CUST3634,Riya Bhat,Headphones,Electronics,South,Kochi,5,1640.81,8204.05,20,1640.81,6563.24,Cash on Delivery,Delivered,0
101778,2022-11-05,CUST2543,Neha Agarwal,Keyboard,Electronics,South,Hyderabad,2,2489.91,4979.82,15,746.97,4232.85,Cash on Delivery,Cancelled,0
101779,2022-07-12,CUST2835,Arjun Mehta,Mobile,Electronics,East,Guwahati,2,70861.27,141722.54,15,21258.38,120464.16,Credit Card,Returned,1
101780,2022-01-19,CUST4023,Sanjay Pillai,Keyboard,Electronics,South,Chennai,2,1394.06,2788.12,5,139.41,2648.71,UPI,Returned,1
101781,2023-09-16,CUST3351,Aditya Pillai,Laptop,Electronics,West,Mumbai,2,88329.13,176658.26,0,0.0,176658.26,Net Banking,Delivered,0
101782,2024-10-16,CUST2441,Ishaan Bhat,Watch,Fashion,South,Bengaluru,3,14367.25,43101.75,10,4310.18,38791.57,Credit Card,Returned,1
101783,2023-09-12,CUST2892,Vihaan Rao,Watch,Fashion,West,Ahmedabad,2,2991.38,5982.76,10,598.28,5384.48,Net Banking,Cancelled,0
101784,2024-12-28,CUST2199,Vihaan Agarwal,Keyboard,Electronics,South,Kochi,2,3019.65,6039.3,5,301.96,5737.34,Net Banking,Returned,1
101785,2022-01-21,CUST1484,Ananya Singh,Watch,Fashion,South,Hyderabad,1,1435.06,1435.06,15,215.26,1219.8,Net Banking,Cancelled,0
101786,2022-05-06,CUST1733,Aarav Bhat,Backpack,Accessories,North,Lucknow,5,1289.89,6449.45,10,644.95,5804.5,Net Banking,Returned,1
101787,2023-01-25,CUST2351,Deepa Verma,Laptop,Electronics,South,Hyderabad,2,43871.85,87743.7,5,4387.19,83356.51,Net Banking,Cancelled,0
101788,2024-05-01,CUST1059,Deepa Iyer,Shoes,Fashion,South,Chennai,3,5026.6,15079.8,5,753.99,14325.81,Cash on Delivery,Returned,1
101789,2023-12-08,CUST4112,Pooja Agarwal,Headphones,Electronics,West,Surat,4,7389.43,29557.72,0,0.0,29557.72,Debit Card,Shipped,0
101790,2022-07-18,CUST4142,Anika Nair,Mouse,Electronics,North,Jaipur,3,338.03,1014.09,25,253.52,760.57,Credit Card,Delivered,0
101791,2022-04-17,CUST4743,Sara Desai,Watch,Fashion,North,Chandigarh,5,17026.2,85131.0,20,17026.2,68104.8,Credit Card,Delivered,0
101792,2023-02-22,CUST4639,Kavya Chopra,Backpack,Accessories,East,Guwahati,1,3219.83,3219.83,20,643.97,2575.86,Cash on Delivery,Shipped,0
101793,2022-03-30,CUST2123,Isha Desai,Camera,Electronics,North,Jaipur,5,27120.64,135603.2,25,33900.8,101702.4,Debit Card,Returned,1
101794,2022-09-16,CUST4728,Vihaan Mehta,Mobile,Electronics,West,Surat,4,39312.24,157248.96,5,7862.45,149386.51,Cash on Delivery,Delivered,0
101795,2023-01-06,CUST1032,Vihaan Yadav,Mobile,Electronics,East,Guwahati,4,20091.09,80364.36,25,20091.09,60273.27,Debit Card,Shipped,0
101796,2023-09-14,CUST3804,Anika Joshi,Mobile,Electronics,North,Jaipur,2,11381.36,22762.72,10,2276.27,20486.45,UPI,Cancelled,0
101797,2023-10-03,CUST4401,Aarav Desai,Mobile,Electronics,South,Chennai,3,35426.86,106280.58,0,0.0,106280.58,Debit Card,Returned,1
101798,2023-05-26,CUST3696,Isha Kumar,Camera,Electronics,West,Ahmedabad,2,28907.93,57815.86,0,0.0,57815.86,Net Banking,Shipped,0
101799,2024-08-06,CUST2743,Aadhya Singh,Headphones,Electronics,West,Mumbai,5,6409.76,32048.8,5,1602.44,30446.36,Debit Card,Returned,1
101800,2022-12-17,CUST3738,Sai Malhotra,Laptop,Electronics,South,Chennai,3,82233.23,246699.69,15,37004.95,209694.74,Credit Card,Returned,1
101801,2023-11-03,CUST3518,Aadhya Chopra,Laptop,Electronics,North,Jaipur,1,108033.47,108033.47,0,0.0,108033.47,Cash on Delivery,Cancelled,0
101802,2022-07-09,CUST2860,Ishaan Pillai,Camera,Electronics,South,Bengaluru,2,17089.02,34178.04,20,6835.61,27342.43,Cash on Delivery,Delivered,0
101803,2024-12-19,CUST1459,Pooja Joshi,Laptop,Electronics,North,Lucknow,4,89283.43,357133.72,10,35713.37,321420.35,Debit Card,Delivered,0
101804,2023-02-21,CUST1947,Vivaan Mehta,Shoes,Fashion,North,Jaipur,3,6387.9,19163.7,10,1916.37,17247.33,Credit Card,Delivered,0
101805,2022-05-21,CUST1981,Neha Reddy,Shoes,Fashion,South,Bengaluru,1,1598.95,1598.95,5,79.95,1519.0,Cash on Delivery,Cancelled,0
101806,2022-05-20,CUST2965,Diya Singh,T-Shirt,Fashion,West,Pune,2,404.28,808.56,10,80.86,727.7,Net Banking,Cancelled,0
101807,2022-09-08,CUST2673,Myra Joshi,T-Shirt,Fashion,South,Bengaluru,1,1154.54,1154.54,5,57.73,1096.81,Cash on Delivery,Delivered,0
101808,2024-11-14,CUST2459,Riya Gupta,Mobile,Electronics,West,Pune,5,68044.02,340220.1,10,34022.01,306198.09,Net Banking,Shipped,0
101809,2024-02-15,CUST3426,Suresh Singh,Mouse,Electronics,East,Bhubaneswar,1,2212.58,2212.58,10,221.26,1991.32,UPI,Delivered,0
101810,2023-06-11,CUST3576,Vikram Agarwal,Mouse,Electronics,East,Kolkata,5,793.86,3969.3,20,793.86,3175.44,Debit Card,Returned,1
101811,2022-08-18,CUST3439,Vivaan Bhat,Mouse,Electronics,North,Jaipur,1,1592.59,1592.59,10,159.26,1433.33,Cash on Delivery,Returned,1
101812,2022-06-24,CUST2677,Anika Yadav,T-Shirt,Fashion,South,Chennai,3,1120.37,3361.11,5,168.06,3193.05,Credit Card,Shipped,0
101813,2023-09-02,CUST3966,Meera Yadav,T-Shirt,Fashion,South,Hyderabad,1,777.47,777.47,5,38.87,738.6,Net Banking,Cancelled,0
101814,2023-12-15,CUST1517,Sanjay Kapoor,Shoes,Fashion,East,Guwahati,1,6000.7,6000.7,10,600.07,5400.63,UPI,Delivered,0
101815,2022-06-01,CUST2225,Priya Kumar,T-Shirt,Fashion,East,Kolkata,1,453.61,453.61,15,68.04,385.57,UPI,Returned,1
101816,2023-06-22,CUST4321,Suresh Mehta,T-Shirt,Fashion,South,Kochi,4,1020.08,4080.32,25,1020.08,3060.24,Net Banking,Returned,1
101817,2022-08-03,CUST3974,Aditya Singh,Camera,Electronics,West,Pune,2,45421.98,90843.96,5,4542.2,86301.76,UPI,Cancelled,0
101818,2022-06-17,CUST3497,Riya Iyer,Keyboard,Electronics,East,Bhubaneswar,2,1866.88,3733.76,10,373.38,3360.38,Net Banking,Shipped,0
101819,2022-12-08,CUST2823,Priya Gupta,Shoes,Fashion,West,Mumbai,1,6032.04,6032.04,10,603.2,5428.84,Cash on Delivery,Returned,1
101820,2023-03-29,CUST1366,Priya Chopra,Shoes,Fashion,East,Patna,2,4037.53,8075.06,10,807.51,7267.55,UPI,Returned,1
101821,2024-03-19,CUST1499,Aarav Gupta,Mobile,Electronics,East,Kolkata,4,46639.04,186556.16,15,27983.42,158572.74,Credit Card,Shipped,0
101822,2023-09-22,CUST2431,Arjun Mehta,Watch,Fashion,North,Delhi,1,24012.92,24012.92,10,2401.29,21611.63,Net Banking,Cancelled,0
101823,2024-10-25,CUST1174,Neha Gupta,Camera,Electronics,North,Chandigarh,1,17362.83,17362.83,10,1736.28,15626.55,Net Banking,Cancelled,0
101824,2024-12-23,CUST2552,Aadhya Reddy,Laptop,Electronics,South,Chennai,1,95743.86,95743.86,5,4787.19,90956.67,Cash on Delivery,Cancelled,0
101825,2023-05-18,CUST1991,Reyansh Chopra,Mouse,Electronics,North,Chandigarh,1,1818.46,1818.46,10,181.85,1636.61,Net Banking,Delivered,0
101826,2023-08-21,CUST1352,Myra Iyer,Watch,Fashion,North,Delhi,3,14160.35,42481.05,25,10620.26,31860.79,UPI,Shipped,0
101827,2022-08-25,CUST2188,Vihaan Agarwal,Mobile,Electronics,West,Surat,1,48474.82,48474.82,5,2423.74,46051.08,Credit Card,Cancelled,0
101828,2024-07-24,CUST3231,Aarav Singh,Keyboard,Electronics,South,Bengaluru,3,3853.28,11559.84,20,2311.97,9247.87,UPI,Delivered,0
101829,2024-02-13,CUST2050,Rakesh Nair,Watch,Fashion,South,Kochi,2,9366.15,18732.3,5,936.62,17795.68,Debit Card,Returned,1
101830,2023-10-25,CUST2371,Rahul Reddy,Camera,Electronics,West,Surat,1,50732.05,50732.05,15,7609.81,43122.24,UPI,Cancelled,0
101831,2022-01-03,CUST1876,Arjun Desai,T-Shirt,Fashion,West,Ahmedabad,2,735.12,1470.24,25,367.56,1102.68,Cash on Delivery,Shipped,0
101832,2023-06-24,CUST3770,Rahul Nair,Backpack,Accessories,North,Chandigarh,2,2171.11,4342.22,25,1085.56,3256.66,Net Banking,Cancelled,0
101833,2022-04-02,CUST2647,Kavya Desai,Laptop,Electronics,South,Chennai,3,102510.99,307532.97,25,76883.24,230649.73,Net Banking,Delivered,0
101834,2024-11-08,CUST4568,Myra Nair,Laptop,Electronics,East,Kolkata,3,49716.32,149148.96,10,14914.9,134234.06,Credit Card,Cancelled,0
101835,2024-07-18,CUST1504,Arjun Desai,Mobile,Electronics,East,Patna,1,66259.86,66259.86,20,13251.97,53007.89,Credit Card,Returned,1
101836,2022-08-05,CUST4437,Sanjay Agarwal,Shoes,Fashion,North,Lucknow,1,6319.88,6319.88,20,1263.98,5055.9,Net Banking,Cancelled,0
101837,2024-11-04,CUST3246,Aadhya Reddy,Laptop,Electronics,West,Mumbai,1,115504.44,115504.44,10,11550.44,103954.0,Net Banking,Cancelled,0
101838,2024-08-30,CUST4397,Myra Sharma,Shoes,Fashion,South,Hyderabad,5,2145.69,10728.45,5,536.42,10192.03,UPI,Delivered,0
101839,2024-05-08,CUST3232,Aarav Singh,Laptop,Electronics,North,Delhi,3,87928.54,263785.62,0,0.0,263785.62,Credit Card,Shipped,0
101840,2022-12-15,CUST4663,Deepa Iyer,Headphones,Electronics,South,Hyderabad,1,2001.38,2001.38,0,0.0,2001.38,Credit Card,Shipped,0
101841,2022-04-26,CUST3824,Neha Desai,Camera,Electronics,East,Patna,2,20358.02,40716.04,5,2035.8,38680.24,Credit Card,Shipped,0
101842,2022-06-04,CUST2977,Vivaan Yadav,Watch,Fashion,West,Ahmedabad,1,6319.18,6319.18,5,315.96,6003.22,Debit Card,Cancelled,0
101843,2024-08-30,CUST2047,Arjun Agarwal,Watch,Fashion,South,Chennai,1,7793.74,7793.74,25,1948.43,5845.31,Cash on Delivery,Returned,1
101844,2023-01-15,CUST2085,Rohan Sharma,Watch,Fashion,South,Chennai,1,3059.46,3059.46,10,305.95,2753.51,Credit Card,Cancelled,0
101845,2024-12-12,CUST3816,Kavya Gupta,Keyboard,Electronics,North,Delhi,1,3813.75,3813.75,0,0.0,3813.75,Debit Card,Delivered,0
101846,2022-11-07,CUST1130,Sanjay Verma,Mouse,Electronics,North,Chandigarh,1,1501.54,1501.54,10,150.15,1351.39,Debit Card,Shipped,0
101847,2023-02-07,CUST3389,Kavya Bhat,Watch,Fashion,South,Chennai,2,20301.59,40603.18,15,6090.48,34512.7,Cash on Delivery,Returned,1
101848,2023-11-15,CUST4955,Rakesh Malhotra,Backpack,Accessories,North,Chandigarh,2,1919.87,3839.74,0,0.0,3839.74,UPI,Shipped,0
101849,2022-12-18,CUST1447,Sai Patel,Backpack,Accessories,North,Chandigarh,1,2261.4,2261.4,5,113.07,2148.33,Cash on Delivery,Returned,1
101850,2024-10-12,CUST1491,Arjun Singh,Keyboard,Electronics,South,Kochi,3,3472.98,10418.94,10,1041.89,9377.05,Cash on Delivery,Returned,1
101851,2024-10-12,CUST1684,Vihaan Malhotra,Backpack,Accessories,West,Ahmedabad,2,3320.71,6641.42,15,996.21,5645.21,UPI,Cancelled,0
101852,2022-10-24,CUST4111,Priya Iyer,T-Shirt,Fashion,West,Mumbai,2,359.12,718.24,5,35.91,682.33,Debit Card,Delivered,0
101853,2023-01-06,CUST2105,Reyansh Malhotra,Laptop,Electronics,South,Chennai,1,47259.1,47259.1,15,7088.86,40170.24,Cash on Delivery,Shipped,0
101854,2024-02-09,CUST1852,Meera Sharma,Camera,Electronics,North,Delhi,3,27203.64,81610.92,20,16322.18,65288.74,UPI,Cancelled,0
101855,2024-08-11,CUST3949,Meera Joshi,Headphones,Electronics,South,Hyderabad,2,2417.47,4834.94,0,0.0,4834.94,UPI,Shipped,0
101856,2022-08-18,CUST1538,Isha Verma,T-Shirt,Fashion,North,Lucknow,1,850.17,850.17,15,127.53,722.64,Net Banking,Returned,1
101857,2024-05-30,CUST4102,Anika Agarwal,Camera,Electronics,North,Delhi,2,52205.63,104411.26,10,10441.13,93970.13,Cash on Delivery,Shipped,0
101858,2022-09-17,CUST2553,Reyansh Pillai,Laptop,Electronics,East,Guwahati,1,82260.22,82260.22,15,12339.03,69921.19,Net Banking,Returned,1
101859,2022-07-01,CUST3342,Riya Gupta,Backpack,Accessories,West,Ahmedabad,2,1795.28,3590.56,10,359.06,3231.5,Debit Card,Delivered,0
101860,2024-12-19,CUST2609,Suresh Reddy,Backpack,Accessories,South,Chennai,1,1891.78,1891.78,0,0.0,1891.78,Net Banking,Returned,1
101861,2024-11-10,CUST2839,Kavya Nair,Watch,Fashion,West,Pune,4,19893.07,79572.28,25,19893.07,59679.21,Credit Card,Returned,1
101862,2022-10-31,CUST1688,Neha Sharma,Backpack,Accessories,South,Bengaluru,1,3420.57,3420.57,10,342.06,3078.51,Credit Card,Delivered,0
101863,2024-01-06,CUST1006,Vikram Mehta,Camera,Electronics,West,Pune,3,34666.72,104000.16,25,26000.04,78000.12,Debit Card,Cancelled,0
101864,2024-04-05,CUST3431,Myra Iyer,Keyboard,Electronics,East,Kolkata,1,572.69,572.69,10,57.27,515.42,Debit Card,Cancelled,0
101865,2022-09-01,CUST1094,Isha Sharma,Camera,Electronics,East,Kolkata,2,37869.49,75738.98,15,11360.85,64378.13,Cash on Delivery,Shipped,0
101866,2024-10-09,CUST4039,Reyansh Pillai,Watch,Fashion,West,Mumbai,2,19120.65,38241.3,15,5736.19,32505.11,Debit Card,Shipped,0
101867,2023-11-21,CUST4451,Rohan Bhat,Watch,Fashion,East,Guwahati,3,15903.07,47709.21,10,4770.92,42938.29,Net Banking,Cancelled,0
101868,2024-11-20,CUST2020,Ishaan Iyer,Camera,Electronics,West,Surat,2,25320.53,50641.06,5,2532.05,48109.01,Cash on Delivery,Shipped,0
101869,2022-06-24,CUST3712,Ananya Patel,Mouse,Electronics,North,Delhi,3,837.5,2512.5,10,251.25,2261.25,Cash on Delivery,Returned,1
101870,2023-09-25,CUST1774,Arjun Sharma,Watch,Fashion,South,Hyderabad,3,9047.48,27142.44,0,0.0,27142.44,Net Banking,Cancelled,0
101871,2022-03-03,CUST2536,Myra Mehta,Laptop,Electronics,West,Mumbai,1,52293.53,52293.53,15,7844.03,44449.5,Credit Card,Delivered,0
101872,2022-10-31,CUST1391,Neha Verma,Watch,Fashion,East,Patna,1,22395.58,22395.58,5,1119.78,21275.8,UPI,Delivered,0
101873,2024-11-04,CUST3673,Arjun Kumar,Backpack,Accessories,South,Hyderabad,4,2858.34,11433.36,20,2286.67,9146.69,Net Banking,Cancelled,0
101874,2023-12-11,CUST3035,Sara Patel,Keyboard,Electronics,South,Hyderabad,5,1097.17,5485.85,20,1097.17,4388.68,Debit Card,Shipped,0
101875,2022-11-24,CUST2410,Suresh Iyer,Laptop,Electronics,East,Bhubaneswar,2,102121.83,204243.66,10,20424.37,183819.29,Debit Card,Delivered,0
101876,2023-11-11,CUST1475,Vihaan Bhat,Shoes,Fashion,North,Jaipur,1,4370.63,4370.63,25,1092.66,3277.97,Net Banking,Cancelled,0
101877,2024-03-25,CUST1249,Vihaan Verma,Mouse,Electronics,West,Pune,4,2444.02,9776.08,5,488.8,9287.28,Cash on Delivery,Delivered,0
101878,2023-05-12,CUST2877,Sara Kumar,Shoes,Fashion,East,Bhubaneswar,1,3288.24,3288.24,0,0.0,3288.24,Cash on Delivery,Shipped,0
101879,2022-07-03,CUST3682,Arjun Sharma,Camera,Electronics,North,Lucknow,1,51163.18,51163.18,10,5116.32,46046.86,UPI,Shipped,0
101880,2023-06-14,CUST3971,Rohan Agarwal,Laptop,Electronics,West,Ahmedabad,1,97511.43,97511.43,10,9751.14,87760.29,Credit Card,Shipped,0
101881,2023-09-07,CUST1438,Isha Sharma,Backpack,Accessories,West,Ahmedabad,3,3255.82,9767.46,25,2441.86,7325.6,UPI,Cancelled,0
101882,2023-09-26,CUST2062,Aadhya Kumar,Watch,Fashion,North,Lucknow,1,13081.45,13081.45,15,1962.22,11119.23,Debit Card,Cancelled,0
101883,2022-07-27,CUST4383,Pooja Kumar,Keyboard,Electronics,South,Kochi,1,4496.69,4496.69,10,449.67,4047.02,Debit Card,Cancelled,0
101884,2024-03-04,CUST4816,Suresh Chopra,Shoes,Fashion,East,Bhubaneswar,2,6426.45,12852.9,10,1285.29,11567.61,UPI,Returned,1
101885,2024-04-17,CUST2810,Deepa Bhat,Mouse,Electronics,West,Pune,1,468.49,468.49,25,117.12,351.37,UPI,Cancelled,0
101886,2022-05-04,CUST2481,Rahul Reddy,T-Shirt,Fashion,West,Ahmedabad,4,775.51,3102.04,10,310.2,2791.84,Cash on Delivery,Returned,1
101887,2022-09-15,CUST4539,Krishna Mehta,Backpack,Accessories,North,Delhi,4,1897.61,7590.44,10,759.04,6831.4,Credit Card,Cancelled,0
101888,2022-08-15,CUST2377,Arjun Patel,Laptop,Electronics,West,Ahmedabad,1,96714.95,96714.95,20,19342.99,77371.96,UPI,Returned,1
101889,2023-07-21,CUST3632,Rakesh Joshi,Mouse,Electronics,West,Ahmedabad,1,864.91,864.91,15,129.74,735.17,Cash on Delivery,Cancelled,0
101890,2024-12-23,CUST2020,Arjun Pillai,Camera,Electronics,East,Kolkata,3,39498.36,118495.08,15,17774.26,100720.82,Net Banking,Returned,1
101891,2024-10-26,CUST3965,Rakesh Singh,Backpack,Accessories,West,Surat,1,1718.3,1718.3,15,257.75,1460.55,Credit Card,Delivered,0
101892,2022-02-07,CUST4344,Diya Gupta,Camera,Electronics,South,Hyderabad,3,31791.02,95373.06,0,0.0,95373.06,UPI,Delivered,0
101893,2023-07-26,CUST2012,Aditya Singh,Camera,Electronics,West,Pune,1,47607.1,47607.1,10,4760.71,42846.39,Debit Card,Returned,1
101894,2023-05-06,CUST1411,Aadhya Kumar,Backpack,Accessories,North,Chandigarh,1,2605.99,2605.99,25,651.5,1954.49,UPI,Shipped,0
101895,2022-04-12,CUST4307,Aditya Patel,T-Shirt,Fashion,South,Bengaluru,1,440.6,440.6,15,66.09,374.51,Cash on Delivery,Returned,1
101896,2024-10-13,CUST3415,Pooja Gupta,Laptop,Electronics,North,Delhi,1,113113.6,113113.6,10,11311.36,101802.24,Cash on Delivery,Shipped,0
101897,2022-11-15,CUST3800,Sanjay Chopra,Shoes,Fashion,East,Guwahati,1,5095.6,5095.6,20,1019.12,4076.48,UPI,Cancelled,0
101898,2024-08-13,CUST2346,Priya Kapoor,Watch,Fashion,West,Mumbai,3,7349.22,22047.66,10,2204.77,19842.89,Credit Card,Cancelled,0
101899,2022-09-02,CUST4779,Aarav Desai,Mobile,Electronics,West,Mumbai,1,86614.56,86614.56,5,4330.73,82283.83,Credit Card,Returned,1
101900,2022-04-26,CUST2916,Neha Iyer,Headphones,Electronics,South,Kochi,2,824.93,1649.86,0,0.0,1649.86,UPI,Returned,1
101901,2022-11-13,CUST3772,Arjun Reddy,Camera,Electronics,West,Mumbai,2,37100.99,74201.98,10,7420.2,66781.78,Net Banking,Delivered,0
101902,2023-04-10,CUST4597,Vivaan Pillai,Watch,Fashion,West,Surat,1,12871.76,12871.76,0,0.0,12871.76,Debit Card,Delivered,0
101903,2024-01-21,CUST2906,Rakesh Chopra,Mouse,Electronics,South,Bengaluru,4,315.34,1261.36,15,189.2,1072.16,Net Banking,Shipped,0
101904,2024-03-20,CUST4974,Sai Singh,T-Shirt,Fashion,North,Lucknow,3,1320.24,3960.72,5,198.04,3762.68,Debit Card,Shipped,0
101905,2024-07-22,CUST3729,Ishaan Agarwal,Camera,Electronics,South,Bengaluru,4,30378.07,121512.28,15,18226.84,103285.44,UPI,Returned,1
101906,2024-01-17,CUST1366,Neha Kumar,Shoes,Fashion,North,Chandigarh,3,2896.44,8689.32,10,868.93,7820.39,Cash on Delivery,Shipped,0
101907,2024-09-10,CUST1891,Suresh Sharma,Mobile,Electronics,North,Delhi,4,81466.58,325866.32,20,65173.26,260693.06,UPI,Shipped,0
101908,2023-03-31,CUST2181,Riya Kumar,Keyboard,Electronics,South,Hyderabad,4,1126.16,4504.64,20,900.93,3603.71,Cash on Delivery,Returned,1
101909,2022-06-02,CUST2295,Priya Sharma,T-Shirt,Fashion,West,Mumbai,1,364.82,364.82,20,72.96,291.86,UPI,Returned,1
101910,2024-03-05,CUST2655,Neha Joshi,Keyboard,Electronics,North,Delhi,2,785.07,1570.14,10,157.01,1413.13,Credit Card,Returned,1
101911,2022-08-31,CUST4735,Vikram Nair,Keyboard,Electronics,North,Jaipur,1,2699.8,2699.8,0,0.0,2699.8,Credit Card,Shipped,0
101912,2022-09-08,CUST2010,Ananya Desai,Shoes,Fashion,South,Chennai,2,5493.47,10986.94,10,1098.69,9888.25,UPI,Cancelled,0
101913,2022-07-21,CUST3425,Arjun Iyer,T-Shirt,Fashion,South,Bengaluru,1,1467.12,1467.12,20,293.42,1173.7,UPI,Delivered,0
101914,2022-04-04,CUST2891,Sanjay Yadav,Mobile,Electronics,East,Guwahati,2,36650.66,73301.32,5,3665.07,69636.25,UPI,Cancelled,0
101915,2024-05-15,CUST2919,Sanjay Pillai,Headphones,Electronics,North,Chandigarh,1,2928.58,2928.58,5,146.43,2782.15,Credit Card,Cancelled,0
101916,2024-01-11,CUST4091,Isha Nair,Headphones,Electronics,North,Delhi,2,996.68,1993.36,5,99.67,1893.69,Net Banking,Delivered,0
101917,2023-04-13,CUST4179,Sara Sharma,Shoes,Fashion,South,Chennai,2,4946.9,9893.8,5,494.69,9399.11,UPI,Delivered,0
101918,2023-01-06,CUST1663,Isha Verma,Headphones,Electronics,West,Ahmedabad,4,6851.86,27407.44,10,2740.74,24666.7,Credit Card,Returned,1
101919,2023-01-16,CUST4415,Anika Kapoor,Watch,Fashion,North,Jaipur,4,10587.37,42349.48,10,4234.95,38114.53,Debit Card,Cancelled,0
101920,2022-10-22,CUST4521,Aadhya Patel,Laptop,Electronics,West,Surat,2,56307.09,112614.18,0,0.0,112614.18,UPI,Returned,1
101921,2024-01-04,CUST1892,Meera Kumar,Keyboard,Electronics,West,Pune,3,4367.58,13102.74,10,1310.27,11792.47,UPI,Returned,1
101922,2024-11-24,CUST2611,Suresh Kapoor,T-Shirt,Fashion,South,Kochi,3,939.33,2817.99,15,422.7,2395.29,Cash on Delivery,Cancelled,0
101923,2023-12-12,CUST3815,Rakesh Sharma,Watch,Fashion,East,Bhubaneswar,1,9163.69,9163.69,10,916.37,8247.32,Debit Card,Shipped,0
101924,2024-07-09,CUST4180,Kavya Nair,T-Shirt,Fashion,West,Pune,2,1187.68,2375.36,15,356.3,2019.06,Credit Card,Returned,1
101925,2024-10-20,CUST2410,Neha Mehta,Backpack,Accessories,South,Hyderabad,2,1332.88,2665.76,10,266.58,2399.18,Net Banking,Cancelled,0
101926,2023-01-06,CUST4523,Aadhya Reddy,Laptop,Electronics,North,Delhi,3,108325.68,324977.04,5,16248.85,308728.19,Net Banking,Shipped,0
101927,2022-10-29,CUST1435,Aadhya Gupta,Mouse,Electronics,East,Bhubaneswar,2,753.73,1507.46,0,0.0,1507.46,Debit Card,Shipped,0
101928,2022-12-03,CUST1645,Vivaan Joshi,Camera,Electronics,West,Ahmedabad,3,34603.83,103811.49,15,15571.72,88239.77,UPI,Shipped,0
101929,2022-03-08,CUST4850,Diya Singh,Watch,Fashion,West,Ahmedabad,1,7583.28,7583.28,10,758.33,6824.95,Net Banking,Returned,1
101930,2024-04-26,CUST1056,Riya Bhat,Camera,Electronics,West,Mumbai,1,49259.12,49259.12,5,2462.96,46796.16,Cash on Delivery,Cancelled,0
101931,2022-02-21,CUST2845,Deepa Patel,Camera,Electronics,West,Ahmedabad,1,30900.83,30900.83,10,3090.08,27810.75,Cash on Delivery,Shipped,0
101932,2022-03-22,CUST3806,Vikram Mehta,Shoes,Fashion,West,Mumbai,5,5414.85,27074.25,0,0.0,27074.25,Debit Card,Delivered,0
101933,2023-07-27,CUST1916,Isha Malhotra,Backpack,Accessories,West,Ahmedabad,3,1679.96,5039.88,10,503.99,4535.89,UPI,Shipped,0
101934,2022-01-11,CUST4923,Anika Iyer,Camera,Electronics,West,Surat,1,26145.48,26145.48,10,2614.55,23530.93,Debit Card,Cancelled,0
101935,2023-10-28,CUST1896,Vihaan Yadav,Watch,Fashion,North,Chandigarh,4,8937.29,35749.16,0,0.0,35749.16,Credit Card,Returned,1
101936,2022-11-24,CUST1482,Vikram Malhotra,Watch,Fashion,North,Chandigarh,3,24793.09,74379.27,10,7437.93,66941.34,Net Banking,Cancelled,0
101937,2024-05-31,CUST2853,Neha Rao,Mouse,Electronics,North,Delhi,1,1999.29,1999.29,20,399.86,1599.43,Cash on Delivery,Shipped,0
101938,2024-09-28,CUST4067,Ishaan Yadav,Mouse,Electronics,East,Bhubaneswar,2,665.65,1331.3,15,199.69,1131.61,Credit Card,Cancelled,0
101939,2024-05-07,CUST2488,Pooja Desai,Watch,Fashion,South,Kochi,3,13234.84,39704.52,10,3970.45,35734.07,Credit Card,Cancelled,0
101940,2022-12-18,CUST1679,Meera Verma,Mouse,Electronics,West,Mumbai,1,1500.41,1500.41,15,225.06,1275.35,Cash on Delivery,Returned,1
101941,2023-07-27,CUST3344,Ishaan Bhat,Headphones,Electronics,West,Ahmedabad,4,7600.37,30401.48,20,6080.3,24321.18,Debit Card,Returned,1
101942,2022-12-10,CUST1275,Krishna Chopra,Backpack,Accessories,East,Bhubaneswar,4,2001.54,8006.16,5,400.31,7605.85,Debit Card,Shipped,0
101943,2023-04-09,CUST2345,Ananya Joshi,Backpack,Accessories,North,Jaipur,5,3052.33,15261.65,5,763.08,14498.57,Cash on Delivery,Shipped,0
101944,2023-03-03,CUST4092,Meera Reddy,Backpack,Accessories,North,Chandigarh,3,3070.27,9210.81,20,1842.16,7368.65,Credit Card,Returned,1
101945,2022-01-15,CUST1109,Rakesh Bhat,Keyboard,Electronics,North,Lucknow,1,1485.16,1485.16,20,297.03,1188.13,Net Banking,Delivered,0
101946,2022-04-28,CUST4077,Myra Mehta,Mobile,Electronics,South,Chennai,1,76363.92,76363.92,15,11454.59,64909.33,Credit Card,Shipped,0
101947,2022-06-04,CUST2265,Aadhya Pillai,Watch,Fashion,South,Chennai,5,4006.12,20030.6,5,1001.53,19029.07,UPI,Delivered,0
101948,2023-02-21,CUST2400,Vikram Pillai,Watch,Fashion,South,Chennai,1,1554.32,1554.32,5,77.72,1476.6,Credit Card,Returned,1
101949,2024-02-02,CUST1524,Krishna Agarwal,Watch,Fashion,West,Mumbai,3,5503.31,16509.93,10,1650.99,14858.94,Debit Card,Shipped,0
101950,2022-07-30,CUST3872,Vikram Kumar,Mouse,Electronics,West,Ahmedabad,2,632.52,1265.04,20,253.01,1012.03,UPI,Shipped,0
101951,2022-11-21,CUST4696,Amit Bhat,Backpack,Accessories,West,Surat,1,3059.9,3059.9,5,153.0,2906.9,Cash on Delivery,Returned,1
101952,2023-04-17,CUST2452,Deepa Mehta,Laptop,Electronics,South,Chennai,1,51239.41,51239.41,15,7685.91,43553.5,Cash on Delivery,Delivered,0
101953,2022-04-12,CUST2987,Sara Pillai,Backpack,Accessories,South,Hyderabad,1,2975.35,2975.35,0,0.0,2975.35,Cash on Delivery,Delivered,0
101954,2022-11-11,CUST3233,Aditya Kapoor,Watch,Fashion,South,Chennai,1,15610.06,15610.06,0,0.0,15610.06,Credit Card,Cancelled,0
101955,2023-01-05,CUST2239,Pooja Sharma,Keyboard,Electronics,East,Patna,3,3201.62,9604.86,15,1440.73,8164.13,Net Banking,Cancelled,0
101956,2023-04-26,CUST3412,Sanjay Singh,T-Shirt,Fashion,South,Bengaluru,2,1269.37,2538.74,20,507.75,2030.99,Debit Card,Cancelled,0
101957,2024-08-14,CUST3725,Neha Bhat,Watch,Fashion,West,Surat,2,9719.65,19439.3,15,2915.89,16523.41,Cash on Delivery,Shipped,0
101958,2024-12-22,CUST1703,Reyansh Bhat,Laptop,Electronics,West,Ahmedabad,1,79180.05,79180.05,15,11877.01,67303.04,Credit Card,Returned,1
101959,2024-09-14,CUST4190,Arjun Malhotra,Mobile,Electronics,East,Guwahati,1,72871.42,72871.42,0,0.0,72871.42,Net Banking,Shipped,0
101960,2024-03-13,CUST1651,Sai Bhat,Headphones,Electronics,South,Chennai,4,5391.07,21564.28,5,1078.21,20486.07,Credit Card,Shipped,0
101961,2023-09-07,CUST3262,Myra Singh,Headphones,Electronics,North,Jaipur,1,1565.28,1565.28,5,78.26,1487.02,UPI,Shipped,0
101962,2023-05-19,CUST1357,Suresh Nair,Mouse,Electronics,North,Jaipur,4,1721.46,6885.84,0,0.0,6885.84,Debit Card,Cancelled,0
101963,2024-06-27,CUST2678,Vivaan Kumar,Laptop,Electronics,South,Chennai,3,101985.19,305955.57,15,45893.34,260062.23,UPI,Delivered,0
101964,2022-05-17,CUST3650,Aadhya Joshi,Mouse,Electronics,North,Jaipur,4,415.75,1663.0,10,166.3,1496.7,UPI,Shipped,0
101965,2024-01-30,CUST3206,Sanjay Reddy,Backpack,Accessories,North,Lucknow,3,1314.78,3944.34,15,591.65,3352.69,Net Banking,Shipped,0
101966,2022-01-12,CUST2719,Neha Verma,Watch,Fashion,North,Lucknow,1,12235.59,12235.59,0,0.0,12235.59,Net Banking,Shipped,0
101967,2024-05-06,CUST2941,Priya Verma,Backpack,Accessories,West,Pune,2,2715.87,5431.74,5,271.59,5160.15,Credit Card,Delivered,0
101968,2023-10-29,CUST1710,Krishna Pillai,Mouse,Electronics,West,Surat,1,1859.17,1859.17,15,278.88,1580.29,Credit Card,Shipped,0
101969,2023-02-26,CUST4221,Deepa Reddy,Keyboard,Electronics,South,Bengaluru,2,2202.44,4404.88,0,0.0,4404.88,Debit Card,Returned,1
101970,2022-07-23,CUST2130,Isha Chopra,Mouse,Electronics,North,Jaipur,1,504.94,504.94,10,50.49,454.45,Debit Card,Cancelled,0
101971,2024-09-03,CUST2728,Kavya Verma,Laptop,Electronics,North,Lucknow,2,74433.37,148866.74,15,22330.01,126536.73,UPI,Returned,1
101972,2024-08-27,CUST1409,Ananya Mehta,Keyboard,Electronics,West,Ahmedabad,1,4398.71,4398.71,20,879.74,3518.97,UPI,Cancelled,0
101973,2022-12-20,CUST1168,Rohan Singh,T-Shirt,Fashion,South,Bengaluru,5,1562.05,7810.25,10,781.02,7029.23,Net Banking,Returned,1
101974,2023-07-05,CUST4198,Diya Rao,Headphones,Electronics,South,Chennai,2,2719.58,5439.16,5,271.96,5167.2,UPI,Shipped,0
101975,2023-08-24,CUST2514,Sanjay Bhat,Mobile,Electronics,West,Surat,3,45339.46,136018.38,15,20402.76,115615.62,Cash on Delivery,Shipped,0
101976,2024-11-22,CUST1258,Kavya Nair,Keyboard,Electronics,South,Chennai,2,2771.28,5542.56,5,277.13,5265.43,UPI,Shipped,0
101977,2023-07-03,CUST2600,Sai Patel,Backpack,Accessories,West,Mumbai,3,1722.41,5167.23,20,1033.45,4133.78,Credit Card,Delivered,0
101978,2023-06-21,CUST1204,Amit Rao,Laptop,Electronics,North,Delhi,4,37762.62,151050.48,15,22657.57,128392.91,UPI,Returned,1
101979,2023-03-11,CUST2622,Myra Verma,Laptop,Electronics,South,Kochi,3,59956.0,179868.0,10,17986.8,161881.2,Net Banking,Shipped,0
101980,2024-04-28,CUST1538,Deepa Pillai,Mouse,Electronics,North,Chandigarh,4,2418.64,9674.56,10,967.46,8707.1,UPI,Shipped,0
101981,2023-09-01,CUST3127,Vikram Patel,Mouse,Electronics,East,Guwahati,3,2080.1,6240.3,25,1560.08,4680.22,Cash on Delivery,Delivered,0
101982,2022-08-14,CUST2261,Aarav Kapoor,Mobile,Electronics,West,Mumbai,5,21081.37,105406.85,10,10540.68,94866.17,Debit Card,Returned,1
101983,2024-01-15,CUST1136,Kavya Rao,Mobile,Electronics,North,Chandigarh,3,76847.86,230543.58,10,23054.36,207489.22,Credit Card,Cancelled,0
101984,2023-03-09,CUST2978,Aarav Agarwal,Mobile,Electronics,West,Pune,3,44980.77,134942.31,20,26988.46,107953.85,Net Banking,Delivered,0
101985,2022-10-05,CUST2722,Sai Singh,Shoes,Fashion,East,Kolkata,4,3537.62,14150.48,15,2122.57,12027.91,Cash on Delivery,Returned,1
101986,2024-11-14,CUST3650,Myra Kapoor,Mouse,Electronics,West,Surat,5,1713.22,8566.1,15,1284.91,7281.19,Net Banking,Shipped,0
101987,2023-02-25,CUST1837,Riya Rao,T-Shirt,Fashion,South,Chennai,2,827.76,1655.52,10,165.55,1489.97,Cash on Delivery,Delivered,0
101988,2024-03-29,CUST4271,Aarav Mehta,Laptop,Electronics,East,Bhubaneswar,3,93955.96,281867.88,20,56373.58,225494.3,Net Banking,Returned,1
101989,2024-05-15,CUST3232,Sanjay Patel,Mobile,Electronics,West,Ahmedabad,3,20258.91,60776.73,0,0.0,60776.73,UPI,Shipped,0
101990,2024-04-03,CUST3366,Sanjay Singh,Mouse,Electronics,East,Guwahati,1,1159.66,1159.66,5,57.98,1101.68,Cash on Delivery,Returned,1
101991,2022-11-24,CUST3301,Aadhya Gupta,Backpack,Accessories,South,Chennai,4,2370.63,9482.52,15,1422.38,8060.14,Net Banking,Cancelled,0
101992,2024-07-26,CUST3186,Pooja Sharma,Headphones,Electronics,South,Hyderabad,5,6340.14,31700.7,15,4755.1,26945.6,Debit Card,Delivered,0
101993,2023-04-26,CUST3763,Vikram Patel,Mouse,Electronics,West,Ahmedabad,3,677.55,2032.65,10,203.26,1829.39,Debit Card,Shipped,0
101994,2024-05-07,CUST2558,Myra Sharma,Keyboard,Electronics,West,Ahmedabad,3,3058.93,9176.79,15,1376.52,7800.27,Cash on Delivery,Delivered,0
101995,2024-12-22,CUST1950,Sai Nair,Watch,Fashion,North,Jaipur,4,11652.7,46610.8,0,0.0,46610.8,Credit Card,Cancelled,0
101996,2022-06-04,CUST1457,Myra Bhat,T-Shirt,Fashion,West,Ahmedabad,3,705.77,2117.31,0,0.0,2117.31,Debit Card,Cancelled,0
101997,2023-12-05,CUST3375,Vikram Kapoor,Mouse,Electronics,South,Bengaluru,2,1129.19,2258.38,15,338.76,1919.62,Debit Card,Returned,1
101998,2024-11-12,CUST1006,Aditya Mehta,Backpack,Accessories,North,Jaipur,4,2536.11,10144.44,15,1521.67,8622.77,Debit Card,Cancelled,0
101999,2023-09-04,CUST4603,Vivaan Pillai,Keyboard,Electronics,West,Mumbai,1,717.6,717.6,10,71.76,645.84,Debit Card,Delivered,0
102000,2024-04-03,CUST1678,Arjun Kapoor,Backpack,Accessories,North,Delhi,2,3265.98,6531.96,25,1632.99,4898.97,Cash on Delivery,Delivered,0
102001,2022-03-03,CUST2874,Amit Sharma,Watch,Fashion,West,Pune,3,19535.38,58606.14,20,11721.23,46884.91,Net Banking,Delivered,0
102002,2024-05-08,CUST2732,Anika Sharma,Headphones,Electronics,South,Hyderabad,5,2123.73,10618.65,15,1592.8,9025.85,Credit Card,Shipped,0
102003,2022-03-09,CUST4443,Sara Kumar,Watch,Fashion,East,Guwahati,4,5281.47,21125.88,10,2112.59,19013.29,UPI,Shipped,0
102004,2023-06-26,CUST1894,Ishaan Nair,Backpack,Accessories,North,Delhi,2,2661.89,5323.78,20,1064.76,4259.02,UPI,Shipped,0
102005,2024-09-19,CUST1332,Vikram Sharma,Mobile,Electronics,West,Surat,3,23894.31,71682.93,5,3584.15,68098.78,Net Banking,Returned,1
102006,2024-02-05,CUST3443,Reyansh Rao,Headphones,Electronics,North,Jaipur,4,7499.21,29996.84,0,0.0,29996.84,Debit Card,Returned,1
102007,2023-06-30,CUST2659,Riya Pillai,Backpack,Accessories,East,Bhubaneswar,5,2254.62,11273.1,5,563.65,10709.45,Debit Card,Returned,1
102008,2023-10-14,CUST1172,Arjun Joshi,Backpack,Accessories,North,Chandigarh,3,2232.38,6697.14,0,0.0,6697.14,Credit Card,Shipped,0
102009,2023-07-25,CUST4976,Amit Sharma,Mobile,Electronics,South,Kochi,1,70065.84,70065.84,15,10509.88,59555.96,UPI,Cancelled,0
102010,2024-07-14,CUST3120,Aadhya Iyer,Keyboard,Electronics,West,Ahmedabad,4,4095.45,16381.8,10,1638.18,14743.62,Cash on Delivery,Delivered,0
102011,2024-02-20,CUST3475,Isha Pillai,Mobile,Electronics,South,Kochi,2,89924.08,179848.16,25,44962.04,134886.12,Debit Card,Delivered,0
102012,2024-09-19,CUST1552,Suresh Singh,Watch,Fashion,West,Surat,1,2953.83,2953.83,10,295.38,2658.45,Credit Card,Returned,1
102013,2022-09-21,CUST2707,Aarav Agarwal,Backpack,Accessories,West,Pune,3,2089.99,6269.97,5,313.5,5956.47,UPI,Returned,1
102014,2024-02-12,CUST4721,Meera Malhotra,Mouse,Electronics,North,Chandigarh,5,1552.23,7761.15,10,776.12,6985.03,Debit Card,Cancelled,0
102015,2023-10-19,CUST4009,Sanjay Bhat,Watch,Fashion,East,Bhubaneswar,3,18746.24,56238.72,15,8435.81,47802.91,Net Banking,Shipped,0
102016,2024-06-07,CUST1497,Aarav Joshi,Shoes,Fashion,West,Surat,3,3498.35,10495.05,10,1049.51,9445.54,Net Banking,Shipped,0
102017,2022-07-15,CUST3470,Ananya Reddy,Keyboard,Electronics,North,Lucknow,1,4290.11,4290.11,20,858.02,3432.09,Net Banking,Cancelled,0
102018,2023-08-17,CUST3672,Rohan Verma,T-Shirt,Fashion,East,Kolkata,1,532.78,532.78,0,0.0,532.78,Cash on Delivery,Cancelled,0
102019,2023-04-10,CUST4566,Deepa Verma,Shoes,Fashion,West,Pune,4,4956.51,19826.04,25,4956.51,14869.53,Credit Card,Returned,1
102020,2022-11-08,CUST2925,Vikram Bhat,Laptop,Electronics,East,Kolkata,1,45047.75,45047.75,5,2252.39,42795.36,Net Banking,Delivered,0
102021,2022-10-05,CUST2349,Rohan Sharma,Headphones,Electronics,North,Chandigarh,3,6796.33,20388.99,10,2038.9,18350.09,Debit Card,Returned,1
102022,2024-09-19,CUST3492,Kavya Rao,Watch,Fashion,West,Pune,1,5547.1,5547.1,5,277.36,5269.74,Debit Card,Shipped,0
102023,2022-03-11,CUST2647,Rahul Chopra,Camera,Electronics,East,Patna,3,39817.65,119452.95,0,0.0,119452.95,Net Banking,Cancelled,0
102024,2024-04-16,CUST4835,Kavya Gupta,T-Shirt,Fashion,North,Delhi,1,1305.38,1305.38,5,65.27,1240.11,Cash on Delivery,Delivered,0
102025,2022-01-14,CUST4257,Rohan Iyer,T-Shirt,Fashion,South,Hyderabad,5,571.76,2858.8,15,428.82,2429.98,Credit Card,Cancelled,0
102026,2023-10-09,CUST1397,Deepa Agarwal,Laptop,Electronics,South,Bengaluru,3,62028.95,186086.85,25,46521.71,139565.14,Debit Card,Delivered,0
102027,2024-05-08,CUST4120,Aditya Malhotra,Backpack,Accessories,North,Chandigarh,2,2677.44,5354.88,0,0.0,5354.88,Credit Card,Shipped,0
102028,2022-05-26,CUST3112,Riya Reddy,Headphones,Electronics,West,Pune,3,6799.95,20399.85,15,3059.98,17339.87,Net Banking,Returned,1
102029,2023-09-28,CUST2173,Ishaan Pillai,Shoes,Fashion,North,Chandigarh,1,2570.31,2570.31,5,128.52,2441.79,Credit Card,Cancelled,0
102030,2022-09-21,CUST2291,Sanjay Iyer,T-Shirt,Fashion,East,Patna,2,387.23,774.46,15,116.17,658.29,Net Banking,Delivered,0
102031,2024-08-23,CUST4763,Rahul Verma,Camera,Electronics,West,Mumbai,3,33817.44,101452.32,5,5072.62,96379.7,Net Banking,Shipped,0
102032,2023-12-12,CUST2440,Aditya Nair,T-Shirt,Fashion,West,Ahmedabad,1,1357.86,1357.86,25,339.46,1018.4,Debit Card,Cancelled,0
102033,2023-12-07,CUST4039,Diya Bhat,Mouse,Electronics,North,Jaipur,1,2090.67,2090.67,10,209.07,1881.6,Credit Card,Delivered,0
102034,2024-01-20,CUST3729,Krishna Yadav,Camera,Electronics,East,Kolkata,2,48406.71,96813.42,5,4840.67,91972.75,Net Banking,Delivered,0
102035,2023-05-19,CUST3936,Vikram Sharma,Camera,Electronics,West,Mumbai,3,47850.33,143550.99,0,0.0,143550.99,Credit Card,Shipped,0
102036,2022-11-03,CUST4294,Sai Patel,Laptop,Electronics,South,Hyderabad,1,58484.77,58484.77,0,0.0,58484.77,Debit Card,Returned,1
102037,2024-02-01,CUST3271,Suresh Bhat,T-Shirt,Fashion,North,Lucknow,3,920.8,2762.4,5,138.12,2624.28,Cash on Delivery,Shipped,0
102038,2022-01-26,CUST2317,Arjun Agarwal,Mouse,Electronics,East,Patna,3,1825.42,5476.26,0,0.0,5476.26,UPI,Returned,1
102039,2023-02-28,CUST3958,Deepa Reddy,Headphones,Electronics,East,Patna,1,7289.33,7289.33,5,364.47,6924.86,UPI,Returned,1
102040,2022-02-12,CUST4686,Sara Kapoor,Keyboard,Electronics,South,Kochi,1,721.98,721.98,5,36.1,685.88,UPI,Delivered,0
102041,2022-03-29,CUST1168,Meera Singh,Backpack,Accessories,East,Guwahati,2,2362.85,4725.7,25,1181.42,3544.28,Net Banking,Delivered,0
102042,2022-06-11,CUST3788,Aditya Reddy,Camera,Electronics,East,Kolkata,2,43915.43,87830.86,15,13174.63,74656.23,Credit Card,Cancelled,0
102043,2023-12-04,CUST1987,Sai Agarwal,Headphones,Electronics,West,Surat,1,3214.06,3214.06,5,160.7,3053.36,Credit Card,Returned,1
102044,2022-11-22,CUST2284,Arjun Sharma,Headphones,Electronics,East,Kolkata,3,3703.6,11110.8,5,555.54,10555.26,UPI,Cancelled,0
102045,2023-08-30,CUST4537,Aadhya Verma,Keyboard,Electronics,East,Guwahati,3,2404.2,7212.6,25,1803.15,5409.45,Credit Card,Returned,1
102046,2022-05-31,CUST3344,Priya Yadav,T-Shirt,Fashion,East,Bhubaneswar,5,1648.33,8241.65,0,0.0,8241.65,Cash on Delivery,Delivered,0
102047,2024-04-14,CUST2338,Sai Iyer,Mobile,Electronics,East,Patna,2,73206.45,146412.9,20,29282.58,117130.32,UPI,Shipped,0
102048,2024-12-30,CUST1531,Rohan Sharma,Watch,Fashion,South,Bengaluru,2,24434.11,48868.22,0,0.0,48868.22,UPI,Shipped,0
102049,2022-04-17,CUST1170,Isha Iyer,Mobile,Electronics,South,Kochi,1,82454.81,82454.81,10,8245.48,74209.33,Cash on Delivery,Delivered,0
102050,2022-06-29,CUST2089,Rahul Rao,Mouse,Electronics,South,Kochi,4,1116.12,4464.48,0,0.0,4464.48,Net Banking,Cancelled,0
102051,2022-05-01,CUST3617,Rakesh Iyer,Backpack,Accessories,East,Kolkata,1,1697.62,1697.62,0,0.0,1697.62,Cash on Delivery,Cancelled,0
102052,2024-07-31,CUST3328,Sanjay Chopra,Backpack,Accessories,North,Lucknow,1,1803.27,1803.27,5,90.16,1713.11,Debit Card,Returned,1
102053,2022-03-27,CUST3935,Vivaan Yadav,Shoes,Fashion,East,Patna,1,1527.84,1527.84,15,229.18,1298.66,Debit Card,Cancelled,0
102054,2023-10-21,CUST3581,Ishaan Nair,T-Shirt,Fashion,South,Chennai,4,1022.03,4088.12,20,817.62,3270.5,UPI,Cancelled,0
102055,2023-11-06,CUST1370,Krishna Kapoor,Watch,Fashion,West,Mumbai,2,18982.57,37965.14,25,9491.28,28473.86,Credit Card,Returned,1
102056,2023-08-04,CUST4121,Vikram Joshi,Camera,Electronics,South,Bengaluru,3,38809.72,116429.16,5,5821.46,110607.7,Credit Card,Returned,1
102057,2024-10-07,CUST1214,Meera Desai,Mobile,Electronics,South,Kochi,1,22597.79,22597.79,15,3389.67,19208.12,Credit Card,Shipped,0
102058,2023-09-27,CUST1124,Anika Rao,Mobile,Electronics,East,Guwahati,1,87530.11,87530.11,10,8753.01,78777.1,UPI,Cancelled,0
102059,2023-02-07,CUST2499,Diya Patel,Shoes,Fashion,North,Chandigarh,4,1763.87,7055.48,10,705.55,6349.93,UPI,Shipped,0
102060,2022-07-04,CUST4313,Kavya Desai,T-Shirt,Fashion,South,Bengaluru,2,638.62,1277.24,0,0.0,1277.24,UPI,Shipped,0
102061,2023-09-11,CUST2004,Aditya Reddy,Camera,Electronics,South,Bengaluru,2,32601.51,65203.02,0,0.0,65203.02,Debit Card,Shipped,0
102062,2024-01-19,CUST3785,Reyansh Gupta,Watch,Fashion,South,Kochi,3,2547.42,7642.26,10,764.23,6878.03,Credit Card,Returned,1
102063,2022-06-13,CUST3610,Sanjay Kapoor,Mobile,Electronics,East,Guwahati,3,34864.75,104594.25,10,10459.42,94134.83,Net Banking,Cancelled,0
102064,2024-05-29,CUST4625,Ananya Agarwal,Watch,Fashion,South,Kochi,5,23494.16,117470.8,20,23494.16,93976.64,UPI,Returned,1
102065,2022-01-15,CUST1201,Diya Pillai,Camera,Electronics,South,Chennai,4,43539.32,174157.28,10,17415.73,156741.55,Net Banking,Delivered,0
102066,2022-01-13,CUST3308,Rakesh Gupta,Headphones,Electronics,West,Surat,4,6569.28,26277.12,0,0.0,26277.12,Credit Card,Shipped,0
102067,2024-09-08,CUST1861,Reyansh Kumar,Headphones,Electronics,North,Jaipur,2,2541.65,5083.3,5,254.16,4829.14,Debit Card,Returned,1
102068,2022-12-02,CUST4828,Priya Agarwal,Watch,Fashion,West,Surat,1,2150.05,2150.05,20,430.01,1720.04,Debit Card,Delivered,0
102069,2022-11-23,CUST4553,Krishna Bhat,Shoes,Fashion,South,Chennai,1,3360.06,3360.06,20,672.01,2688.05,Net Banking,Cancelled,0
102070,2022-01-01,CUST3526,Aditya Rao,Mobile,Electronics,East,Kolkata,1,64566.85,64566.85,0,0.0,64566.85,Cash on Delivery,Shipped,0
102071,2022-05-25,CUST3151,Meera Malhotra,Keyboard,Electronics,North,Lucknow,2,1673.34,3346.68,5,167.33,3179.35,Credit Card,Delivered,0
102072,2023-07-05,CUST1519,Neha Mehta,Headphones,Electronics,West,Mumbai,4,4279.55,17118.2,20,3423.64,13694.56,Cash on Delivery,Delivered,0
102073,2023-03-29,CUST1015,Vihaan Sharma,Mouse,Electronics,North,Chandigarh,2,1550.47,3100.94,15,465.14,2635.8,Cash on Delivery,Shipped,0
102074,2022-11-05,CUST3018,Suresh Kumar,Mouse,Electronics,West,Pune,1,640.4,640.4,15,96.06,544.34,UPI,Cancelled,0
102075,2022-03-11,CUST4803,Isha Agarwal,Shoes,Fashion,South,Chennai,1,1322.42,1322.42,20,264.48,1057.94,Net Banking,Returned,1
102076,2024-02-15,CUST2372,Rakesh Verma,Laptop,Electronics,East,Kolkata,5,72650.74,363253.7,5,18162.69,345091.01,Credit Card,Shipped,0
102077,2023-09-02,CUST1541,Pooja Verma,Watch,Fashion,South,Hyderabad,1,8046.4,8046.4,15,1206.96,6839.44,Cash on Delivery,Returned,1
102078,2022-10-10,CUST4792,Diya Malhotra,Shoes,Fashion,South,Kochi,2,5148.22,10296.44,10,1029.64,9266.8,UPI,Delivered,0
102079,2024-11-07,CUST3598,Amit Chopra,Backpack,Accessories,West,Surat,4,1231.72,4926.88,0,0.0,4926.88,UPI,Shipped,0
102080,2024-09-21,CUST1855,Rahul Malhotra,Mouse,Electronics,West,Ahmedabad,5,1903.64,9518.2,5,475.91,9042.29,UPI,Shipped,0
102081,2023-07-23,CUST4234,Priya Yadav,Camera,Electronics,South,Chennai,5,42959.31,214796.55,10,21479.65,193316.9,UPI,Returned,1
102082,2023-08-01,CUST1585,Meera Reddy,Camera,Electronics,North,Chandigarh,1,44603.71,44603.71,20,8920.74,35682.97,Credit Card,Shipped,0
102083,2024-02-20,CUST1413,Vihaan Kumar,Mouse,Electronics,West,Surat,1,580.63,580.63,15,87.09,493.54,Net Banking,Shipped,0
102084,2023-11-27,CUST1066,Krishna Nair,Headphones,Electronics,East,Kolkata,3,7353.65,22060.95,5,1103.05,20957.9,Credit Card,Returned,1
102085,2023-01-31,CUST4982,Priya Malhotra,Backpack,Accessories,East,Bhubaneswar,3,2204.96,6614.88,15,992.23,5622.65,Debit Card,Shipped,0
102086,2024-08-02,CUST3851,Pooja Kapoor,T-Shirt,Fashion,East,Patna,5,785.25,3926.25,20,785.25,3141.0,Debit Card,Delivered,0
102087,2022-04-29,CUST4983,Ananya Bhat,Shoes,Fashion,North,Lucknow,5,1621.1,8105.5,10,810.55,7294.95,Net Banking,Returned,1
102088,2024-01-28,CUST2915,Isha Joshi,Laptop,Electronics,North,Delhi,2,41547.97,83095.94,15,12464.39,70631.55,Credit Card,Returned,1
102089,2023-07-06,CUST1789,Riya Agarwal,Watch,Fashion,East,Patna,2,19122.31,38244.62,5,1912.23,36332.39,UPI,Returned,1
102090,2022-09-02,CUST1243,Vivaan Bhat,T-Shirt,Fashion,North,Delhi,4,1594.22,6376.88,10,637.69,5739.19,Debit Card,Delivered,0
102091,2023-10-15,CUST3803,Pooja Pillai,Watch,Fashion,West,Surat,1,10738.47,10738.47,0,0.0,10738.47,UPI,Delivered,0
102092,2024-01-05,CUST2442,Vikram Desai,T-Shirt,Fashion,South,Hyderabad,2,1314.99,2629.98,10,263.0,2366.98,UPI,Delivered,0
102093,2024-07-03,CUST4223,Ananya Kapoor,Camera,Electronics,West,Pune,1,32238.14,32238.14,0,0.0,32238.14,Cash on Delivery,Delivered,0
102094,2023-10-28,CUST1717,Vihaan Kumar,Mouse,Electronics,West,Pune,1,426.48,426.48,0,0.0,426.48,UPI,Delivered,0
102095,2023-02-18,CUST2665,Reyansh Kapoor,Laptop,Electronics,West,Ahmedabad,1,78544.83,78544.83,15,11781.72,66763.11,Credit Card,Shipped,0
102096,2022-05-11,CUST4925,Myra Sharma,T-Shirt,Fashion,West,Mumbai,2,688.4,1376.8,5,68.84,1307.96,UPI,Cancelled,0
102097,2024-11-15,CUST1248,Rahul Rao,Keyboard,Electronics,South,Bengaluru,4,1693.2,6772.8,25,1693.2,5079.6,Debit Card,Cancelled,0
102098,2023-07-24,CUST1870,Pooja Patel,Headphones,Electronics,North,Jaipur,3,4692.01,14076.03,15,2111.4,11964.63,Debit Card,Shipped,0
102099,2024-09-19,CUST4594,Deepa Malhotra,Laptop,Electronics,East,Kolkata,3,71826.96,215480.88,0,0.0,215480.88,Net Banking,Delivered,0
102100,2023-07-08,CUST2223,Sara Sharma,Shoes,Fashion,North,Jaipur,2,1756.0,3512.0,5,175.6,3336.4,Debit Card,Delivered,0
102101,2024-11-09,CUST2318,Aarav Malhotra,Mobile,Electronics,West,Surat,1,70034.39,70034.39,10,7003.44,63030.95,UPI,Delivered,0
102102,2022-04-03,CUST1004,Arjun Rao,Shoes,Fashion,East,Bhubaneswar,3,4690.25,14070.75,20,2814.15,11256.6,Net Banking,Cancelled,0
102103,2022-07-04,CUST3459,Diya Kapoor,Headphones,Electronics,East,Patna,1,5484.85,5484.85,20,1096.97,4387.88,Cash on Delivery,Cancelled,0
102104,2023-04-11,CUST4047,Vihaan Malhotra,Headphones,Electronics,South,Hyderabad,3,7071.23,21213.69,10,2121.37,19092.32,Credit Card,Shipped,0
102105,2022-08-21,CUST1273,Amit Joshi,Shoes,Fashion,East,Guwahati,1,3346.0,3346.0,10,334.6,3011.4,Credit Card,Cancelled,0
102106,2024-12-05,CUST4436,Sanjay Kumar,T-Shirt,Fashion,West,Ahmedabad,5,1345.77,6728.85,15,1009.33,5719.52,Debit Card,Shipped,0
102107,2023-05-17,CUST1689,Rahul Iyer,Watch,Fashion,South,Kochi,3,20382.35,61147.05,5,3057.35,58089.7,Net Banking,Delivered,0
102108,2024-05-10,CUST2198,Priya Desai,Mouse,Electronics,North,Jaipur,3,1128.84,3386.52,15,507.98,2878.54,Credit Card,Shipped,0
102109,2022-06-27,CUST4325,Diya Patel,T-Shirt,Fashion,North,Chandigarh,1,353.61,353.61,10,35.36,318.25,Net Banking,Shipped,0
102110,2024-01-11,CUST3306,Priya Mehta,T-Shirt,Fashion,West,Mumbai,2,1075.95,2151.9,5,107.59,2044.31,Debit Card,Cancelled,0
102111,2023-03-27,CUST1487,Rahul Desai,Laptop,Electronics,South,Bengaluru,5,113867.34,569336.7,5,28466.83,540869.87,UPI,Returned,1
102112,2024-05-27,CUST4575,Ananya Nair,Shoes,Fashion,East,Kolkata,5,5849.86,29249.3,5,1462.46,27786.84,Net Banking,Shipped,0
102113,2023-10-24,CUST1289,Neha Nair,T-Shirt,Fashion,East,Guwahati,1,1638.43,1638.43,5,81.92,1556.51,UPI,Cancelled,0
102114,2022-03-23,CUST4067,Priya Pillai,Shoes,Fashion,South,Hyderabad,2,4222.75,8445.5,0,0.0,8445.5,Net Banking,Returned,1
102115,2023-09-12,CUST3492,Diya Kapoor,Keyboard,Electronics,South,Bengaluru,2,759.21,1518.42,10,151.84,1366.58,Cash on Delivery,Returned,1
102116,2022-11-15,CUST2632,Aarav Desai,Mouse,Electronics,North,Lucknow,2,1511.09,3022.18,10,302.22,2719.96,Debit Card,Returned,1
102117,2023-11-15,CUST3241,Pooja Patel,Camera,Electronics,North,Chandigarh,3,22216.27,66648.81,25,16662.2,49986.61,Net Banking,Shipped,0
102118,2022-02-24,CUST1028,Rahul Desai,T-Shirt,Fashion,North,Chandigarh,4,1487.0,5948.0,0,0.0,5948.0,Debit Card,Cancelled,0
102119,2022-10-28,CUST1589,Riya Bhat,Mouse,Electronics,South,Bengaluru,4,403.57,1614.28,10,161.43,1452.85,Debit Card,Delivered,0
102120,2024-07-19,CUST1993,Suresh Verma,Mouse,Electronics,South,Chennai,1,2291.64,2291.64,10,229.16,2062.48,UPI,Returned,1
102121,2023-04-07,CUST2451,Reyansh Mehta,Mobile,Electronics,North,Chandigarh,2,50393.63,100787.26,10,10078.73,90708.53,Net Banking,Cancelled,0
102122,2023-11-06,CUST3790,Ananya Verma,Shoes,Fashion,North,Chandigarh,2,5042.52,10085.04,15,1512.76,8572.28,Debit Card,Shipped,0
102123,2023-04-01,CUST3911,Sara Nair,Mobile,Electronics,South,Bengaluru,2,61140.3,122280.6,10,12228.06,110052.54,Net Banking,Returned,1
102124,2023-09-24,CUST4895,Vikram Desai,Laptop,Electronics,North,Jaipur,2,78273.57,156547.14,5,7827.36,148719.78,Cash on Delivery,Delivered,0
102125,2023-02-11,CUST2818,Isha Bhat,Backpack,Accessories,East,Kolkata,4,3353.28,13413.12,25,3353.28,10059.84,Credit Card,Cancelled,0
102126,2024-06-15,CUST3530,Vikram Pillai,Camera,Electronics,South,Kochi,4,46057.77,184231.08,15,27634.66,156596.42,Cash on Delivery,Returned,1
102127,2024-11-15,CUST2687,Rohan Nair,Shoes,Fashion,South,Chennai,1,6351.73,6351.73,20,1270.35,5081.38,Credit Card,Delivered,0
102128,2024-05-25,CUST1271,Rohan Sharma,Shoes,Fashion,East,Patna,1,5163.18,5163.18,5,258.16,4905.02,UPI,Returned,1
102129,2022-09-01,CUST4870,Diya Malhotra,Mouse,Electronics,North,Lucknow,3,1355.48,4066.44,15,609.97,3456.47,Net Banking,Returned,1
102130,2024-11-08,CUST4170,Isha Bhat,Shoes,Fashion,South,Chennai,3,4838.48,14515.44,0,0.0,14515.44,UPI,Shipped,0
102131,2023-04-10,CUST2229,Krishna Singh,Keyboard,Electronics,East,Bhubaneswar,3,854.91,2564.73,10,256.47,2308.26,Credit Card,Returned,1
102132,2024-06-05,CUST1098,Rakesh Agarwal,Camera,Electronics,South,Hyderabad,1,28878.38,28878.38,15,4331.76,24546.62,Net Banking,Shipped,0
102133,2022-09-08,CUST2461,Diya Malhotra,Shoes,Fashion,West,Ahmedabad,1,3052.08,3052.08,10,305.21,2746.87,Credit Card,Delivered,0
102134,2022-05-11,CUST2379,Myra Sharma,T-Shirt,Fashion,South,Bengaluru,5,1056.23,5281.15,15,792.17,4488.98,Net Banking,Shipped,0
102135,2023-08-11,CUST1933,Vikram Gupta,Backpack,Accessories,West,Pune,1,2728.13,2728.13,10,272.81,2455.32,Net Banking,Shipped,0
102136,2023-02-21,CUST4321,Neha Desai,Laptop,Electronics,West,Surat,2,110595.53,221191.06,15,33178.66,188012.4,Credit Card,Cancelled,0
102137,2023-05-10,CUST4325,Reyansh Sharma,Shoes,Fashion,South,Chennai,3,4926.21,14778.63,0,0.0,14778.63,UPI,Delivered,0
102138,2023-01-19,CUST4648,Vihaan Bhat,Headphones,Electronics,South,Hyderabad,5,6193.53,30967.65,10,3096.76,27870.89,Net Banking,Delivered,0
102139,2022-06-09,CUST2283,Aarav Kumar,Keyboard,Electronics,South,Kochi,2,2899.13,5798.26,10,579.83,5218.43,UPI,Delivered,0
102140,2023-03-27,CUST3410,Ishaan Yadav,Mouse,Electronics,West,Ahmedabad,1,2390.29,2390.29,0,0.0,2390.29,Debit Card,Shipped,0
102141,2022-02-03,CUST4539,Vihaan Desai,T-Shirt,Fashion,North,Lucknow,3,1759.33,5277.99,10,527.8,4750.19,UPI,Delivered,0
102142,2022-02-25,CUST1865,Meera Singh,Shoes,Fashion,East,Patna,1,2604.8,2604.8,20,520.96,2083.84,Cash on Delivery,Delivered,0
102143,2023-09-22,CUST4332,Arjun Agarwal,Keyboard,Electronics,West,Ahmedabad,1,1716.18,1716.18,10,171.62,1544.56,Credit Card,Delivered,0
102144,2024-01-01,CUST4660,Pooja Agarwal,Backpack,Accessories,North,Chandigarh,1,2928.7,2928.7,10,292.87,2635.83,Cash on Delivery,Returned,1
102145,2023-06-23,CUST2223,Rakesh Patel,Watch,Fashion,East,Patna,3,4959.23,14877.69,5,743.88,14133.81,UPI,Delivered,0
102146,2023-01-02,CUST2406,Pooja Mehta,Watch,Fashion,North,Lucknow,5,24256.16,121280.8,20,24256.16,97024.64,Net Banking,Delivered,0
102147,2023-06-08,CUST2635,Vikram Bhat,Camera,Electronics,East,Bhubaneswar,4,46271.81,185087.24,5,9254.36,175832.88,Credit Card,Cancelled,0
102148,2024-01-10,CUST3995,Ishaan Agarwal,Shoes,Fashion,North,Lucknow,3,2583.86,7751.58,15,1162.74,6588.84,Debit Card,Shipped,0
102149,2024-07-26,CUST2911,Sara Kapoor,Camera,Electronics,South,Kochi,1,48178.34,48178.34,0,0.0,48178.34,Cash on Delivery,Shipped,0
102150,2023-08-08,CUST3029,Krishna Pillai,Watch,Fashion,West,Pune,1,22021.4,22021.4,0,0.0,22021.4,Cash on Delivery,Returned,1
102151,2024-09-10,CUST2278,Krishna Patel,Mouse,Electronics,South,Chennai,1,1462.34,1462.34,10,146.23,1316.11,Cash on Delivery,Shipped,0
102152,2022-12-16,CUST4871,Rahul Gupta,Keyboard,Electronics,East,Patna,1,759.69,759.69,5,37.98,721.71,UPI,Returned,1
102153,2023-10-18,CUST1527,Kavya Joshi,Backpack,Accessories,South,Bengaluru,2,1423.83,2847.66,15,427.15,2420.51,UPI,Returned,1
102154,2023-02-10,CUST2524,Krishna Patel,Mobile,Electronics,East,Kolkata,2,53381.19,106762.38,20,21352.48,85409.9,Debit Card,Cancelled,0
102155,2024-10-25,CUST3650,Kavya Mehta,Laptop,Electronics,North,Lucknow,1,37825.43,37825.43,5,1891.27,35934.16,Cash on Delivery,Shipped,0
102156,2022-07-16,CUST1111,Rohan Kumar,Mobile,Electronics,West,Mumbai,3,83156.51,249469.53,0,0.0,249469.53,Credit Card,Returned,1
102157,2022-02-09,CUST2738,Vihaan Agarwal,Mouse,Electronics,South,Bengaluru,1,465.85,465.85,5,23.29,442.56,Net Banking,Returned,1
102158,2023-04-21,CUST1534,Deepa Malhotra,Keyboard,Electronics,North,Lucknow,1,3911.52,3911.52,5,195.58,3715.94,Cash on Delivery,Cancelled,0
102159,2022-06-04,CUST2048,Vihaan Reddy,Headphones,Electronics,East,Kolkata,2,1806.83,3613.66,0,0.0,3613.66,Net Banking,Returned,1
102160,2024-02-15,CUST1648,Vihaan Reddy,T-Shirt,Fashion,South,Chennai,3,629.04,1887.12,15,283.07,1604.05,Credit Card,Shipped,0
102161,2023-09-16,CUST2637,Sai Kapoor,Keyboard,Electronics,East,Patna,2,3939.67,7879.34,15,1181.9,6697.44,Credit Card,Shipped,0
102162,2024-05-30,CUST2096,Kavya Reddy,Laptop,Electronics,West,Ahmedabad,3,71396.73,214190.19,0,0.0,214190.19,Credit Card,Returned,1
102163,2023-05-12,CUST3253,Ishaan Malhotra,Headphones,Electronics,East,Patna,1,6202.55,6202.55,15,930.38,5272.17,UPI,Returned,1
102164,2022-12-30,CUST2519,Isha Agarwal,Mobile,Electronics,North,Chandigarh,4,37853.12,151412.48,20,30282.5,121129.98,Cash on Delivery,Delivered,0
102165,2023-05-20,CUST1248,Deepa Kapoor,Mobile,Electronics,South,Bengaluru,1,70886.48,70886.48,10,7088.65,63797.83,Debit Card,Delivered,0
102166,2024-04-08,CUST3858,Deepa Malhotra,Watch,Fashion,West,Surat,2,7545.1,15090.2,15,2263.53,12826.67,Credit Card,Shipped,0
102167,2023-10-13,CUST2384,Amit Iyer,Mobile,Electronics,North,Chandigarh,4,85866.75,343467.0,25,85866.75,257600.25,UPI,Delivered,0
102168,2023-05-27,CUST1829,Arjun Joshi,Keyboard,Electronics,South,Kochi,1,3035.16,3035.16,15,455.27,2579.89,Net Banking,Cancelled,0
102169,2024-05-06,CUST4814,Reyansh Bhat,Mouse,Electronics,South,Chennai,1,1045.26,1045.26,0,0.0,1045.26,UPI,Cancelled,0
102170,2023-05-20,CUST1107,Amit Malhotra,Keyboard,Electronics,South,Chennai,5,1646.48,8232.4,10,823.24,7409.16,Net Banking,Returned,1
102171,2022-06-08,CUST2451,Kavya Gupta,Mouse,Electronics,West,Surat,3,623.65,1870.95,10,187.09,1683.86,Net Banking,Returned,1
102172,2022-07-01,CUST1094,Aarav Iyer,Keyboard,Electronics,East,Kolkata,1,4087.75,4087.75,10,408.77,3678.98,Debit Card,Returned,1
102173,2023-07-15,CUST2735,Anika Yadav,Shoes,Fashion,West,Surat,1,1230.01,1230.01,15,184.5,1045.51,Cash on Delivery,Cancelled,0
102174,2022-09-27,CUST2631,Vihaan Joshi,Shoes,Fashion,West,Mumbai,3,1683.65,5050.95,15,757.64,4293.31,Net Banking,Shipped,0
102175,2022-12-03,CUST2410,Isha Joshi,Keyboard,Electronics,East,Patna,4,2268.09,9072.36,5,453.62,8618.74,Credit Card,Cancelled,0
102176,2023-09-08,CUST2619,Aarav Reddy,Mouse,Electronics,North,Lucknow,3,1312.02,3936.06,15,590.41,3345.65,Net Banking,Cancelled,0
102177,2024-07-31,CUST2679,Aditya Yadav,Watch,Fashion,North,Delhi,5,3814.13,19070.65,15,2860.6,16210.05,UPI,Returned,1
102178,2022-08-16,CUST4915,Vivaan Gupta,Shoes,Fashion,West,Mumbai,2,5878.44,11756.88,5,587.84,11169.04,Credit Card,Shipped,0
102179,2023-07-12,CUST1138,Pooja Malhotra,Mouse,Electronics,North,Jaipur,4,1556.68,6226.72,0,0.0,6226.72,Debit Card,Returned,1
102180,2023-02-25,CUST3185,Amit Nair,Camera,Electronics,North,Lucknow,1,25875.87,25875.87,10,2587.59,23288.28,UPI,Cancelled,0
102181,2023-03-20,CUST2028,Vivaan Patel,Camera,Electronics,South,Hyderabad,1,17483.05,17483.05,0,0.0,17483.05,UPI,Delivered,0
102182,2022-06-20,CUST1194,Sanjay Sharma,T-Shirt,Fashion,North,Chandigarh,1,760.24,760.24,15,114.04,646.2,Net Banking,Returned,1
102183,2022-09-01,CUST1135,Isha Bhat,Laptop,Electronics,East,Bhubaneswar,4,38285.46,153141.84,10,15314.18,137827.66,UPI,Cancelled,0
102184,2023-11-06,CUST2069,Rohan Bhat,Camera,Electronics,West,Mumbai,1,20775.18,20775.18,25,5193.8,15581.38,Debit Card,Shipped,0
102185,2022-07-16,CUST1408,Aadhya Malhotra,Headphones,Electronics,West,Pune,2,1337.75,2675.5,0,0.0,2675.5,UPI,Returned,1
102186,2022-08-26,CUST4205,Reyansh Kumar,Keyboard,Electronics,West,Surat,1,1795.7,1795.7,10,179.57,1616.13,Cash on Delivery,Cancelled,0
102187,2022-01-09,CUST3275,Sai Kapoor,Camera,Electronics,East,Patna,5,47676.53,238382.65,25,59595.66,178786.99,Credit Card,Cancelled,0
102188,2024-09-19,CUST4164,Suresh Patel,Camera,Electronics,South,Bengaluru,1,36344.71,36344.71,20,7268.94,29075.77,Credit Card,Delivered,0
102189,2023-01-20,CUST1978,Meera Patel,Watch,Fashion,North,Chandigarh,2,13339.82,26679.64,10,2667.96,24011.68,Credit Card,Cancelled,0
102190,2024-02-16,CUST2172,Vihaan Malhotra,T-Shirt,Fashion,West,Mumbai,1,1273.87,1273.87,5,63.69,1210.18,Cash on Delivery,Returned,1
102191,2023-11-19,CUST1210,Reyansh Mehta,Headphones,Electronics,North,Lucknow,1,2844.5,2844.5,0,0.0,2844.5,Debit Card,Shipped,0
102192,2023-12-07,CUST2323,Ananya Singh,Mouse,Electronics,East,Guwahati,5,708.2,3541.0,0,0.0,3541.0,Net Banking,Shipped,0
102193,2022-05-14,CUST3391,Suresh Pillai,Headphones,Electronics,East,Guwahati,3,7232.63,21697.89,0,0.0,21697.89,Credit Card,Delivered,0
102194,2024-11-03,CUST1904,Riya Yadav,T-Shirt,Fashion,East,Patna,2,1676.61,3353.22,10,335.32,3017.9,UPI,Returned,1
102195,2024-04-03,CUST2491,Reyansh Chopra,Backpack,Accessories,North,Delhi,3,2645.94,7937.82,15,1190.67,6747.15,UPI,Delivered,0
102196,2024-03-09,CUST4114,Isha Kumar,T-Shirt,Fashion,South,Chennai,4,617.14,2468.56,15,370.28,2098.28,Cash on Delivery,Delivered,0
102197,2023-07-17,CUST1020,Vihaan Iyer,Mobile,Electronics,South,Bengaluru,1,79791.14,79791.14,10,7979.11,71812.03,Cash on Delivery,Shipped,0
102198,2022-07-30,CUST1014,Vikram Sharma,Mouse,Electronics,South,Kochi,4,873.49,3493.96,15,524.09,2969.87,Net Banking,Delivered,0
102199,2022-10-16,CUST2669,Aarav Desai,Mouse,Electronics,South,Bengaluru,3,2474.21,7422.63,20,1484.53,5938.1,Cash on Delivery,Delivered,0
102200,2022-10-31,CUST3277,Sai Singh,Headphones,Electronics,North,Delhi,1,7065.31,7065.31,15,1059.8,6005.51,Debit Card,Shipped,0
102201,2023-09-01,CUST2117,Vivaan Sharma,Headphones,Electronics,South,Hyderabad,2,7037.56,14075.12,10,1407.51,12667.61,Credit Card,Cancelled,0
102202,2023-05-20,CUST4383,Diya Sharma,Camera,Electronics,North,Jaipur,2,47101.35,94202.7,5,4710.14,89492.56,Cash on Delivery,Returned,1
102203,2022-01-16,CUST2184,Rakesh Rao,Mobile,Electronics,North,Chandigarh,5,22343.29,111716.45,15,16757.47,94958.98,Net Banking,Shipped,0
102204,2022-03-01,CUST1070,Arjun Bhat,Camera,Electronics,East,Patna,5,37260.98,186304.9,0,0.0,186304.9,UPI,Returned,1
102205,2022-06-08,CUST4570,Meera Mehta,Camera,Electronics,North,Jaipur,1,26507.94,26507.94,20,5301.59,21206.35,Credit Card,Shipped,0
102206,2023-08-13,CUST3255,Pooja Kumar,Headphones,Electronics,West,Mumbai,5,2690.99,13454.95,10,1345.49,12109.46,UPI,Cancelled,0
102207,2022-02-21,CUST2903,Amit Iyer,Backpack,Accessories,North,Lucknow,1,1710.63,1710.63,5,85.53,1625.1,Net Banking,Returned,1
102208,2024-06-29,CUST4366,Ishaan Iyer,T-Shirt,Fashion,East,Kolkata,3,491.15,1473.45,20,294.69,1178.76,Net Banking,Returned,1
102209,2024-02-02,CUST2253,Riya Malhotra,Mouse,Electronics,East,Kolkata,2,1030.25,2060.5,5,103.03,1957.47,Credit Card,Cancelled,0
102210,2024-05-30,CUST3824,Riya Verma,Backpack,Accessories,South,Hyderabad,1,3258.02,3258.02,0,0.0,3258.02,UPI,Returned,1
102211,2022-04-10,CUST2721,Isha Mehta,Laptop,Electronics,South,Chennai,2,103085.22,206170.44,10,20617.04,185553.4,UPI,Shipped,0
102212,2022-10-22,CUST1381,Myra Rao,Shoes,Fashion,North,Chandigarh,4,2979.03,11916.12,20,2383.22,9532.9,Cash on Delivery,Delivered,0
102213,2022-02-11,CUST1796,Sara Nair,Keyboard,Electronics,South,Bengaluru,1,4095.67,4095.67,0,0.0,4095.67,Credit Card,Shipped,0
102214,2024-10-18,CUST2323,Deepa Singh,Shoes,Fashion,East,Bhubaneswar,3,5653.73,16961.19,5,848.06,16113.13,Credit Card,Delivered,0
102215,2022-01-10,CUST2121,Sanjay Verma,Backpack,Accessories,South,Chennai,1,1523.93,1523.93,5,76.2,1447.73,Debit Card,Delivered,0
102216,2023-11-02,CUST2291,Anika Mehta,Camera,Electronics,South,Chennai,2,43805.85,87611.7,5,4380.59,83231.11,UPI,Returned,1
102217,2023-07-23,CUST2852,Sai Chopra,Shoes,Fashion,South,Bengaluru,2,5570.94,11141.88,10,1114.19,10027.69,UPI,Shipped,0
102218,2023-01-07,CUST4474,Suresh Iyer,Backpack,Accessories,North,Lucknow,1,1532.12,1532.12,15,229.82,1302.3,Net Banking,Delivered,0
102219,2024-03-14,CUST3457,Sai Yadav,Camera,Electronics,South,Chennai,2,24054.39,48108.78,5,2405.44,45703.34,Debit Card,Returned,1
102220,2022-06-28,CUST3218,Kavya Pillai,Camera,Electronics,South,Bengaluru,2,53051.14,106102.28,15,15915.34,90186.94,Debit Card,Shipped,0
102221,2024-08-30,CUST2622,Deepa Sharma,Headphones,Electronics,West,Ahmedabad,3,5050.45,15151.35,20,3030.27,12121.08,UPI,Returned,1
102222,2024-10-21,CUST3177,Vivaan Joshi,Keyboard,Electronics,West,Ahmedabad,4,4384.71,17538.84,0,0.0,17538.84,Debit Card,Returned,1
102223,2023-05-14,CUST3535,Reyansh Chopra,Mobile,Electronics,North,Lucknow,1,16712.79,16712.79,10,1671.28,15041.51,Cash on Delivery,Returned,1
102224,2023-12-01,CUST2543,Kavya Gupta,Keyboard,Electronics,South,Kochi,1,747.18,747.18,0,0.0,747.18,Cash on Delivery,Shipped,0
102225,2024-01-25,CUST2266,Diya Yadav,Headphones,Electronics,North,Jaipur,2,5969.18,11938.36,5,596.92,11341.44,UPI,Shipped,0
102226,2023-04-25,CUST3666,Aditya Agarwal,Backpack,Accessories,East,Bhubaneswar,1,1857.01,1857.01,15,278.55,1578.46,Debit Card,Shipped,0
102227,2024-06-28,CUST3518,Aarav Gupta,Shoes,Fashion,South,Bengaluru,1,3010.33,3010.33,10,301.03,2709.3,Credit Card,Cancelled,0
102228,2024-10-18,CUST3914,Kavya Rao,Laptop,Electronics,West,Ahmedabad,1,87213.7,87213.7,20,17442.74,69770.96,Cash on Delivery,Returned,1
102229,2022-02-24,CUST1655,Rakesh Malhotra,Mouse,Electronics,South,Hyderabad,1,1336.05,1336.05,20,267.21,1068.84,UPI,Shipped,0
102230,2022-09-28,CUST3765,Krishna Patel,T-Shirt,Fashion,North,Jaipur,2,429.67,859.34,15,128.9,730.44,Net Banking,Shipped,0
102231,2023-05-19,CUST1812,Arjun Kumar,Camera,Electronics,South,Kochi,1,40167.98,40167.98,10,4016.8,36151.18,UPI,Shipped,0
102232,2024-11-15,CUST1903,Diya Rao,Shoes,Fashion,North,Jaipur,3,1301.03,3903.09,0,0.0,3903.09,Net Banking,Returned,1
102233,2023-05-17,CUST4165,Myra Mehta,Shoes,Fashion,North,Jaipur,4,4295.13,17180.52,5,859.03,16321.49,Cash on Delivery,Shipped,0
102234,2023-12-07,CUST4487,Meera Kapoor,Keyboard,Electronics,South,Chennai,4,3312.16,13248.64,0,0.0,13248.64,Debit Card,Shipped,0
102235,2023-02-18,CUST2690,Rakesh Desai,Mouse,Electronics,South,Chennai,1,1353.25,1353.25,25,338.31,1014.94,Credit Card,Shipped,0
102236,2023-07-17,CUST4336,Amit Sharma,Mobile,Electronics,East,Patna,4,83467.34,333869.36,0,0.0,333869.36,Cash on Delivery,Shipped,0
102237,2023-03-28,CUST1260,Deepa Chopra,Mouse,Electronics,West,Pune,3,1164.42,3493.26,5,174.66,3318.6,UPI,Cancelled,0
102238,2024-01-19,CUST2286,Amit Agarwal,Headphones,Electronics,South,Hyderabad,2,3287.07,6574.14,25,1643.54,4930.6,Debit Card,Delivered,0
102239,2023-07-25,CUST2179,Priya Malhotra,Mouse,Electronics,East,Guwahati,1,1270.83,1270.83,5,63.54,1207.29,UPI,Shipped,0
102240,2024-05-07,CUST3186,Ananya Agarwal,Mobile,Electronics,West,Mumbai,2,59663.42,119326.84,5,5966.34,113360.5,UPI,Returned,1
102241,2024-05-05,CUST1734,Neha Desai,Mobile,Electronics,West,Pune,4,13393.17,53572.68,10,5357.27,48215.41,Debit Card,Returned,1
102242,2023-07-06,CUST1298,Deepa Kumar,Watch,Fashion,West,Ahmedabad,3,15810.56,47431.68,10,4743.17,42688.51,Debit Card,Shipped,0
102243,2023-02-06,CUST2890,Rohan Desai,Headphones,Electronics,East,Patna,2,6434.58,12869.16,10,1286.92,11582.24,Cash on Delivery,Shipped,0
102244,2022-10-08,CUST4539,Diya Gupta,T-Shirt,Fashion,West,Mumbai,1,850.09,850.09,10,85.01,765.08,Net Banking,Delivered,0
102245,2023-08-23,CUST3787,Myra Bhat,T-Shirt,Fashion,South,Bengaluru,2,645.24,1290.48,15,193.57,1096.91,Net Banking,Shipped,0
102246,2023-07-07,CUST3939,Ananya Patel,Headphones,Electronics,West,Pune,2,6064.18,12128.36,5,606.42,11521.94,Cash on Delivery,Cancelled,0
102247,2024-12-01,CUST1017,Kavya Reddy,Mouse,Electronics,South,Kochi,1,733.69,733.69,15,110.05,623.64,Debit Card,Cancelled,0
102248,2024-11-26,CUST4760,Rohan Kapoor,Camera,Electronics,North,Lucknow,4,48017.65,192070.6,0,0.0,192070.6,Cash on Delivery,Cancelled,0
102249,2024-07-13,CUST2560,Amit Malhotra,Laptop,Electronics,North,Jaipur,4,108922.62,435690.48,5,21784.52,413905.96,Debit Card,Delivered,0
102250,2022-06-25,CUST2561,Neha Reddy,Backpack,Accessories,West,Pune,5,2790.08,13950.4,15,2092.56,11857.84,UPI,Returned,1
102251,2024-01-29,CUST2146,Suresh Rao,Backpack,Accessories,West,Ahmedabad,3,1857.89,5573.67,10,557.37,5016.3,Net Banking,Shipped,0
102252,2022-07-11,CUST4811,Suresh Malhotra,Watch,Fashion,East,Kolkata,1,5669.57,5669.57,5,283.48,5386.09,Credit Card,Returned,1
102253,2024-12-22,CUST3215,Neha Verma,Keyboard,Electronics,South,Bengaluru,1,4095.69,4095.69,5,204.78,3890.91,Cash on Delivery,Delivered,0
102254,2022-05-11,CUST2576,Diya Agarwal,Backpack,Accessories,North,Delhi,1,2667.53,2667.53,0,0.0,2667.53,Cash on Delivery,Delivered,0
102255,2023-03-21,CUST2876,Aadhya Joshi,T-Shirt,Fashion,South,Chennai,4,626.85,2507.4,15,376.11,2131.29,Cash on Delivery,Delivered,0
102256,2023-10-13,CUST2832,Isha Joshi,Mobile,Electronics,South,Bengaluru,1,59581.7,59581.7,0,0.0,59581.7,UPI,Delivered,0
102257,2024-08-05,CUST2658,Rakesh Gupta,Camera,Electronics,South,Kochi,2,16443.67,32887.34,25,8221.83,24665.51,Net Banking,Shipped,0
102258,2024-03-08,CUST2730,Kavya Kapoor,Watch,Fashion,South,Chennai,2,3647.37,7294.74,0,0.0,7294.74,Credit Card,Delivered,0
102259,2023-02-12,CUST1268,Sai Rao,Camera,Electronics,North,Chandigarh,4,30415.2,121660.8,10,12166.08,109494.72,Net Banking,Shipped,0
102260,2023-06-08,CUST1274,Diya Bhat,Shoes,Fashion,West,Ahmedabad,4,2763.9,11055.6,25,2763.9,8291.7,Debit Card,Delivered,0
102261,2023-05-22,CUST4155,Riya Malhotra,Watch,Fashion,South,Hyderabad,2,4768.84,9537.68,10,953.77,8583.91,Credit Card,Cancelled,0
102262,2022-03-30,CUST3209,Aditya Mehta,T-Shirt,Fashion,North,Lucknow,2,1306.21,2612.42,0,0.0,2612.42,UPI,Delivered,0
102263,2024-11-21,CUST1645,Ananya Reddy,Laptop,Electronics,West,Surat,2,86403.95,172807.9,5,8640.4,164167.5,Debit Card,Shipped,0
102264,2024-01-30,CUST1674,Rakesh Verma,Shoes,Fashion,North,Chandigarh,2,4036.98,8073.96,15,1211.09,6862.87,Credit Card,Delivered,0
102265,2024-08-14,CUST4855,Priya Reddy,Mobile,Electronics,North,Jaipur,5,43544.0,217720.0,25,54430.0,163290.0,Cash on Delivery,Cancelled,0
102266,2023-04-04,CUST4891,Anika Singh,Backpack,Accessories,South,Kochi,1,2860.74,2860.74,0,0.0,2860.74,UPI,Returned,1
102267,2024-10-23,CUST2306,Rohan Kumar,Shoes,Fashion,West,Surat,2,5082.61,10165.22,15,1524.78,8640.44,Cash on Delivery,Cancelled,0
102268,2024-06-25,CUST1599,Suresh Patel,Headphones,Electronics,East,Guwahati,3,7435.1,22305.3,5,1115.27,21190.03,Net Banking,Shipped,0
102269,2022-04-17,CUST4476,Diya Desai,Camera,Electronics,North,Lucknow,3,26146.32,78438.96,5,3921.95,74517.01,Credit Card,Delivered,0
102270,2024-08-30,CUST2494,Vihaan Agarwal,Shoes,Fashion,West,Mumbai,4,5571.62,22286.48,15,3342.97,18943.51,UPI,Cancelled,0
102271,2024-02-13,CUST1797,Sara Iyer,Watch,Fashion,South,Kochi,2,12035.16,24070.32,5,1203.52,22866.8,Net Banking,Returned,1
102272,2024-02-17,CUST1803,Amit Chopra,Laptop,Electronics,West,Mumbai,1,95638.99,95638.99,5,4781.95,90857.04,Credit Card,Cancelled,0
102273,2022-01-28,CUST2482,Myra Sharma,Shoes,Fashion,East,Bhubaneswar,1,1394.16,1394.16,0,0.0,1394.16,Credit Card,Shipped,0
102274,2023-11-05,CUST1179,Vivaan Gupta,Laptop,Electronics,South,Chennai,2,99792.36,199584.72,5,9979.24,189605.48,Net Banking,Shipped,0
102275,2023-03-04,CUST4459,Amit Nair,Camera,Electronics,South,Chennai,2,16229.2,32458.4,0,0.0,32458.4,UPI,Delivered,0
102276,2024-10-21,CUST2467,Neha Reddy,Shoes,Fashion,West,Surat,4,6043.68,24174.72,5,1208.74,22965.98,Credit Card,Delivered,0
102277,2024-02-27,CUST4785,Krishna Kapoor,Shoes,Fashion,West,Pune,1,4094.55,4094.55,10,409.45,3685.1,Cash on Delivery,Cancelled,0
102278,2023-03-02,CUST3837,Aditya Desai,Mouse,Electronics,West,Surat,4,1793.31,7173.24,5,358.66,6814.58,Debit Card,Shipped,0
102279,2023-11-14,CUST4693,Ishaan Malhotra,Headphones,Electronics,West,Surat,2,1853.02,3706.04,10,370.6,3335.44,Credit Card,Delivered,0
102280,2022-10-17,CUST2602,Aarav Bhat,Headphones,Electronics,West,Surat,3,2888.71,8666.13,0,0.0,8666.13,Cash on Delivery,Returned,1
102281,2023-07-28,CUST3029,Reyansh Kumar,Backpack,Accessories,North,Chandigarh,4,1935.15,7740.6,10,774.06,6966.54,Net Banking,Returned,1
102282,2023-10-18,CUST4461,Vikram Rao,Camera,Electronics,South,Chennai,3,50164.33,150492.99,15,22573.95,127919.04,Debit Card,Cancelled,0
102283,2024-12-13,CUST3411,Priya Yadav,Keyboard,Electronics,South,Chennai,4,857.64,3430.56,0,0.0,3430.56,Cash on Delivery,Returned,1
102284,2024-12-24,CUST3157,Vivaan Singh,Keyboard,Electronics,North,Chandigarh,2,3408.47,6816.94,20,1363.39,5453.55,Credit Card,Cancelled,0
102285,2022-04-14,CUST1202,Meera Iyer,Keyboard,Electronics,South,Hyderabad,1,2675.02,2675.02,25,668.75,2006.27,Debit Card,Returned,1
102286,2022-02-20,CUST1574,Sara Patel,Laptop,Electronics,East,Guwahati,2,42524.24,85048.48,15,12757.27,72291.21,UPI,Shipped,0
102287,2024-07-28,CUST4150,Vikram Nair,Headphones,Electronics,East,Guwahati,2,3311.29,6622.58,25,1655.64,4966.94,Net Banking,Delivered,0
102288,2023-12-16,CUST4878,Amit Bhat,Shoes,Fashion,West,Ahmedabad,5,2133.61,10668.05,25,2667.01,8001.04,Cash on Delivery,Shipped,0
102289,2024-10-28,CUST1387,Rohan Kumar,Keyboard,Electronics,East,Bhubaneswar,1,2951.49,2951.49,10,295.15,2656.34,Debit Card,Returned,1
102290,2024-04-15,CUST3652,Pooja Chopra,T-Shirt,Fashion,East,Kolkata,3,552.9,1658.7,10,165.87,1492.83,Debit Card,Delivered,0
102291,2024-09-07,CUST3695,Isha Kumar,Backpack,Accessories,East,Kolkata,2,2317.39,4634.78,10,463.48,4171.3,Cash on Delivery,Delivered,0
102292,2024-03-23,CUST2883,Vikram Singh,T-Shirt,Fashion,South,Chennai,2,692.47,1384.94,10,138.49,1246.45,Credit Card,Shipped,0
102293,2023-02-03,CUST1350,Myra Agarwal,Mouse,Electronics,North,Lucknow,1,1250.96,1250.96,10,125.1,1125.86,Net Banking,Shipped,0
102294,2022-01-02,CUST3378,Myra Joshi,Mouse,Electronics,West,Ahmedabad,1,1510.65,1510.65,15,226.6,1284.05,Net Banking,Cancelled,0
102295,2024-08-10,CUST2321,Arjun Rao,Watch,Fashion,North,Jaipur,3,3726.9,11180.7,5,559.03,10621.67,Net Banking,Delivered,0
102296,2024-12-25,CUST1120,Aarav Mehta,Watch,Fashion,West,Surat,1,14267.26,14267.26,5,713.36,13553.9,Net Banking,Delivered,0
102297,2023-01-21,CUST4905,Riya Patel,Camera,Electronics,West,Ahmedabad,1,32632.67,32632.67,20,6526.53,26106.14,UPI,Delivered,0
102298,2022-08-22,CUST3152,Priya Joshi,Headphones,Electronics,East,Patna,4,3326.62,13306.48,0,0.0,13306.48,Net Banking,Delivered,0
102299,2023-01-06,CUST3298,Sara Pillai,Mouse,Electronics,North,Jaipur,4,309.6,1238.4,15,185.76,1052.64,Credit Card,Shipped,0
102300,2022-02-06,CUST3994,Vihaan Gupta,Shoes,Fashion,South,Kochi,5,4408.17,22040.85,15,3306.13,18734.72,Debit Card,Returned,1
102301,2022-12-17,CUST2644,Riya Sharma,Headphones,Electronics,South,Bengaluru,1,4451.67,4451.67,20,890.33,3561.34,Cash on Delivery,Delivered,0
102302,2022-02-02,CUST4630,Isha Singh,Watch,Fashion,South,Chennai,1,21453.37,21453.37,10,2145.34,19308.03,Debit Card,Cancelled,0
102303,2024-02-28,CUST1568,Rahul Rao,Backpack,Accessories,North,Chandigarh,3,1245.57,3736.71,0,0.0,3736.71,Credit Card,Cancelled,0
102304,2023-10-31,CUST4304,Aadhya Patel,Laptop,Electronics,East,Guwahati,2,74913.75,149827.5,15,22474.12,127353.38,Credit Card,Cancelled,0
102305,2024-02-19,CUST4231,Anika Desai,Laptop,Electronics,South,Hyderabad,5,92654.59,463272.95,20,92654.59,370618.36,Credit Card,Shipped,0
102306,2024-05-28,CUST4994,Vikram Bhat,Keyboard,Electronics,South,Hyderabad,1,1990.71,1990.71,5,99.54,1891.17,Cash on Delivery,Delivered,0
102307,2023-08-31,CUST3708,Anika Iyer,T-Shirt,Fashion,East,Guwahati,2,1617.3,3234.6,5,161.73,3072.87,Credit Card,Delivered,0
102308,2024-03-13,CUST3120,Priya Joshi,Mobile,Electronics,East,Guwahati,3,78228.76,234686.28,20,46937.26,187749.02,Debit Card,Delivered,0
102309,2024-11-06,CUST2190,Vikram Yadav,Mobile,Electronics,North,Delhi,4,74723.73,298894.92,10,29889.49,269005.43,Net Banking,Delivered,0
102310,2024-05-31,CUST4549,Meera Mehta,Keyboard,Electronics,North,Chandigarh,4,2940.34,11761.36,5,588.07,11173.29,Credit Card,Delivered,0
102311,2022-03-07,CUST3179,Meera Singh,T-Shirt,Fashion,North,Delhi,4,1496.15,5984.6,5,299.23,5685.37,Cash on Delivery,Delivered,0
102312,2023-02-06,CUST3854,Riya Verma,Laptop,Electronics,South,Chennai,3,35696.2,107088.6,10,10708.86,96379.74,Credit Card,Shipped,0
102313,2023-12-09,CUST1989,Amit Sharma,Shoes,Fashion,South,Kochi,5,5629.4,28147.0,10,2814.7,25332.3,Credit Card,Returned,1
102314,2022-09-29,CUST2228,Neha Sharma,T-Shirt,Fashion,West,Mumbai,2,835.87,1671.74,25,417.94,1253.8,Cash on Delivery,Delivered,0
102315,2022-10-13,CUST3443,Suresh Pillai,Mobile,Electronics,North,Lucknow,5,16631.28,83156.4,5,4157.82,78998.58,Debit Card,Cancelled,0
102316,2022-07-25,CUST1978,Vihaan Kumar,Laptop,Electronics,West,Pune,4,98800.73,395202.92,15,59280.44,335922.48,Credit Card,Shipped,0
102317,2022-11-02,CUST4442,Anika Rao,Mobile,Electronics,East,Patna,5,22516.46,112582.3,10,11258.23,101324.07,UPI,Cancelled,0
102318,2023-12-18,CUST2401,Diya Joshi,Mouse,Electronics,West,Ahmedabad,1,412.45,412.45,10,41.24,371.21,Debit Card,Returned,1
102319,2023-10-26,CUST2952,Vihaan Patel,Camera,Electronics,North,Chandigarh,5,46927.45,234637.25,20,46927.45,187709.8,Cash on Delivery,Returned,1
102320,2024-05-05,CUST1763,Arjun Desai,Laptop,Electronics,South,Hyderabad,2,93162.37,186324.74,15,27948.71,158376.03,Cash on Delivery,Cancelled,0
102321,2022-10-15,CUST3735,Deepa Patel,T-Shirt,Fashion,West,Surat,2,708.8,1417.6,5,70.88,1346.72,Cash on Delivery,Cancelled,0
102322,2023-06-12,CUST1711,Vikram Gupta,Mobile,Electronics,West,Ahmedabad,5,67250.49,336252.45,15,50437.87,285814.58,Debit Card,Returned,1
102323,2022-01-29,CUST4821,Riya Yadav,Mouse,Electronics,North,Jaipur,2,1424.56,2849.12,15,427.37,2421.75,UPI,Delivered,0
102324,2023-11-20,CUST4050,Aditya Rao,Backpack,Accessories,South,Chennai,1,3114.19,3114.19,5,155.71,2958.48,Debit Card,Cancelled,0
102325,2022-09-14,CUST2805,Suresh Rao,Shoes,Fashion,West,Ahmedabad,2,4888.75,9777.5,15,1466.62,8310.88,Net Banking,Returned,1
102326,2024-12-23,CUST3173,Suresh Bhat,Keyboard,Electronics,East,Kolkata,5,4309.07,21545.35,5,1077.27,20468.08,Debit Card,Cancelled,0
102327,2024-01-27,CUST2641,Meera Iyer,Backpack,Accessories,South,Hyderabad,4,1408.04,5632.16,5,281.61,5350.55,Debit Card,Shipped,0
102328,2024-08-23,CUST2808,Diya Chopra,Laptop,Electronics,South,Chennai,3,101761.83,305285.49,5,15264.27,290021.22,Debit Card,Shipped,0
102329,2023-02-02,CUST3135,Vikram Patel,Mouse,Electronics,South,Bengaluru,1,1028.72,1028.72,10,102.87,925.85,Credit Card,Returned,1
102330,2022-11-18,CUST2981,Amit Malhotra,Keyboard,Electronics,East,Bhubaneswar,2,2960.15,5920.3,5,296.01,5624.29,Cash on Delivery,Cancelled,0
102331,2024-08-15,CUST2596,Meera Kumar,Shoes,Fashion,North,Delhi,2,3184.8,6369.6,15,955.44,5414.16,Cash on Delivery,Cancelled,0
102332,2022-06-20,CUST3994,Pooja Verma,Mobile,Electronics,West,Surat,1,22099.62,22099.62,0,0.0,22099.62,UPI,Shipped,0
102333,2023-10-22,CUST3782,Myra Reddy,T-Shirt,Fashion,South,Chennai,1,1210.87,1210.87,5,60.54,1150.33,Net Banking,Cancelled,0
102334,2024-09-25,CUST3635,Aarav Pillai,Shoes,Fashion,South,Kochi,1,1050.67,1050.67,0,0.0,1050.67,Net Banking,Returned,1
102335,2022-12-30,CUST4178,Aarav Kumar,Laptop,Electronics,South,Bengaluru,2,51702.22,103404.44,5,5170.22,98234.22,Credit Card,Shipped,0
102336,2023-09-27,CUST4606,Rahul Chopra,Mouse,Electronics,East,Bhubaneswar,3,1520.89,4562.67,0,0.0,4562.67,Debit Card,Returned,1
102337,2022-04-08,CUST3476,Ishaan Sharma,Backpack,Accessories,North,Jaipur,2,2240.95,4481.9,10,448.19,4033.71,Debit Card,Returned,1
102338,2024-05-18,CUST1394,Anika Kapoor,Keyboard,Electronics,South,Kochi,3,1690.39,5071.17,0,0.0,5071.17,Debit Card,Shipped,0
102339,2023-10-05,CUST2001,Vihaan Iyer,Backpack,Accessories,North,Lucknow,4,2729.57,10918.28,10,1091.83,9826.45,Cash on Delivery,Shipped,0
102340,2022-12-13,CUST1711,Diya Iyer,Laptop,Electronics,South,Bengaluru,2,48573.06,97146.12,0,0.0,97146.12,Debit Card,Returned,1
102341,2024-04-21,CUST4445,Krishna Rao,Backpack,Accessories,West,Pune,3,1376.63,4129.89,15,619.48,3510.41,UPI,Returned,1
102342,2024-08-12,CUST3426,Pooja Kapoor,Backpack,Accessories,North,Delhi,3,2813.25,8439.75,25,2109.94,6329.81,UPI,Returned,1
102343,2022-07-24,CUST4958,Sanjay Verma,Laptop,Electronics,East,Guwahati,2,38924.7,77849.4,0,0.0,77849.4,Debit Card,Shipped,0
102344,2024-12-27,CUST2313,Priya Yadav,Shoes,Fashion,West,Surat,1,2252.09,2252.09,10,225.21,2026.88,Cash on Delivery,Cancelled,0
102345,2023-06-27,CUST2481,Rakesh Joshi,Camera,Electronics,North,Chandigarh,1,29852.58,29852.58,15,4477.89,25374.69,Net Banking,Returned,1
102346,2022-08-24,CUST2857,Meera Singh,Laptop,Electronics,West,Surat,3,47050.29,141150.87,10,14115.09,127035.78,Credit Card,Delivered,0
102347,2022-10-17,CUST1985,Deepa Rao,Mouse,Electronics,South,Chennai,2,1915.6,3831.2,20,766.24,3064.96,Net Banking,Delivered,0
102348,2022-02-21,CUST3025,Diya Chopra,Watch,Fashion,South,Bengaluru,1,10761.06,10761.06,20,2152.21,8608.85,UPI,Returned,1
102349,2022-04-06,CUST1890,Sai Kumar,Keyboard,Electronics,South,Chennai,2,3908.29,7816.58,10,781.66,7034.92,Credit Card,Cancelled,0
102350,2023-02-24,CUST1003,Pooja Reddy,Laptop,Electronics,East,Kolkata,2,101934.01,203868.02,20,40773.6,163094.42,Debit Card,Delivered,0
102351,2022-07-29,CUST2210,Diya Singh,Laptop,Electronics,West,Mumbai,1,73851.7,73851.7,15,11077.75,62773.95,Credit Card,Shipped,0
102352,2022-02-25,CUST2590,Priya Nair,T-Shirt,Fashion,North,Chandigarh,5,1418.83,7094.15,5,354.71,6739.44,UPI,Shipped,0
102353,2023-04-19,CUST2139,Aarav Sharma,Mobile,Electronics,South,Kochi,3,82093.92,246281.76,25,61570.44,184711.32,Debit Card,Delivered,0
102354,2023-01-06,CUST4192,Pooja Kumar,T-Shirt,Fashion,North,Lucknow,2,679.17,1358.34,20,271.67,1086.67,Credit Card,Returned,1
102355,2022-03-31,CUST1204,Suresh Nair,Watch,Fashion,North,Lucknow,2,2572.1,5144.2,5,257.21,4886.99,Debit Card,Delivered,0
102356,2023-07-30,CUST3124,Aadhya Gupta,Mouse,Electronics,East,Bhubaneswar,3,480.3,1440.9,10,144.09,1296.81,Debit Card,Delivered,0
102357,2024-09-10,CUST3153,Ananya Pillai,Keyboard,Electronics,North,Delhi,2,2833.56,5667.12,25,1416.78,4250.34,UPI,Returned,1
102358,2022-04-27,CUST4808,Ananya Singh,Watch,Fashion,East,Patna,4,12554.13,50216.52,5,2510.83,47705.69,Net Banking,Delivered,0
102359,2023-12-30,CUST3264,Sara Gupta,Headphones,Electronics,North,Delhi,1,4733.25,4733.25,10,473.32,4259.93,Credit Card,Cancelled,0
102360,2023-10-04,CUST1387,Kavya Iyer,Watch,Fashion,South,Bengaluru,5,22414.98,112074.9,0,0.0,112074.9,Cash on Delivery,Delivered,0
102361,2022-12-31,CUST1423,Pooja Rao,Mouse,Electronics,North,Delhi,1,1314.2,1314.2,25,328.55,985.65,Credit Card,Delivered,0
102362,2023-03-09,CUST3655,Sara Malhotra,Mouse,Electronics,East,Guwahati,1,2310.48,2310.48,10,231.05,2079.43,Cash on Delivery,Returned,1
102363,2023-03-01,CUST3046,Rahul Sharma,Watch,Fashion,West,Mumbai,2,24477.11,48954.22,5,2447.71,46506.51,Cash on Delivery,Shipped,0
102364,2023-02-03,CUST4286,Kavya Gupta,Camera,Electronics,South,Kochi,2,46813.78,93627.56,15,14044.13,79583.43,Cash on Delivery,Delivered,0
102365,2022-04-26,CUST3754,Krishna Desai,Keyboard,Electronics,North,Jaipur,1,646.52,646.52,20,129.3,517.22,Credit Card,Returned,1
102366,2023-04-26,CUST4756,Amit Yadav,Headphones,Electronics,East,Patna,2,6390.98,12781.96,10,1278.2,11503.76,Credit Card,Returned,1
102367,2022-11-12,CUST4183,Arjun Mehta,Watch,Fashion,South,Bengaluru,1,21444.55,21444.55,25,5361.14,16083.41,Debit Card,Returned,1
102368,2022-05-17,CUST4408,Rahul Nair,Mobile,Electronics,North,Jaipur,1,57616.11,57616.11,15,8642.42,48973.69,Credit Card,Returned,1
102369,2024-04-11,CUST1497,Rakesh Verma,Shoes,Fashion,West,Pune,5,1495.24,7476.2,15,1121.43,6354.77,Debit Card,Returned,1
102370,2023-04-24,CUST2595,Vihaan Mehta,T-Shirt,Fashion,South,Hyderabad,2,491.62,983.24,5,49.16,934.08,Net Banking,Shipped,0
102371,2023-11-23,CUST1188,Sanjay Yadav,Keyboard,Electronics,West,Pune,1,3587.25,3587.25,10,358.73,3228.52,UPI,Returned,1
102372,2022-03-07,CUST3479,Anika Yadav,Watch,Fashion,South,Hyderabad,2,19960.59,39921.18,10,3992.12,35929.06,Debit Card,Returned,1
102373,2024-11-06,CUST4593,Aditya Patel,Headphones,Electronics,East,Guwahati,2,6390.08,12780.16,5,639.01,12141.15,Cash on Delivery,Delivered,0
102374,2023-04-09,CUST4992,Neha Joshi,Keyboard,Electronics,North,Chandigarh,1,2215.17,2215.17,0,0.0,2215.17,Debit Card,Shipped,0
102375,2024-12-11,CUST4320,Vikram Iyer,Backpack,Accessories,East,Bhubaneswar,2,2696.05,5392.1,15,808.82,4583.28,Credit Card,Shipped,0
102376,2022-07-24,CUST2188,Rahul Joshi,Backpack,Accessories,South,Chennai,1,1739.78,1739.78,5,86.99,1652.79,Cash on Delivery,Shipped,0
102377,2024-01-24,CUST2260,Aarav Yadav,Laptop,Electronics,North,Jaipur,1,118746.23,118746.23,0,0.0,118746.23,Credit Card,Shipped,0
102378,2024-05-03,CUST3509,Ishaan Sharma,Shoes,Fashion,South,Bengaluru,1,5020.7,5020.7,10,502.07,4518.63,Cash on Delivery,Cancelled,0
102379,2024-08-15,CUST2274,Vivaan Mehta,Watch,Fashion,South,Hyderabad,2,5779.25,11558.5,10,1155.85,10402.65,Cash on Delivery,Cancelled,0
102380,2023-01-02,CUST3733,Isha Patel,Headphones,Electronics,South,Hyderabad,5,5727.52,28637.6,15,4295.64,24341.96,Net Banking,Cancelled,0
102381,2022-12-26,CUST1990,Vivaan Singh,Camera,Electronics,North,Lucknow,2,27781.0,55562.0,5,2778.1,52783.9,Net Banking,Returned,1
102382,2022-12-10,CUST1957,Riya Chopra,Shoes,Fashion,South,Kochi,2,4618.2,9236.4,25,2309.1,6927.3,Net Banking,Shipped,0
102383,2023-01-28,CUST4423,Meera Sharma,Keyboard,Electronics,South,Bengaluru,3,871.46,2614.38,0,0.0,2614.38,Net Banking,Cancelled,0
102384,2024-05-19,CUST3098,Amit Singh,Watch,Fashion,West,Ahmedabad,1,16758.18,16758.18,20,3351.64,13406.54,Credit Card,Shipped,0
102385,2023-05-03,CUST2935,Ishaan Reddy,Keyboard,Electronics,South,Chennai,1,1699.63,1699.63,10,169.96,1529.67,Net Banking,Shipped,0
102386,2024-01-12,CUST1719,Rakesh Joshi,Mobile,Electronics,North,Chandigarh,2,58595.82,117191.64,15,17578.75,99612.89,Net Banking,Delivered,0
102387,2024-07-10,CUST2392,Ishaan Reddy,Laptop,Electronics,North,Lucknow,2,87718.88,175437.76,0,0.0,175437.76,Credit Card,Delivered,0
102388,2024-02-04,CUST4600,Meera Nair,Backpack,Accessories,East,Patna,1,2945.97,2945.97,10,294.6,2651.37,Net Banking,Cancelled,0
102389,2023-03-06,CUST1393,Ananya Yadav,Shoes,Fashion,West,Mumbai,1,3290.75,3290.75,20,658.15,2632.6,UPI,Delivered,0
102390,2023-11-28,CUST3254,Ishaan Kumar,Shoes,Fashion,South,Bengaluru,1,1597.76,1597.76,10,159.78,1437.98,Debit Card,Shipped,0
102391,2024-02-12,CUST2760,Sara Rao,T-Shirt,Fashion,West,Pune,5,1779.63,8898.15,15,1334.72,7563.43,Net Banking,Returned,1
102392,2024-06-06,CUST1348,Riya Verma,Shoes,Fashion,East,Patna,2,3188.06,6376.12,0,0.0,6376.12,Cash on Delivery,Cancelled,0
102393,2024-07-06,CUST2606,Vihaan Mehta,Laptop,Electronics,East,Kolkata,1,116886.79,116886.79,5,5844.34,111042.45,Net Banking,Shipped,0
102394,2024-10-31,CUST3810,Kavya Sharma,Shoes,Fashion,West,Surat,2,2724.44,5448.88,15,817.33,4631.55,Cash on Delivery,Returned,1
102395,2023-03-01,CUST4635,Diya Yadav,Camera,Electronics,South,Hyderabad,1,50472.74,50472.74,15,7570.91,42901.83,Debit Card,Delivered,0
102396,2022-02-04,CUST4201,Rahul Mehta,Mouse,Electronics,East,Patna,1,2448.09,2448.09,25,612.02,1836.07,Credit Card,Returned,1
102397,2024-06-09,CUST4405,Aditya Desai,Mouse,Electronics,South,Chennai,2,983.91,1967.82,0,0.0,1967.82,Credit Card,Cancelled,0
102398,2023-05-08,CUST4568,Anika Mehta,T-Shirt,Fashion,East,Patna,4,530.34,2121.36,25,530.34,1591.02,Debit Card,Delivered,0
102399,2023-05-26,CUST3346,Sara Joshi,Shoes,Fashion,South,Chennai,4,5797.45,23189.8,5,1159.49,22030.31,Cash on Delivery,Returned,1
102400,2023-12-20,CUST3949,Krishna Sharma,Keyboard,Electronics,East,Guwahati,4,3972.69,15890.76,15,2383.61,13507.15,Debit Card,Delivered,0
102401,2022-06-22,CUST3656,Rakesh Yadav,Camera,Electronics,North,Delhi,4,20652.09,82608.36,10,8260.84,74347.52,UPI,Returned,1
102402,2024-12-09,CUST1199,Isha Desai,Keyboard,Electronics,North,Jaipur,3,2514.86,7544.58,10,754.46,6790.12,UPI,Delivered,0
102403,2023-07-31,CUST2057,Reyansh Yadav,Keyboard,Electronics,South,Kochi,1,4281.42,4281.42,15,642.21,3639.21,Debit Card,Shipped,0
102404,2022-11-05,CUST2518,Reyansh Iyer,Mouse,Electronics,South,Kochi,3,1881.21,5643.63,5,282.18,5361.45,Net Banking,Shipped,0
102405,2022-09-12,CUST2234,Vikram Pillai,Shoes,Fashion,East,Kolkata,2,5616.39,11232.78,20,2246.56,8986.22,UPI,Cancelled,0
102406,2024-03-14,CUST2282,Myra Bhat,Laptop,Electronics,West,Surat,2,71380.65,142761.3,15,21414.19,121347.11,Debit Card,Delivered,0
102407,2023-08-11,CUST4854,Rahul Iyer,Backpack,Accessories,South,Kochi,4,1809.42,7237.68,10,723.77,6513.91,Credit Card,Returned,1
102408,2022-02-26,CUST2950,Sanjay Iyer,Laptop,Electronics,West,Ahmedabad,1,65102.04,65102.04,5,3255.1,61846.94,UPI,Cancelled,0
102409,2023-12-28,CUST3444,Aditya Joshi,Mouse,Electronics,South,Kochi,1,883.3,883.3,5,44.16,839.14,UPI,Delivered,0
102410,2023-03-02,CUST3409,Vivaan Yadav,Shoes,Fashion,South,Hyderabad,1,2675.7,2675.7,10,267.57,2408.13,Debit Card,Returned,1
102411,2024-01-02,CUST1614,Pooja Kapoor,Backpack,Accessories,West,Mumbai,3,1838.86,5516.58,0,0.0,5516.58,UPI,Delivered,0
102412,2024-05-15,CUST2400,Diya Iyer,Keyboard,Electronics,East,Patna,2,2601.33,5202.66,25,1300.66,3902.0,Credit Card,Returned,1
102413,2022-03-17,CUST1118,Ishaan Pillai,Headphones,Electronics,West,Pune,5,3894.83,19474.15,0,0.0,19474.15,Cash on Delivery,Cancelled,0
102414,2022-06-09,CUST3823,Aditya Yadav,Watch,Fashion,East,Kolkata,1,7043.25,7043.25,5,352.16,6691.09,Credit Card,Cancelled,0
102415,2023-10-14,CUST4067,Sara Reddy,Watch,Fashion,South,Kochi,4,24848.12,99392.48,0,0.0,99392.48,Cash on Delivery,Returned,1
102416,2022-07-10,CUST3093,Sara Rao,Shoes,Fashion,West,Ahmedabad,2,1328.4,2656.8,15,398.52,2258.28,UPI,Delivered,0
102417,2022-10-29,CUST1064,Neha Yadav,Shoes,Fashion,East,Patna,3,5005.23,15015.69,10,1501.57,13514.12,UPI,Returned,1
102418,2022-05-19,CUST3872,Ishaan Singh,Mobile,Electronics,East,Patna,2,88214.01,176428.02,10,17642.8,158785.22,Cash on Delivery,Returned,1
102419,2022-02-05,CUST4433,Ananya Nair,Keyboard,Electronics,East,Kolkata,3,2797.01,8391.03,5,419.55,7971.48,UPI,Cancelled,0
102420,2022-06-30,CUST2540,Anika Agarwal,Shoes,Fashion,East,Guwahati,1,1771.17,1771.17,5,88.56,1682.61,Credit Card,Shipped,0
102421,2024-10-21,CUST2069,Ananya Singh,Backpack,Accessories,South,Hyderabad,2,1760.36,3520.72,10,352.07,3168.65,Cash on Delivery,Shipped,0
102422,2022-02-04,CUST4753,Suresh Singh,Shoes,Fashion,South,Hyderabad,4,914.91,3659.64,5,182.98,3476.66,Credit Card,Delivered,0
102423,2024-04-12,CUST4791,Kavya Joshi,Keyboard,Electronics,West,Surat,3,3853.21,11559.63,25,2889.91,8669.72,Net Banking,Cancelled,0
102424,2023-01-20,CUST2455,Aarav Kumar,Shoes,Fashion,South,Bengaluru,1,6328.5,6328.5,20,1265.7,5062.8,Cash on Delivery,Delivered,0
102425,2023-12-17,CUST4832,Reyansh Yadav,T-Shirt,Fashion,South,Hyderabad,5,1757.22,8786.1,15,1317.91,7468.19,Net Banking,Cancelled,0
102426,2022-04-29,CUST3140,Rakesh Malhotra,T-Shirt,Fashion,West,Ahmedabad,3,1355.96,4067.88,10,406.79,3661.09,Net Banking,Delivered,0
102427,2024-11-28,CUST2543,Priya Gupta,Laptop,Electronics,East,Kolkata,5,117545.68,587728.4,10,58772.84,528955.56,UPI,Delivered,0
102428,2024-12-26,CUST1375,Sanjay Malhotra,Shoes,Fashion,South,Chennai,1,2050.99,2050.99,20,410.2,1640.79,Net Banking,Shipped,0
102429,2024-02-28,CUST1520,Reyansh Nair,T-Shirt,Fashion,West,Mumbai,3,1789.49,5368.47,25,1342.12,4026.35,Cash on Delivery,Cancelled,0
102430,2023-05-11,CUST4442,Sanjay Verma,Watch,Fashion,West,Pune,2,4936.27,9872.54,15,1480.88,8391.66,Credit Card,Returned,1
102431,2022-06-28,CUST1360,Rohan Agarwal,Watch,Fashion,East,Kolkata,1,13457.25,13457.25,5,672.86,12784.39,Debit Card,Delivered,0
102432,2023-10-19,CUST1777,Krishna Verma,Keyboard,Electronics,North,Jaipur,4,1925.43,7701.72,5,385.09,7316.63,Cash on Delivery,Cancelled,0
102433,2024-04-14,CUST3248,Diya Yadav,Backpack,Accessories,West,Ahmedabad,1,2214.19,2214.19,0,0.0,2214.19,Cash on Delivery,Cancelled,0
102434,2023-09-18,CUST1490,Ananya Joshi,Laptop,Electronics,East,Patna,2,69576.06,139152.12,20,27830.42,111321.7,UPI,Shipped,0
102435,2023-07-01,CUST1225,Ananya Kumar,T-Shirt,Fashion,East,Bhubaneswar,3,492.51,1477.53,10,147.75,1329.78,Net Banking,Cancelled,0
102436,2022-08-03,CUST3624,Suresh Agarwal,Mouse,Electronics,South,Bengaluru,5,2318.19,11590.95,20,2318.19,9272.76,Cash on Delivery,Delivered,0
102437,2022-11-24,CUST1548,Amit Nair,Mouse,Electronics,East,Kolkata,1,2269.38,2269.38,20,453.88,1815.5,Net Banking,Returned,1
102438,2024-10-19,CUST1698,Diya Agarwal,Camera,Electronics,South,Chennai,2,35138.31,70276.62,0,0.0,70276.62,Cash on Delivery,Returned,1
102439,2022-06-26,CUST1045,Pooja Sharma,Mouse,Electronics,West,Surat,5,367.05,1835.25,5,91.76,1743.49,Credit Card,Delivered,0
102440,2022-09-29,CUST1201,Anika Pillai,Mobile,Electronics,South,Chennai,3,60365.73,181097.19,25,45274.3,135822.89,Credit Card,Delivered,0
102441,2024-10-07,CUST2040,Pooja Kumar,Keyboard,Electronics,North,Delhi,1,3081.55,3081.55,10,308.15,2773.4,Credit Card,Returned,1
102442,2022-04-02,CUST4623,Ananya Kapoor,Keyboard,Electronics,South,Bengaluru,1,1898.59,1898.59,5,94.93,1803.66,Debit Card,Cancelled,0
102443,2022-02-28,CUST2073,Sai Singh,Backpack,Accessories,East,Bhubaneswar,5,3379.77,16898.85,10,1689.88,15208.97,UPI,Shipped,0
102444,2023-11-30,CUST1095,Vivaan Malhotra,Backpack,Accessories,South,Hyderabad,4,3238.74,12954.96,5,647.75,12307.21,UPI,Returned,1
102445,2024-03-07,CUST2767,Ananya Chopra,Laptop,Electronics,West,Ahmedabad,2,116849.63,233699.26,5,11684.96,222014.3,Cash on Delivery,Shipped,0
102446,2023-05-02,CUST2594,Aditya Reddy,Headphones,Electronics,North,Chandigarh,2,7472.57,14945.14,10,1494.51,13450.63,UPI,Delivered,0
102447,2023-02-01,CUST1037,Anika Agarwal,Backpack,Accessories,South,Chennai,4,1517.52,6070.08,10,607.01,5463.07,Cash on Delivery,Cancelled,0
102448,2023-03-15,CUST1849,Sara Sharma,Laptop,Electronics,South,Hyderabad,3,73013.4,219040.2,20,43808.04,175232.16,Net Banking,Returned,1
102449,2022-12-12,CUST2187,Neha Malhotra,Mobile,Electronics,North,Jaipur,4,51205.49,204821.96,15,30723.29,174098.67,Credit Card,Returned,1
102450,2024-06-21,CUST1980,Arjun Bhat,Laptop,Electronics,North,Delhi,1,103754.72,103754.72,15,15563.21,88191.51,Credit Card,Shipped,0
102451,2023-11-10,CUST1516,Pooja Iyer,Watch,Fashion,South,Bengaluru,5,10930.38,54651.9,5,2732.59,51919.31,Cash on Delivery,Cancelled,0
102452,2024-04-27,CUST2556,Priya Mehta,Mouse,Electronics,South,Hyderabad,4,1970.11,7880.44,10,788.04,7092.4,Net Banking,Returned,1
102453,2022-11-22,CUST3936,Sara Singh,Headphones,Electronics,East,Bhubaneswar,2,5577.44,11154.88,15,1673.23,9481.65,Debit Card,Cancelled,0
102454,2024-11-10,CUST2749,Sara Mehta,T-Shirt,Fashion,West,Mumbai,2,573.68,1147.36,10,114.74,1032.62,Cash on Delivery,Delivered,0
102455,2024-03-28,CUST4283,Ishaan Mehta,T-Shirt,Fashion,East,Guwahati,2,943.78,1887.56,10,188.76,1698.8,Cash on Delivery,Returned,1
102456,2022-06-12,CUST3605,Krishna Chopra,T-Shirt,Fashion,North,Jaipur,3,1183.07,3549.21,20,709.84,2839.37,UPI,Delivered,0
102457,2022-11-21,CUST3867,Suresh Kapoor,Keyboard,Electronics,North,Chandigarh,2,1878.45,3756.9,15,563.53,3193.37,Credit Card,Returned,1
102458,2024-03-01,CUST2755,Amit Singh,Watch,Fashion,South,Kochi,5,3270.26,16351.3,15,2452.7,13898.6,Credit Card,Cancelled,0
102459,2023-06-11,CUST2098,Ananya Iyer,Shoes,Fashion,South,Bengaluru,4,4550.72,18202.88,15,2730.43,15472.45,Net Banking,Delivered,0
102460,2024-04-05,CUST3452,Myra Kapoor,Watch,Fashion,South,Hyderabad,1,9724.93,9724.93,15,1458.74,8266.19,Credit Card,Cancelled,0
102461,2023-01-12,CUST2622,Vivaan Gupta,Mouse,Electronics,North,Delhi,5,409.6,2048.0,25,512.0,1536.0,Credit Card,Returned,1
102462,2023-07-30,CUST3147,Arjun Kumar,Keyboard,Electronics,West,Mumbai,4,1809.12,7236.48,10,723.65,6512.83,Debit Card,Shipped,0
102463,2022-04-10,CUST4138,Riya Kapoor,Laptop,Electronics,East,Bhubaneswar,2,91339.57,182679.14,5,9133.96,173545.18,UPI,Delivered,0
102464,2023-02-22,CUST3267,Reyansh Joshi,Laptop,Electronics,South,Bengaluru,5,103379.47,516897.35,20,103379.47,413517.88,Cash on Delivery,Delivered,0
102465,2024-09-22,CUST2336,Vihaan Chopra,Backpack,Accessories,North,Jaipur,4,2208.86,8835.44,5,441.77,8393.67,Net Banking,Delivered,0
102466,2024-06-14,CUST4814,Aadhya Nair,Laptop,Electronics,South,Bengaluru,2,84790.5,169581.0,20,33916.2,135664.8,Cash on Delivery,Returned,1
102467,2023-09-05,CUST1257,Meera Malhotra,Mouse,Electronics,East,Bhubaneswar,2,405.77,811.54,5,40.58,770.96,Debit Card,Delivered,0
102468,2022-11-11,CUST2492,Rakesh Kapoor,Camera,Electronics,East,Bhubaneswar,3,47840.47,143521.41,5,7176.07,136345.34,UPI,Returned,1
102469,2022-02-10,CUST2859,Amit Desai,Backpack,Accessories,North,Delhi,4,3383.28,13533.12,25,3383.28,10149.84,Debit Card,Returned,1
102470,2024-01-30,CUST3626,Isha Desai,Mobile,Electronics,West,Pune,1,21855.9,21855.9,5,1092.8,20763.1,Credit Card,Shipped,0
102471,2023-12-05,CUST3854,Aditya Malhotra,T-Shirt,Fashion,North,Chandigarh,1,1163.71,1163.71,15,174.56,989.15,Cash on Delivery,Cancelled,0
102472,2023-07-22,CUST4250,Rohan Gupta,Watch,Fashion,West,Mumbai,2,10116.53,20233.06,0,0.0,20233.06,Net Banking,Returned,1
102473,2022-12-31,CUST3119,Sara Iyer,Laptop,Electronics,East,Bhubaneswar,2,92135.67,184271.34,10,18427.13,165844.21,Credit Card,Returned,1
102474,2022-03-17,CUST2481,Aadhya Sharma,Mobile,Electronics,East,Guwahati,1,45040.24,45040.24,10,4504.02,40536.22,Credit Card,Returned,1
102475,2024-06-03,CUST3692,Anika Desai,Mobile,Electronics,South,Hyderabad,3,66377.42,199132.26,15,29869.84,169262.42,Credit Card,Shipped,0
102476,2023-06-29,CUST4516,Sanjay Yadav,Shoes,Fashion,North,Chandigarh,4,1878.44,7513.76,0,0.0,7513.76,Cash on Delivery,Cancelled,0
102477,2022-09-13,CUST1449,Vivaan Verma,Backpack,Accessories,South,Chennai,1,1458.87,1458.87,5,72.94,1385.93,Net Banking,Delivered,0
102478,2023-05-08,CUST4353,Amit Patel,Camera,Electronics,West,Ahmedabad,2,49352.33,98704.66,15,14805.7,83898.96,Net Banking,Cancelled,0
102479,2023-06-06,CUST2403,Vihaan Iyer,Laptop,Electronics,East,Guwahati,1,64953.8,64953.8,10,6495.38,58458.42,Net Banking,Delivered,0
102480,2023-10-06,CUST4525,Arjun Iyer,Laptop,Electronics,East,Guwahati,2,68448.17,136896.34,5,6844.82,130051.52,Credit Card,Delivered,0
102481,2023-12-06,CUST2234,Aadhya Yadav,Headphones,Electronics,South,Hyderabad,2,927.1,1854.2,15,278.13,1576.07,Net Banking,Cancelled,0
102482,2023-06-22,CUST4181,Rahul Gupta,Shoes,Fashion,South,Bengaluru,3,3153.73,9461.19,5,473.06,8988.13,Net Banking,Cancelled,0
102483,2023-09-08,CUST1416,Aarav Pillai,Keyboard,Electronics,South,Chennai,1,3444.25,3444.25,15,516.64,2927.61,Credit Card,Delivered,0
102484,2024-09-28,CUST4990,Pooja Iyer,Laptop,Electronics,South,Kochi,3,43161.36,129484.08,15,19422.61,110061.47,UPI,Returned,1
102485,2024-10-19,CUST3924,Rohan Chopra,Laptop,Electronics,North,Jaipur,3,83611.98,250835.94,25,62708.99,188126.95,Net Banking,Returned,1
102486,2023-12-14,CUST3699,Meera Sharma,Mouse,Electronics,North,Chandigarh,1,1638.66,1638.66,10,163.87,1474.79,Cash on Delivery,Shipped,0
102487,2024-09-28,CUST3870,Anika Rao,Backpack,Accessories,East,Guwahati,3,3362.27,10086.81,10,1008.68,9078.13,Credit Card,Returned,1
102488,2024-01-18,CUST3722,Riya Iyer,Watch,Fashion,North,Jaipur,2,3529.23,7058.46,20,1411.69,5646.77,Debit Card,Shipped,0
102489,2024-09-23,CUST4601,Krishna Chopra,T-Shirt,Fashion,West,Surat,2,1331.44,2662.88,10,266.29,2396.59,Debit Card,Cancelled,0
102490,2023-07-08,CUST4960,Sanjay Patel,Mobile,Electronics,East,Guwahati,1,13681.23,13681.23,0,0.0,13681.23,Net Banking,Returned,1
102491,2022-04-07,CUST4730,Meera Pillai,Keyboard,Electronics,North,Jaipur,4,3513.13,14052.52,15,2107.88,11944.64,Cash on Delivery,Delivered,0
102492,2024-04-27,CUST4894,Myra Patel,Laptop,Electronics,North,Jaipur,5,54270.43,271352.15,10,27135.22,244216.93,Debit Card,Delivered,0
102493,2024-07-23,CUST4295,Amit Iyer,Laptop,Electronics,South,Bengaluru,1,100249.73,100249.73,25,25062.43,75187.3,Cash on Delivery,Returned,1
102494,2023-12-03,CUST1971,Sai Rao,Mobile,Electronics,West,Surat,4,54418.31,217673.24,5,10883.66,206789.58,Cash on Delivery,Delivered,0
102495,2024-12-07,CUST4846,Isha Rao,Shoes,Fashion,West,Ahmedabad,3,5379.55,16138.65,0,0.0,16138.65,Net Banking,Cancelled,0
102496,2022-12-07,CUST4297,Ananya Singh,Watch,Fashion,North,Lucknow,3,23974.55,71923.65,15,10788.55,61135.1,Debit Card,Shipped,0
102497,2023-09-19,CUST2849,Isha Mehta,Mouse,Electronics,North,Delhi,3,2037.38,6112.14,10,611.21,5500.93,Debit Card,Cancelled,0
102498,2023-10-12,CUST4786,Ishaan Joshi,Laptop,Electronics,East,Patna,2,66645.63,133291.26,5,6664.56,126626.7,Credit Card,Returned,1
102499,2024-02-22,CUST1768,Suresh Pillai,Camera,Electronics,North,Delhi,4,42501.3,170005.2,15,25500.78,144504.42,Credit Card,Shipped,0
102500,2023-03-20,CUST3101,Myra Rao,T-Shirt,Fashion,West,Ahmedabad,1,648.81,648.81,20,129.76,519.05,Net Banking,Shipped,0
102501,2022-06-02,CUST1998,Ishaan Kapoor,Laptop,Electronics,West,Ahmedabad,4,114823.47,459293.88,5,22964.69,436329.19,Debit Card,Shipped,0
102502,2023-03-01,CUST1046,Suresh Agarwal,Keyboard,Electronics,North,Jaipur,5,4097.6,20488.0,0,0.0,20488.0,UPI,Shipped,0
102503,2022-01-22,CUST2783,Kavya Desai,Keyboard,Electronics,North,Chandigarh,4,2079.57,8318.28,5,415.91,7902.37,UPI,Shipped,0
102504,2024-05-12,CUST3822,Rahul Desai,Camera,Electronics,West,Pune,4,30088.66,120354.64,15,18053.2,102301.44,Credit Card,Shipped,0
102505,2024-11-23,CUST1202,Isha Bhat,Camera,Electronics,East,Bhubaneswar,5,34959.51,174797.55,0,0.0,174797.55,Net Banking,Returned,1
102506,2023-09-02,CUST4259,Rahul Mehta,Laptop,Electronics,North,Chandigarh,4,53901.48,215605.92,5,10780.3,204825.62,Debit Card,Delivered,0
102507,2023-04-18,CUST2584,Meera Sharma,Mouse,Electronics,North,Chandigarh,2,540.21,1080.42,15,162.06,918.36,UPI,Shipped,0
102508,2022-09-25,CUST3888,Ananya Gupta,Laptop,Electronics,West,Mumbai,5,96142.04,480710.2,15,72106.53,408603.67,Cash on Delivery,Shipped,0
102509,2023-01-20,CUST1582,Isha Bhat,Watch,Fashion,South,Bengaluru,1,2845.8,2845.8,20,569.16,2276.64,Net Banking,Returned,1
102510,2023-05-25,CUST3984,Rahul Agarwal,Watch,Fashion,South,Bengaluru,2,5368.61,10737.22,25,2684.3,8052.92,Debit Card,Shipped,0
102511,2022-02-21,CUST2865,Anika Kapoor,Headphones,Electronics,West,Ahmedabad,5,3691.01,18455.05,0,0.0,18455.05,Debit Card,Shipped,0
102512,2024-01-24,CUST4096,Anika Iyer,Mobile,Electronics,West,Mumbai,1,77286.43,77286.43,15,11592.96,65693.47,Debit Card,Cancelled,0
102513,2023-05-06,CUST4486,Vikram Mehta,T-Shirt,Fashion,West,Pune,3,1251.26,3753.78,0,0.0,3753.78,UPI,Delivered,0
102514,2022-11-30,CUST2246,Pooja Patel,Camera,Electronics,South,Hyderabad,5,30095.27,150476.35,5,7523.82,142952.53,Credit Card,Shipped,0
102515,2024-11-17,CUST3893,Rahul Malhotra,Backpack,Accessories,West,Mumbai,1,2449.08,2449.08,5,122.45,2326.63,Net Banking,Delivered,0
102516,2024-10-06,CUST1333,Suresh Desai,Shoes,Fashion,South,Bengaluru,5,2797.7,13988.5,15,2098.28,11890.22,Net Banking,Delivered,0
102517,2023-09-14,CUST2038,Aditya Kumar,Shoes,Fashion,East,Bhubaneswar,1,3200.51,3200.51,10,320.05,2880.46,Cash on Delivery,Cancelled,0
102518,2023-03-04,CUST2577,Krishna Pillai,Mouse,Electronics,North,Delhi,5,857.41,4287.05,20,857.41,3429.64,Net Banking,Returned,1
102519,2022-01-20,CUST1919,Isha Nair,T-Shirt,Fashion,North,Chandigarh,4,935.38,3741.52,10,374.15,3367.37,UPI,Cancelled,0
102520,2024-08-25,CUST1182,Sanjay Iyer,Laptop,Electronics,South,Kochi,3,91805.2,275415.6,5,13770.78,261644.82,Cash on Delivery,Returned,1
102521,2024-10-20,CUST4556,Vikram Nair,Keyboard,Electronics,North,Jaipur,3,2180.8,6542.4,20,1308.48,5233.92,UPI,Delivered,0
102522,2024-06-17,CUST4455,Pooja Reddy,Mobile,Electronics,North,Delhi,2,31753.4,63506.8,10,6350.68,57156.12,Cash on Delivery,Returned,1
102523,2024-07-20,CUST4649,Meera Malhotra,Camera,Electronics,South,Hyderabad,2,49257.83,98515.66,20,19703.13,78812.53,Debit Card,Delivered,0
102524,2024-08-26,CUST4609,Isha Joshi,Mobile,Electronics,West,Ahmedabad,4,42498.08,169992.32,0,0.0,169992.32,Cash on Delivery,Shipped,0
102525,2024-03-04,CUST1860,Amit Malhotra,Shoes,Fashion,South,Hyderabad,2,3483.47,6966.94,10,696.69,6270.25,UPI,Shipped,0
102526,2024-11-05,CUST3164,Ishaan Agarwal,Laptop,Electronics,South,Hyderabad,5,92825.52,464127.6,15,69619.14,394508.46,Net Banking,Shipped,0
102527,2024-04-15,CUST3127,Aditya Reddy,Mobile,Electronics,East,Kolkata,4,39695.44,158781.76,10,15878.18,142903.58,Net Banking,Shipped,0
102528,2024-06-18,CUST2918,Meera Chopra,Headphones,Electronics,West,Surat,1,6326.21,6326.21,10,632.62,5693.59,UPI,Cancelled,0
102529,2024-08-17,CUST4601,Riya Singh,Backpack,Accessories,East,Bhubaneswar,3,3254.08,9762.24,10,976.22,8786.02,UPI,Shipped,0
102530,2024-05-09,CUST3706,Sai Singh,Shoes,Fashion,North,Delhi,1,3351.71,3351.71,5,167.59,3184.12,Credit Card,Shipped,0
102531,2022-10-21,CUST3414,Reyansh Yadav,Backpack,Accessories,South,Chennai,1,1577.12,1577.12,5,78.86,1498.26,Debit Card,Shipped,0
102532,2024-02-13,CUST3898,Riya Nair,Keyboard,Electronics,North,Chandigarh,1,2104.54,2104.54,15,315.68,1788.86,Cash on Delivery,Cancelled,0
102533,2024-03-13,CUST3452,Ananya Kumar,Keyboard,Electronics,East,Kolkata,2,1875.16,3750.32,0,0.0,3750.32,Credit Card,Delivered,0
102534,2023-06-27,CUST4628,Ishaan Kapoor,Laptop,Electronics,North,Jaipur,1,95809.21,95809.21,0,0.0,95809.21,UPI,Cancelled,0
102535,2024-12-01,CUST2048,Rakesh Sharma,T-Shirt,Fashion,South,Kochi,4,843.93,3375.72,0,0.0,3375.72,Net Banking,Returned,1
102536,2024-04-20,CUST4975,Sanjay Joshi,Headphones,Electronics,South,Hyderabad,5,4611.73,23058.65,0,0.0,23058.65,Debit Card,Cancelled,0
102537,2024-07-03,CUST1112,Anika Agarwal,Headphones,Electronics,South,Bengaluru,2,6989.41,13978.82,25,3494.7,10484.12,Net Banking,Returned,1
102538,2022-07-10,CUST3294,Meera Mehta,Headphones,Electronics,North,Lucknow,1,2593.57,2593.57,0,0.0,2593.57,UPI,Shipped,0
102539,2024-12-10,CUST1653,Sanjay Desai,Mouse,Electronics,West,Pune,5,2006.51,10032.55,15,1504.88,8527.67,Net Banking,Cancelled,0
102540,2022-12-22,CUST2941,Riya Gupta,T-Shirt,Fashion,South,Bengaluru,1,578.38,578.38,5,28.92,549.46,Credit Card,Cancelled,0
102541,2024-11-03,CUST1018,Aarav Desai,Watch,Fashion,South,Hyderabad,1,1398.54,1398.54,5,69.93,1328.61,Debit Card,Returned,1
102542,2022-02-13,CUST3992,Arjun Singh,Backpack,Accessories,South,Bengaluru,1,2321.64,2321.64,5,116.08,2205.56,Cash on Delivery,Shipped,0
102543,2024-10-17,CUST3697,Meera Kumar,Backpack,Accessories,North,Chandigarh,2,2043.12,4086.24,5,204.31,3881.93,UPI,Delivered,0
102544,2023-12-30,CUST3789,Sai Agarwal,Camera,Electronics,North,Jaipur,2,20264.32,40528.64,10,4052.86,36475.78,Cash on Delivery,Cancelled,0
102545,2024-12-30,CUST2197,Suresh Mehta,Watch,Fashion,South,Hyderabad,1,2409.06,2409.06,20,481.81,1927.25,UPI,Shipped,0
102546,2023-05-03,CUST1885,Neha Bhat,T-Shirt,Fashion,West,Pune,1,1180.65,1180.65,10,118.06,1062.59,UPI,Shipped,0
102547,2022-11-11,CUST2643,Krishna Kumar,Mouse,Electronics,South,Bengaluru,2,2050.37,4100.74,20,820.15,3280.59,Credit Card,Delivered,0
102548,2022-04-01,CUST3316,Pooja Gupta,Shoes,Fashion,North,Jaipur,2,1458.45,2916.9,15,437.54,2479.36,Cash on Delivery,Shipped,0
102549,2022-04-05,CUST1633,Vihaan Bhat,Mouse,Electronics,South,Kochi,3,360.96,1082.88,0,0.0,1082.88,Cash on Delivery,Returned,1
102550,2022-01-08,CUST3356,Priya Nair,T-Shirt,Fashion,East,Patna,1,678.92,678.92,0,0.0,678.92,Net Banking,Delivered,0
102551,2024-02-01,CUST4320,Suresh Mehta,Keyboard,Electronics,East,Patna,2,2873.56,5747.12,0,0.0,5747.12,Net Banking,Cancelled,0
102552,2022-02-09,CUST2369,Vikram Pillai,Camera,Electronics,North,Lucknow,4,40836.98,163347.92,0,0.0,163347.92,Net Banking,Shipped,0
102553,2024-08-15,CUST3387,Priya Iyer,Shoes,Fashion,South,Bengaluru,5,6293.76,31468.8,20,6293.76,25175.04,Credit Card,Returned,1
102554,2022-12-31,CUST4901,Rohan Malhotra,Mouse,Electronics,North,Lucknow,2,475.4,950.8,25,237.7,713.1,Debit Card,Returned,1
102555,2023-06-13,CUST3602,Rohan Reddy,Shoes,Fashion,East,Bhubaneswar,4,4516.28,18065.12,15,2709.77,15355.35,UPI,Delivered,0
102556,2024-02-10,CUST1451,Diya Desai,Laptop,Electronics,North,Jaipur,4,87924.05,351696.2,10,35169.62,316526.58,UPI,Shipped,0
102557,2022-04-07,CUST2106,Sanjay Iyer,Mobile,Electronics,West,Ahmedabad,1,51000.72,51000.72,15,7650.11,43350.61,Cash on Delivery,Cancelled,0
102558,2022-04-13,CUST1038,Riya Joshi,T-Shirt,Fashion,East,Patna,1,1032.81,1032.81,20,206.56,826.25,Cash on Delivery,Returned,1
102559,2022-10-11,CUST2071,Arjun Chopra,Watch,Fashion,North,Jaipur,2,12573.6,25147.2,0,0.0,25147.2,Debit Card,Delivered,0
102560,2023-07-04,CUST4737,Suresh Verma,Watch,Fashion,North,Delhi,1,19808.98,19808.98,5,990.45,18818.53,Net Banking,Returned,1
102561,2023-01-09,CUST4733,Isha Joshi,Camera,Electronics,East,Bhubaneswar,2,19349.33,38698.66,15,5804.8,32893.86,UPI,Shipped,0
102562,2024-12-04,CUST4761,Ishaan Kumar,Camera,Electronics,North,Jaipur,2,53786.34,107572.68,0,0.0,107572.68,Cash on Delivery,Returned,1
102563,2023-09-20,CUST3356,Sai Singh,Watch,Fashion,West,Pune,5,15737.5,78687.5,25,19671.88,59015.62,Credit Card,Delivered,0
102564,2022-06-18,CUST4535,Diya Iyer,T-Shirt,Fashion,East,Patna,3,1342.37,4027.11,20,805.42,3221.69,UPI,Cancelled,0
102565,2023-04-29,CUST1043,Isha Mehta,Watch,Fashion,North,Lucknow,1,19505.72,19505.72,5,975.29,18530.43,Credit Card,Delivered,0
102566,2024-07-17,CUST4541,Kavya Patel,Backpack,Accessories,East,Bhubaneswar,3,1236.57,3709.71,0,0.0,3709.71,Cash on Delivery,Delivered,0
102567,2022-04-18,CUST1721,Neha Joshi,Laptop,Electronics,South,Kochi,2,56200.66,112401.32,15,16860.2,95541.12,Credit Card,Delivered,0
102568,2024-01-15,CUST4875,Rakesh Nair,Keyboard,Electronics,North,Chandigarh,3,3396.47,10189.41,15,1528.41,8661.0,UPI,Delivered,0
102569,2023-10-17,CUST4028,Deepa Reddy,Watch,Fashion,North,Lucknow,2,6702.5,13405.0,10,1340.5,12064.5,Net Banking,Shipped,0
102570,2023-05-24,CUST1403,Priya Kapoor,Watch,Fashion,West,Ahmedabad,1,12357.67,12357.67,15,1853.65,10504.02,Credit Card,Delivered,0
102571,2023-04-17,CUST1415,Kavya Joshi,Keyboard,Electronics,North,Chandigarh,1,1861.55,1861.55,15,279.23,1582.32,Debit Card,Shipped,0
102572,2024-07-28,CUST1990,Sai Verma,Headphones,Electronics,North,Chandigarh,5,955.8,4779.0,10,477.9,4301.1,Credit Card,Shipped,0
102573,2022-02-28,CUST2497,Aadhya Patel,Keyboard,Electronics,South,Hyderabad,5,2099.04,10495.2,0,0.0,10495.2,Debit Card,Delivered,0
102574,2022-11-08,CUST4876,Vikram Joshi,Mobile,Electronics,South,Kochi,1,56608.45,56608.45,25,14152.11,42456.34,Cash on Delivery,Delivered,0
102575,2022-09-27,CUST3091,Ananya Iyer,Mobile,Electronics,South,Bengaluru,1,59272.64,59272.64,10,5927.26,53345.38,Credit Card,Cancelled,0
102576,2023-12-17,CUST3986,Neha Iyer,Backpack,Accessories,West,Mumbai,3,3142.31,9426.93,20,1885.39,7541.54,Credit Card,Cancelled,0
102577,2024-10-15,CUST2466,Deepa Mehta,Laptop,Electronics,East,Patna,5,117799.05,588995.25,15,88349.29,500645.96,UPI,Shipped,0
102578,2024-04-18,CUST4440,Krishna Sharma,Shoes,Fashion,West,Surat,2,2191.44,4382.88,25,1095.72,3287.16,Debit Card,Cancelled,0
102579,2024-06-04,CUST1538,Krishna Mehta,Mouse,Electronics,North,Chandigarh,1,2174.56,2174.56,15,326.18,1848.38,Net Banking,Returned,1
102580,2023-10-06,CUST3701,Meera Bhat,Backpack,Accessories,West,Mumbai,2,3360.96,6721.92,5,336.1,6385.82,Credit Card,Shipped,0
102581,2023-03-18,CUST1098,Neha Rao,Mouse,Electronics,South,Hyderabad,3,1224.06,3672.18,10,367.22,3304.96,Cash on Delivery,Delivered,0
102582,2022-04-13,CUST3457,Pooja Reddy,T-Shirt,Fashion,North,Delhi,1,464.04,464.04,5,23.2,440.84,UPI,Returned,1
102583,2024-03-01,CUST3142,Krishna Bhat,Headphones,Electronics,South,Bengaluru,2,2291.29,4582.58,5,229.13,4353.45,UPI,Returned,1
102584,2022-04-04,CUST3706,Diya Verma,Camera,Electronics,South,Kochi,3,44354.36,133063.08,0,0.0,133063.08,Credit Card,Cancelled,0
102585,2022-03-12,CUST4888,Aarav Desai,Watch,Fashion,South,Kochi,4,13964.01,55856.04,5,2792.8,53063.24,UPI,Shipped,0
102586,2023-08-18,CUST3589,Myra Kumar,Headphones,Electronics,East,Bhubaneswar,4,6012.82,24051.28,25,6012.82,18038.46,Cash on Delivery,Returned,1
102587,2023-03-31,CUST3472,Vivaan Agarwal,Keyboard,Electronics,South,Hyderabad,2,570.97,1141.94,10,114.19,1027.75,Cash on Delivery,Cancelled,0
102588,2024-04-23,CUST2065,Myra Patel,Shoes,Fashion,West,Ahmedabad,1,2329.7,2329.7,25,582.42,1747.28,Net Banking,Returned,1
102589,2022-05-21,CUST2382,Deepa Bhat,Mouse,Electronics,South,Bengaluru,5,1133.62,5668.1,10,566.81,5101.29,UPI,Delivered,0
102590,2024-04-03,CUST2019,Reyansh Joshi,Shoes,Fashion,West,Mumbai,2,2884.21,5768.42,0,0.0,5768.42,Net Banking,Cancelled,0
102591,2024-12-19,CUST2755,Priya Chopra,Camera,Electronics,South,Kochi,1,52279.91,52279.91,0,0.0,52279.91,Cash on Delivery,Shipped,0
102592,2023-02-14,CUST3028,Vihaan Agarwal,Mobile,Electronics,East,Bhubaneswar,1,47047.76,47047.76,10,4704.78,42342.98,Debit Card,Shipped,0
102593,2022-01-26,CUST1588,Deepa Gupta,T-Shirt,Fashion,South,Chennai,4,506.21,2024.84,5,101.24,1923.6,UPI,Returned,1
102594,2022-04-29,CUST3416,Ananya Joshi,Laptop,Electronics,East,Bhubaneswar,5,116200.92,581004.6,5,29050.23,551954.37,Credit Card,Shipped,0
102595,2024-10-12,CUST1970,Isha Pillai,Backpack,Accessories,South,Bengaluru,3,2548.14,7644.42,10,764.44,6879.98,Debit Card,Returned,1
102596,2023-08-01,CUST1900,Krishna Kapoor,T-Shirt,Fashion,South,Chennai,2,491.23,982.46,5,49.12,933.34,Debit Card,Cancelled,0
102597,2022-02-06,CUST1435,Aadhya Nair,Backpack,Accessories,North,Delhi,1,1919.6,1919.6,15,287.94,1631.66,Net Banking,Cancelled,0
102598,2024-10-13,CUST2471,Neha Reddy,Shoes,Fashion,West,Surat,2,2420.23,4840.46,15,726.07,4114.39,Debit Card,Delivered,0
102599,2022-04-25,CUST1521,Aarav Singh,Camera,Electronics,South,Kochi,1,28472.95,28472.95,10,2847.3,25625.65,Credit Card,Returned,1
102600,2022-07-29,CUST1322,Sai Chopra,Keyboard,Electronics,North,Lucknow,4,1647.88,6591.52,10,659.15,5932.37,UPI,Delivered,0
102601,2024-11-04,CUST2379,Vikram Sharma,Mobile,Electronics,South,Bengaluru,4,17285.41,69141.64,10,6914.16,62227.48,Debit Card,Cancelled,0
102602,2022-09-18,CUST3266,Aadhya Kapoor,Camera,Electronics,South,Kochi,1,36690.6,36690.6,0,0.0,36690.6,Debit Card,Shipped,0
102603,2023-10-31,CUST2601,Arjun Desai,Laptop,Electronics,West,Surat,3,37859.86,113579.58,10,11357.96,102221.62,Debit Card,Delivered,0
102604,2022-11-02,CUST3229,Ishaan Bhat,Watch,Fashion,South,Hyderabad,2,4895.97,9791.94,0,0.0,9791.94,Credit Card,Returned,1
102605,2023-04-09,CUST4741,Aditya Gupta,Mouse,Electronics,North,Delhi,1,1315.28,1315.28,10,131.53,1183.75,Credit Card,Delivered,0
102606,2022-09-06,CUST3742,Meera Iyer,T-Shirt,Fashion,North,Lucknow,2,901.94,1803.88,10,180.39,1623.49,Cash on Delivery,Cancelled,0
102607,2022-09-12,CUST4336,Priya Gupta,Watch,Fashion,South,Kochi,1,7475.92,7475.92,25,1868.98,5606.94,Cash on Delivery,Cancelled,0
102608,2023-09-15,CUST2676,Pooja Desai,Watch,Fashion,West,Pune,3,21358.57,64075.71,10,6407.57,57668.14,Net Banking,Shipped,0
102609,2023-02-10,CUST3112,Sanjay Patel,T-Shirt,Fashion,South,Chennai,1,1754.79,1754.79,5,87.74,1667.05,Cash on Delivery,Delivered,0
102610,2023-04-20,CUST3605,Sai Mehta,Camera,Electronics,North,Delhi,2,52951.09,105902.18,5,5295.11,100607.07,Cash on Delivery,Returned,1
102611,2023-07-17,CUST4304,Rakesh Verma,Camera,Electronics,South,Bengaluru,2,33017.44,66034.88,10,6603.49,59431.39,UPI,Shipped,0
102612,2022-08-03,CUST4124,Ishaan Chopra,Mouse,Electronics,South,Hyderabad,3,1407.32,4221.96,10,422.2,3799.76,Cash on Delivery,Shipped,0
102613,2022-04-22,CUST1111,Myra Nair,Mouse,Electronics,South,Kochi,1,1982.06,1982.06,10,198.21,1783.85,UPI,Returned,1
102614,2023-04-16,CUST1436,Krishna Yadav,Keyboard,Electronics,North,Chandigarh,1,2972.95,2972.95,10,297.3,2675.65,Net Banking,Delivered,0
102615,2024-02-29,CUST1687,Aarav Iyer,Keyboard,Electronics,South,Hyderabad,1,3763.28,3763.28,10,376.33,3386.95,Credit Card,Shipped,0
102616,2024-09-28,CUST1988,Suresh Agarwal,Mouse,Electronics,East,Guwahati,2,2368.67,4737.34,15,710.6,4026.74,Net Banking,Shipped,0
102617,2022-07-13,CUST1925,Sai Mehta,Camera,Electronics,East,Kolkata,1,54858.03,54858.03,15,8228.7,46629.33,Credit Card,Delivered,0
102618,2023-09-08,CUST2550,Vikram Bhat,Mouse,Electronics,North,Jaipur,1,917.98,917.98,5,45.9,872.08,Net Banking,Delivered,0
102619,2022-08-07,CUST4773,Aarav Verma,Watch,Fashion,West,Ahmedabad,2,13498.99,26997.98,10,2699.8,24298.18,Debit Card,Delivered,0
102620,2023-10-04,CUST3439,Riya Joshi,Shoes,Fashion,West,Mumbai,4,3389.29,13557.16,25,3389.29,10167.87,Debit Card,Returned,1
102621,2024-05-16,CUST1149,Priya Verma,Keyboard,Electronics,West,Mumbai,2,913.05,1826.1,25,456.52,1369.58,Cash on Delivery,Delivered,0
102622,2024-05-16,CUST1931,Myra Nair,Laptop,Electronics,East,Bhubaneswar,5,57784.21,288921.05,5,14446.05,274475.0,Credit Card,Delivered,0
102623,2022-11-28,CUST1446,Krishna Malhotra,Keyboard,Electronics,North,Jaipur,3,3421.64,10264.92,25,2566.23,7698.69,Credit Card,Delivered,0
102624,2022-04-24,CUST3845,Rohan Yadav,Shoes,Fashion,West,Mumbai,4,4970.6,19882.4,10,1988.24,17894.16,Cash on Delivery,Cancelled,0
102625,2024-09-05,CUST1964,Rahul Pillai,Watch,Fashion,East,Guwahati,3,24522.73,73568.19,5,3678.41,69889.78,UPI,Returned,1
102626,2024-10-11,CUST4805,Neha Kumar,Camera,Electronics,West,Pune,5,49762.13,248810.65,15,37321.6,211489.05,Debit Card,Delivered,0
102627,2022-11-11,CUST3698,Deepa Desai,Keyboard,Electronics,West,Ahmedabad,4,2004.46,8017.84,5,400.89,7616.95,Debit Card,Cancelled,0
102628,2023-02-16,CUST4664,Rakesh Gupta,Mouse,Electronics,South,Bengaluru,1,472.13,472.13,25,118.03,354.1,Debit Card,Delivered,0
102629,2022-07-27,CUST4378,Aadhya Iyer,Shoes,Fashion,West,Surat,2,1086.92,2173.84,0,0.0,2173.84,Credit Card,Returned,1
102630,2023-01-20,CUST4072,Suresh Chopra,Mobile,Electronics,South,Chennai,1,67084.99,67084.99,10,6708.5,60376.49,Credit Card,Shipped,0
102631,2023-08-30,CUST2477,Amit Mehta,Laptop,Electronics,South,Kochi,1,85365.02,85365.02,15,12804.75,72560.27,UPI,Shipped,0
102632,2022-07-22,CUST2618,Pooja Bhat,Shoes,Fashion,North,Lucknow,3,2229.09,6687.27,15,1003.09,5684.18,UPI,Returned,1
102633,2022-12-22,CUST1029,Isha Verma,Mouse,Electronics,West,Pune,2,577.52,1155.04,20,231.01,924.03,Cash on Delivery,Delivered,0
102634,2024-04-30,CUST2882,Aditya Malhotra,Backpack,Accessories,East,Kolkata,3,2924.65,8773.95,0,0.0,8773.95,Credit Card,Delivered,0
102635,2022-06-29,CUST1004,Deepa Iyer,Keyboard,Electronics,South,Hyderabad,5,3487.94,17439.7,15,2615.95,14823.75,Cash on Delivery,Shipped,0
102636,2022-04-15,CUST4492,Sanjay Bhat,Backpack,Accessories,East,Bhubaneswar,3,1644.4,4933.2,20,986.64,3946.56,UPI,Cancelled,0
102637,2024-10-08,CUST4885,Amit Pillai,Mouse,Electronics,South,Chennai,3,779.71,2339.13,0,0.0,2339.13,Credit Card,Returned,1
102638,2022-10-11,CUST4162,Arjun Patel,Keyboard,Electronics,East,Guwahati,4,4254.76,17019.04,25,4254.76,12764.28,UPI,Shipped,0
102639,2022-09-06,CUST1258,Aadhya Agarwal,T-Shirt,Fashion,South,Chennai,1,659.32,659.32,0,0.0,659.32,UPI,Cancelled,0
102640,2024-05-17,CUST2297,Sara Reddy,Keyboard,Electronics,West,Pune,1,1547.19,1547.19,0,0.0,1547.19,UPI,Returned,1
102641,2022-05-19,CUST4007,Neha Malhotra,Watch,Fashion,East,Guwahati,4,11542.18,46168.72,0,0.0,46168.72,Debit Card,Shipped,0
102642,2022-07-28,CUST4637,Sai Agarwal,Keyboard,Electronics,East,Patna,1,4098.8,4098.8,0,0.0,4098.8,UPI,Cancelled,0
102643,2023-10-04,CUST2697,Sai Yadav,Watch,Fashion,North,Jaipur,3,16065.9,48197.7,5,2409.89,45787.81,Debit Card,Cancelled,0
102644,2024-06-09,CUST4572,Sara Gupta,Laptop,Electronics,North,Jaipur,4,56106.57,224426.28,25,56106.57,168319.71,UPI,Returned,1
102645,2024-10-20,CUST4444,Aadhya Patel,Camera,Electronics,North,Lucknow,1,32043.43,32043.43,0,0.0,32043.43,Net Banking,Shipped,0
102646,2022-12-08,CUST3173,Sanjay Desai,Mobile,Electronics,South,Hyderabad,3,62454.01,187362.03,15,28104.3,159257.73,UPI,Returned,1
102647,2023-06-30,CUST2916,Isha Iyer,Shoes,Fashion,West,Mumbai,1,2895.45,2895.45,0,0.0,2895.45,Debit Card,Shipped,0
102648,2023-01-25,CUST2216,Ananya Kapoor,Headphones,Electronics,North,Lucknow,4,7759.71,31038.84,10,3103.88,27934.96,Cash on Delivery,Shipped,0
102649,2024-09-29,CUST3955,Myra Iyer,Camera,Electronics,South,Bengaluru,1,27779.0,27779.0,15,4166.85,23612.15,Net Banking,Returned,1
102650,2023-12-11,CUST4939,Aditya Malhotra,Shoes,Fashion,West,Pune,3,2910.42,8731.26,10,873.13,7858.13,Net Banking,Delivered,0
102651,2024-07-22,CUST3910,Aarav Reddy,Headphones,Electronics,North,Chandigarh,1,1414.44,1414.44,0,0.0,1414.44,Debit Card,Cancelled,0
102652,2024-01-18,CUST3991,Anika Joshi,T-Shirt,Fashion,South,Hyderabad,2,1296.76,2593.52,20,518.7,2074.82,Cash on Delivery,Shipped,0
102653,2024-11-06,CUST3367,Neha Kumar,Headphones,Electronics,North,Delhi,4,4709.89,18839.56,10,1883.96,16955.6,Debit Card,Shipped,0
102654,2022-03-22,CUST3797,Vikram Desai,Headphones,Electronics,East,Bhubaneswar,2,2406.84,4813.68,20,962.74,3850.94,Debit Card,Cancelled,0
102655,2023-08-19,CUST1611,Anika Chopra,T-Shirt,Fashion,South,Bengaluru,1,990.0,990.0,15,148.5,841.5,Credit Card,Returned,1
102656,2024-08-20,CUST2789,Ishaan Patel,Headphones,Electronics,North,Lucknow,1,5243.72,5243.72,20,1048.74,4194.98,Net Banking,Delivered,0
102657,2023-11-02,CUST1374,Diya Mehta,Headphones,Electronics,South,Kochi,4,2307.25,9229.0,10,922.9,8306.1,Cash on Delivery,Shipped,0
102658,2023-06-09,CUST1527,Neha Kumar,Backpack,Accessories,North,Jaipur,4,1274.43,5097.72,0,0.0,5097.72,Credit Card,Returned,1
102659,2023-05-08,CUST1628,Ananya Verma,Mouse,Electronics,West,Pune,3,328.3,984.9,10,98.49,886.41,UPI,Shipped,0
102660,2024-07-24,CUST3352,Ananya Reddy,T-Shirt,Fashion,North,Lucknow,3,1340.06,4020.18,20,804.04,3216.14,Credit Card,Shipped,0
102661,2024-03-22,CUST2728,Krishna Gupta,Camera,Electronics,West,Pune,4,37410.17,149640.68,20,29928.14,119712.54,Cash on Delivery,Cancelled,0
102662,2023-07-25,CUST1263,Suresh Nair,Mouse,Electronics,East,Guwahati,3,972.21,2916.63,5,145.83,2770.8,Cash on Delivery,Shipped,0
102663,2023-11-10,CUST1408,Anika Sharma,Backpack,Accessories,South,Kochi,2,2534.66,5069.32,0,0.0,5069.32,Net Banking,Delivered,0
102664,2022-12-15,CUST3401,Sara Sharma,Mobile,Electronics,East,Kolkata,2,33245.22,66490.44,10,6649.04,59841.4,UPI,Cancelled,0
102665,2024-04-15,CUST3888,Meera Malhotra,Headphones,Electronics,South,Bengaluru,2,3088.53,6177.06,0,0.0,6177.06,Net Banking,Cancelled,0
102666,2023-05-16,CUST1545,Neha Singh,Mouse,Electronics,North,Lucknow,1,2140.21,2140.21,15,321.03,1819.18,Credit Card,Shipped,0
102667,2023-04-27,CUST4031,Diya Nair,T-Shirt,Fashion,West,Ahmedabad,2,1144.96,2289.92,25,572.48,1717.44,UPI,Returned,1
102668,2022-04-06,CUST1356,Sanjay Gupta,Backpack,Accessories,West,Ahmedabad,2,2130.56,4261.12,25,1065.28,3195.84,Debit Card,Returned,1
102669,2022-12-29,CUST1905,Isha Verma,Camera,Electronics,West,Pune,4,27773.65,111094.6,15,16664.19,94430.41,Debit Card,Delivered,0
102670,2024-01-05,CUST4649,Rakesh Bhat,Camera,Electronics,West,Ahmedabad,2,15747.24,31494.48,5,1574.72,29919.76,Credit Card,Cancelled,0
102671,2022-09-26,CUST4657,Sai Yadav,T-Shirt,Fashion,North,Chandigarh,1,1138.17,1138.17,0,0.0,1138.17,Credit Card,Cancelled,0
102672,2023-01-06,CUST4016,Vivaan Mehta,Keyboard,Electronics,South,Hyderabad,5,3572.67,17863.35,15,2679.5,15183.85,Credit Card,Returned,1
102673,2023-01-21,CUST3426,Rakesh Pillai,Mobile,Electronics,South,Kochi,2,49169.96,98339.92,15,14750.99,83588.93,Cash on Delivery,Shipped,0
102674,2023-10-28,CUST1359,Sanjay Gupta,T-Shirt,Fashion,North,Jaipur,4,1028.22,4112.88,25,1028.22,3084.66,UPI,Cancelled,0
102675,2022-08-12,CUST3700,Vikram Chopra,Mouse,Electronics,North,Jaipur,5,1554.97,7774.85,20,1554.97,6219.88,Cash on Delivery,Cancelled,0
102676,2024-11-18,CUST2878,Reyansh Nair,Headphones,Electronics,North,Lucknow,1,5907.1,5907.1,10,590.71,5316.39,UPI,Shipped,0
102677,2023-04-11,CUST2150,Aarav Desai,Mouse,Electronics,East,Kolkata,1,1416.69,1416.69,10,141.67,1275.02,Net Banking,Returned,1
102678,2022-09-17,CUST3594,Myra Gupta,Mouse,Electronics,West,Mumbai,3,1907.15,5721.45,10,572.14,5149.31,UPI,Returned,1
102679,2024-11-29,CUST4614,Amit Chopra,Mobile,Electronics,East,Kolkata,5,78360.36,391801.8,5,19590.09,372211.71,Net Banking,Returned,1
102680,2024-08-15,CUST1209,Isha Iyer,Headphones,Electronics,South,Kochi,2,1555.38,3110.76,15,466.61,2644.15,Credit Card,Cancelled,0
102681,2023-09-01,CUST2280,Rakesh Nair,Watch,Fashion,North,Delhi,2,13015.31,26030.62,5,1301.53,24729.09,Net Banking,Cancelled,0
102682,2022-12-15,CUST1554,Pooja Rao,Shoes,Fashion,East,Patna,4,2634.36,10537.44,0,0.0,10537.44,Cash on Delivery,Delivered,0
102683,2022-08-12,CUST1126,Neha Agarwal,Mouse,Electronics,East,Patna,1,810.97,810.97,15,121.65,689.32,Credit Card,Cancelled,0
102684,2024-08-04,CUST3883,Rakesh Yadav,Laptop,Electronics,North,Lucknow,5,78836.6,394183.0,25,98545.75,295637.25,Net Banking,Returned,1
102685,2024-10-14,CUST3727,Ananya Rao,Watch,Fashion,West,Ahmedabad,2,8678.57,17357.14,10,1735.71,15621.43,Debit Card,Cancelled,0
102686,2024-09-28,CUST1232,Priya Reddy,T-Shirt,Fashion,North,Chandigarh,2,1794.2,3588.4,5,179.42,3408.98,Credit Card,Returned,1
102687,2023-01-31,CUST3629,Ananya Sharma,Shoes,Fashion,East,Kolkata,4,5605.11,22420.44,10,2242.04,20178.4,UPI,Shipped,0
102688,2022-01-28,CUST2674,Krishna Reddy,Backpack,Accessories,South,Chennai,2,1560.46,3120.92,5,156.05,2964.87,Net Banking,Delivered,0
102689,2023-04-05,CUST4808,Aditya Kumar,Watch,Fashion,East,Patna,1,14392.95,14392.95,15,2158.94,12234.01,Cash on Delivery,Returned,1
102690,2023-08-07,CUST1638,Meera Pillai,Mouse,Electronics,South,Chennai,2,989.84,1979.68,15,296.95,1682.73,Credit Card,Cancelled,0
102691,2023-08-22,CUST2350,Kavya Yadav,Laptop,Electronics,East,Kolkata,1,117329.21,117329.21,5,5866.46,111462.75,UPI,Delivered,0
102692,2022-11-01,CUST2683,Vivaan Verma,Backpack,Accessories,East,Patna,2,1992.76,3985.52,10,398.55,3586.97,Cash on Delivery,Cancelled,0
102693,2024-08-20,CUST1455,Rakesh Agarwal,Camera,Electronics,South,Bengaluru,1,53975.0,53975.0,5,2698.75,51276.25,Credit Card,Returned,1
102694,2022-01-30,CUST2330,Priya Rao,Headphones,Electronics,North,Lucknow,5,5098.87,25494.35,25,6373.59,19120.76,Debit Card,Delivered,0
102695,2022-02-24,CUST2212,Diya Agarwal,Backpack,Accessories,South,Kochi,1,1553.79,1553.79,20,310.76,1243.03,Net Banking,Returned,1
102696,2023-11-28,CUST1209,Riya Mehta,Laptop,Electronics,South,Hyderabad,1,35371.53,35371.53,5,1768.58,33602.95,Credit Card,Delivered,0
102697,2023-10-01,CUST1950,Suresh Reddy,Headphones,Electronics,West,Pune,3,3886.67,11660.01,10,1166.0,10494.01,UPI,Returned,1
102698,2024-11-30,CUST2639,Sai Iyer,Headphones,Electronics,South,Chennai,3,5124.36,15373.08,5,768.65,14604.43,UPI,Shipped,0
102699,2023-01-12,CUST3311,Arjun Verma,Watch,Fashion,South,Chennai,5,11293.31,56466.55,25,14116.64,42349.91,Cash on Delivery,Shipped,0
102700,2024-08-04,CUST4916,Aarav Patel,Shoes,Fashion,South,Hyderabad,3,3142.3,9426.9,10,942.69,8484.21,Net Banking,Shipped,0
102701,2022-03-09,CUST3454,Myra Rao,Mobile,Electronics,East,Bhubaneswar,1,25783.72,25783.72,20,5156.74,20626.98,Credit Card,Delivered,0
102702,2023-04-19,CUST4033,Riya Patel,Shoes,Fashion,West,Mumbai,2,4977.45,9954.9,10,995.49,8959.41,Debit Card,Returned,1
102703,2024-09-10,CUST1709,Aditya Singh,Watch,Fashion,North,Chandigarh,4,15703.73,62814.92,0,0.0,62814.92,Credit Card,Shipped,0
102704,2024-06-29,CUST1744,Pooja Nair,Mouse,Electronics,North,Delhi,4,577.03,2308.12,0,0.0,2308.12,Debit Card,Returned,1
102705,2024-06-30,CUST4648,Rakesh Singh,Shoes,Fashion,West,Ahmedabad,1,4034.09,4034.09,10,403.41,3630.68,Net Banking,Returned,1
102706,2022-02-22,CUST2726,Aditya Singh,T-Shirt,Fashion,West,Mumbai,2,568.55,1137.1,15,170.56,966.54,Net Banking,Cancelled,0
102707,2023-07-09,CUST1053,Aadhya Rao,Watch,Fashion,South,Hyderabad,1,17947.78,17947.78,10,1794.78,16153.0,Net Banking,Delivered,0
102708,2023-06-11,CUST1724,Suresh Mehta,Watch,Fashion,South,Bengaluru,3,22289.57,66868.71,25,16717.18,50151.53,UPI,Shipped,0
102709,2023-06-19,CUST1014,Aarav Pillai,Mobile,Electronics,South,Kochi,3,65285.03,195855.09,10,19585.51,176269.58,Net Banking,Cancelled,0
102710,2024-11-18,CUST2858,Sara Yadav,Watch,Fashion,South,Hyderabad,2,12103.93,24207.86,20,4841.57,19366.29,UPI,Shipped,0
102711,2022-10-28,CUST3814,Vikram Agarwal,Headphones,Electronics,South,Chennai,2,1241.34,2482.68,10,248.27,2234.41,Net Banking,Cancelled,0
102712,2022-06-02,CUST4856,Rahul Kapoor,Camera,Electronics,East,Guwahati,1,32501.87,32501.87,0,0.0,32501.87,Debit Card,Cancelled,0
102713,2024-04-02,CUST2933,Isha Joshi,Mouse,Electronics,North,Chandigarh,3,1175.19,3525.57,10,352.56,3173.01,Debit Card,Shipped,0
102714,2023-06-22,CUST3804,Arjun Bhat,Watch,Fashion,West,Mumbai,1,15066.67,15066.67,5,753.33,14313.34,Cash on Delivery,Cancelled,0
102715,2022-06-25,CUST3789,Meera Bhat,Mobile,Electronics,North,Jaipur,3,30874.61,92623.83,20,18524.77,74099.06,Cash on Delivery,Shipped,0
102716,2024-03-30,CUST2503,Aadhya Gupta,Laptop,Electronics,South,Kochi,1,94708.36,94708.36,10,9470.84,85237.52,Net Banking,Cancelled,0
102717,2023-04-09,CUST4993,Krishna Rao,Headphones,Electronics,North,Chandigarh,3,6016.62,18049.86,0,0.0,18049.86,Credit Card,Shipped,0
102718,2022-04-20,CUST1375,Ananya Patel,T-Shirt,Fashion,East,Guwahati,3,1006.87,3020.61,5,151.03,2869.58,Credit Card,Delivered,0
102719,2024-01-12,CUST1048,Aarav Singh,Backpack,Accessories,West,Mumbai,1,2278.66,2278.66,20,455.73,1822.93,UPI,Returned,1
102720,2022-12-26,CUST1048,Vivaan Patel,Mobile,Electronics,North,Jaipur,3,54793.03,164379.09,5,8218.95,156160.14,Debit Card,Returned,1
102721,2023-11-15,CUST4555,Rahul Iyer,Headphones,Electronics,East,Guwahati,2,5295.47,10590.94,15,1588.64,9002.3,Credit Card,Returned,1
102722,2023-06-13,CUST1230,Amit Singh,Watch,Fashion,South,Kochi,3,7254.84,21764.52,15,3264.68,18499.84,Credit Card,Shipped,0
102723,2024-01-21,CUST1976,Aditya Reddy,Laptop,Electronics,North,Jaipur,1,101177.63,101177.63,5,5058.88,96118.75,Credit Card,Shipped,0
102724,2024-07-05,CUST1471,Isha Bhat,Shoes,Fashion,West,Pune,4,5320.72,21282.88,15,3192.43,18090.45,UPI,Returned,1
102725,2024-07-26,CUST3692,Rohan Yadav,Mouse,Electronics,East,Kolkata,4,1004.51,4018.04,10,401.8,3616.24,Cash on Delivery,Cancelled,0
102726,2022-03-13,CUST1866,Sara Verma,Backpack,Accessories,West,Ahmedabad,3,2099.27,6297.81,10,629.78,5668.03,Credit Card,Delivered,0
102727,2022-02-24,CUST3365,Riya Yadav,Mobile,Electronics,South,Chennai,1,12655.75,12655.75,10,1265.58,11390.17,Credit Card,Shipped,0
102728,2022-08-12,CUST1370,Vihaan Gupta,T-Shirt,Fashion,South,Chennai,1,1459.04,1459.04,5,72.95,1386.09,UPI,Returned,1
102729,2024-05-18,CUST3497,Vikram Kapoor,Backpack,Accessories,West,Ahmedabad,4,3181.69,12726.76,25,3181.69,9545.07,Credit Card,Delivered,0
102730,2024-04-23,CUST3727,Vihaan Kapoor,T-Shirt,Fashion,East,Patna,3,1536.83,4610.49,0,0.0,4610.49,Credit Card,Cancelled,0
102731,2022-03-23,CUST1605,Vikram Kumar,Keyboard,Electronics,North,Chandigarh,3,1294.24,3882.72,5,194.14,3688.58,Net Banking,Shipped,0
102732,2023-11-11,CUST4384,Rohan Bhat,Mouse,Electronics,North,Jaipur,3,2386.2,7158.6,15,1073.79,6084.81,Debit Card,Shipped,0
102733,2022-05-12,CUST2927,Deepa Joshi,Headphones,Electronics,West,Surat,5,4746.04,23730.2,0,0.0,23730.2,Net Banking,Shipped,0
102734,2024-07-22,CUST3953,Vihaan Desai,Laptop,Electronics,East,Patna,2,67860.7,135721.4,5,6786.07,128935.33,Net Banking,Shipped,0
102735,2023-01-11,CUST3192,Aadhya Mehta,T-Shirt,Fashion,West,Surat,5,1625.39,8126.95,0,0.0,8126.95,UPI,Shipped,0
102736,2024-05-26,CUST3123,Meera Kapoor,Backpack,Accessories,West,Ahmedabad,4,2629.44,10517.76,20,2103.55,8414.21,UPI,Delivered,0
102737,2024-07-14,CUST4958,Sanjay Joshi,Watch,Fashion,South,Kochi,5,9069.3,45346.5,5,2267.32,43079.18,Net Banking,Shipped,0
102738,2023-03-13,CUST3831,Kavya Sharma,Camera,Electronics,North,Delhi,1,39415.07,39415.07,25,9853.77,29561.3,Net Banking,Cancelled,0
102739,2023-03-04,CUST4669,Ishaan Agarwal,Mobile,Electronics,West,Surat,1,45747.95,45747.95,15,6862.19,38885.76,Cash on Delivery,Cancelled,0
102740,2023-08-27,CUST1992,Aadhya Yadav,Keyboard,Electronics,South,Bengaluru,1,3861.18,3861.18,20,772.24,3088.94,Net Banking,Delivered,0
102741,2024-04-03,CUST3872,Arjun Kumar,Mouse,Electronics,East,Patna,2,2326.47,4652.94,0,0.0,4652.94,Credit Card,Delivered,0
102742,2023-06-01,CUST4548,Sara Sharma,Keyboard,Electronics,West,Mumbai,5,3745.56,18727.8,0,0.0,18727.8,UPI,Delivered,0
102743,2022-04-19,CUST4933,Reyansh Pillai,Mobile,Electronics,West,Mumbai,2,19636.89,39273.78,0,0.0,39273.78,Credit Card,Shipped,0
102744,2023-12-23,CUST4529,Kavya Reddy,Headphones,Electronics,West,Surat,1,3779.77,3779.77,15,566.97,3212.8,Credit Card,Delivered,0
102745,2023-01-16,CUST3210,Anika Desai,Camera,Electronics,West,Mumbai,1,18059.92,18059.92,10,1805.99,16253.93,Cash on Delivery,Delivered,0
102746,2023-11-10,CUST2542,Sara Agarwal,Backpack,Accessories,West,Surat,1,2803.0,2803.0,5,140.15,2662.85,Net Banking,Cancelled,0
102747,2024-12-05,CUST1571,Sai Mehta,Keyboard,Electronics,South,Hyderabad,3,1685.81,5057.43,10,505.74,4551.69,Cash on Delivery,Shipped,0
102748,2024-12-13,CUST1719,Sanjay Joshi,Camera,Electronics,West,Surat,2,16660.14,33320.28,25,8330.07,24990.21,Net Banking,Delivered,0
102749,2023-11-04,CUST1993,Arjun Verma,T-Shirt,Fashion,South,Chennai,5,1569.01,7845.05,25,1961.26,5883.79,UPI,Cancelled,0
102750,2022-12-10,CUST4759,Reyansh Singh,Camera,Electronics,East,Bhubaneswar,4,36615.76,146463.04,20,29292.61,117170.43,UPI,Shipped,0
102751,2024-09-11,CUST1557,Anika Agarwal,Backpack,Accessories,North,Chandigarh,5,2402.79,12013.95,25,3003.49,9010.46,Debit Card,Cancelled,0
102752,2023-05-14,CUST3071,Arjun Sharma,Mouse,Electronics,West,Ahmedabad,1,616.86,616.86,10,61.69,555.17,UPI,Cancelled,0
102753,2023-04-12,CUST2089,Priya Iyer,Shoes,Fashion,South,Chennai,4,3350.74,13402.96,0,0.0,13402.96,Cash on Delivery,Delivered,0
102754,2022-09-22,CUST3046,Deepa Pillai,Mobile,Electronics,West,Ahmedabad,2,36711.97,73423.94,10,7342.39,66081.55,Debit Card,Cancelled,0
102755,2022-09-15,CUST1903,Sanjay Pillai,Backpack,Accessories,North,Jaipur,1,2420.7,2420.7,15,363.11,2057.59,UPI,Shipped,0
102756,2022-12-01,CUST1171,Rakesh Nair,Headphones,Electronics,North,Jaipur,4,6632.77,26531.08,25,6632.77,19898.31,Cash on Delivery,Delivered,0
102757,2024-07-10,CUST3659,Vikram Pillai,Headphones,Electronics,South,Hyderabad,1,3755.92,3755.92,15,563.39,3192.53,Debit Card,Cancelled,0
102758,2024-05-12,CUST2637,Rahul Joshi,Backpack,Accessories,South,Bengaluru,2,3433.45,6866.9,10,686.69,6180.21,Cash on Delivery,Delivered,0
102759,2023-07-25,CUST4056,Sara Nair,Shoes,Fashion,North,Chandigarh,4,6424.37,25697.48,5,1284.87,24412.61,Net Banking,Shipped,0
102760,2022-11-30,CUST3466,Rohan Bhat,Mouse,Electronics,South,Chennai,1,1865.69,1865.69,15,279.85,1585.84,Cash on Delivery,Cancelled,0
102761,2023-05-05,CUST2072,Amit Yadav,Mobile,Electronics,South,Kochi,5,44453.97,222269.85,0,0.0,222269.85,UPI,Cancelled,0
102762,2023-10-24,CUST1348,Reyansh Verma,Mobile,Electronics,East,Patna,5,43161.41,215807.05,0,0.0,215807.05,UPI,Shipped,0
102763,2023-05-10,CUST3043,Pooja Kapoor,Headphones,Electronics,West,Mumbai,1,7677.55,7677.55,10,767.75,6909.8,Cash on Delivery,Returned,1
102764,2023-10-19,CUST4174,Vikram Bhat,Camera,Electronics,West,Surat,1,23953.83,23953.83,10,2395.38,21558.45,Net Banking,Returned,1
102765,2023-02-09,CUST2877,Ananya Agarwal,Camera,Electronics,North,Delhi,5,29639.01,148195.05,5,7409.75,140785.3,UPI,Delivered,0
102766,2024-01-20,CUST3703,Meera Rao,Backpack,Accessories,North,Chandigarh,2,2376.44,4752.88,10,475.29,4277.59,Credit Card,Cancelled,0
102767,2024-01-24,CUST2327,Aarav Mehta,Watch,Fashion,South,Hyderabad,2,12972.37,25944.74,10,2594.47,23350.27,Net Banking,Returned,1
102768,2024-01-17,CUST4676,Vikram Joshi,Keyboard,Electronics,East,Guwahati,1,3340.29,3340.29,0,0.0,3340.29,Cash on Delivery,Delivered,0
102769,2022-05-07,CUST3642,Myra Kapoor,Camera,Electronics,South,Hyderabad,5,42587.15,212935.75,0,0.0,212935.75,Credit Card,Shipped,0
102770,2023-01-14,CUST4408,Aditya Joshi,T-Shirt,Fashion,North,Delhi,2,804.34,1608.68,20,321.74,1286.94,Net Banking,Returned,1
102771,2024-02-29,CUST4611,Sanjay Yadav,Mobile,Electronics,South,Hyderabad,2,13863.42,27726.84,5,1386.34,26340.5,Debit Card,Delivered,0
102772,2024-01-13,CUST1705,Amit Iyer,Laptop,Electronics,South,Bengaluru,2,100841.87,201683.74,0,0.0,201683.74,Cash on Delivery,Shipped,0
102773,2024-06-12,CUST3637,Krishna Joshi,Camera,Electronics,West,Ahmedabad,4,26429.24,105716.96,15,15857.54,89859.42,Debit Card,Returned,1
102774,2022-12-04,CUST3341,Diya Desai,Backpack,Accessories,East,Kolkata,1,2848.06,2848.06,20,569.61,2278.45,Cash on Delivery,Delivered,0
102775,2022-07-01,CUST4703,Arjun Iyer,Mobile,Electronics,East,Kolkata,3,31867.36,95602.08,20,19120.42,76481.66,Net Banking,Cancelled,0
102776,2023-09-12,CUST2073,Pooja Iyer,Headphones,Electronics,South,Kochi,1,4786.55,4786.55,10,478.65,4307.9,Cash on Delivery,Shipped,0
102777,2022-12-27,CUST2751,Vikram Pillai,T-Shirt,Fashion,East,Guwahati,1,660.79,660.79,15,99.12,561.67,Net Banking,Delivered,0
102778,2022-12-05,CUST4616,Meera Patel,T-Shirt,Fashion,South,Chennai,2,771.01,1542.02,0,0.0,1542.02,Cash on Delivery,Shipped,0
102779,2024-12-12,CUST3277,Meera Verma,Keyboard,Electronics,South,Chennai,1,1660.0,1660.0,20,332.0,1328.0,Net Banking,Shipped,0
102780,2022-08-28,CUST1441,Priya Malhotra,T-Shirt,Fashion,East,Kolkata,3,1332.27,3996.81,5,199.84,3796.97,Credit Card,Shipped,0
102781,2023-02-28,CUST4928,Vihaan Pillai,Watch,Fashion,West,Mumbai,2,2868.47,5736.94,5,286.85,5450.09,Credit Card,Delivered,0
102782,2022-05-22,CUST1348,Suresh Desai,Headphones,Electronics,North,Chandigarh,4,5307.45,21229.8,10,2122.98,19106.82,Credit Card,Cancelled,0
102783,2024-09-08,CUST2315,Rohan Verma,Backpack,Accessories,West,Pune,3,3274.4,9823.2,0,0.0,9823.2,Cash on Delivery,Cancelled,0
102784,2023-06-24,CUST2760,Riya Chopra,Backpack,Accessories,North,Lucknow,4,1252.73,5010.92,20,1002.18,4008.74,Debit Card,Delivered,0
102785,2024-10-12,CUST4076,Myra Chopra,Backpack,Accessories,West,Mumbai,1,2394.25,2394.25,15,359.14,2035.11,Credit Card,Shipped,0
102786,2022-02-23,CUST3712,Priya Reddy,Headphones,Electronics,South,Kochi,1,1341.74,1341.74,10,134.17,1207.57,Debit Card,Shipped,0
102787,2024-06-19,CUST4908,Deepa Sharma,Shoes,Fashion,West,Mumbai,1,6345.55,6345.55,15,951.83,5393.72,Cash on Delivery,Delivered,0
102788,2023-12-09,CUST2150,Meera Yadav,Keyboard,Electronics,East,Guwahati,4,1323.1,5292.4,10,529.24,4763.16,UPI,Shipped,0
102789,2023-05-23,CUST1242,Reyansh Pillai,Mouse,Electronics,West,Surat,2,1630.11,3260.22,20,652.04,2608.18,Debit Card,Cancelled,0
102790,2022-05-15,CUST3291,Ishaan Verma,Backpack,Accessories,South,Hyderabad,2,1220.48,2440.96,0,0.0,2440.96,UPI,Cancelled,0
102791,2024-12-30,CUST2200,Sanjay Desai,Mouse,Electronics,North,Lucknow,1,774.08,774.08,0,0.0,774.08,UPI,Delivered,0
102792,2022-01-11,CUST3018,Priya Malhotra,Laptop,Electronics,West,Pune,3,90342.7,271028.1,5,13551.41,257476.69,Credit Card,Returned,1
102793,2023-11-23,CUST2458,Pooja Nair,Headphones,Electronics,North,Jaipur,5,6836.96,34184.8,0,0.0,34184.8,Credit Card,Returned,1
102794,2023-03-16,CUST3127,Suresh Joshi,Mobile,Electronics,West,Mumbai,1,71312.97,71312.97,20,14262.59,57050.38,UPI,Cancelled,0
102795,2023-02-05,CUST4445,Isha Malhotra,Headphones,Electronics,West,Pune,2,4707.16,9414.32,20,1882.86,7531.46,Net Banking,Returned,1
102796,2024-01-16,CUST2692,Sara Joshi,Keyboard,Electronics,North,Lucknow,2,630.17,1260.34,15,189.05,1071.29,UPI,Shipped,0
102797,2023-04-18,CUST1533,Aadhya Patel,Mouse,Electronics,West,Ahmedabad,2,1923.72,3847.44,25,961.86,2885.58,Credit Card,Shipped,0
102798,2022-03-18,CUST2467,Vihaan Nair,Backpack,Accessories,South,Bengaluru,2,1993.98,3987.96,5,199.4,3788.56,UPI,Delivered,0
102799,2023-01-01,CUST3894,Anika Gupta,T-Shirt,Fashion,South,Bengaluru,1,1475.57,1475.57,5,73.78,1401.79,Cash on Delivery,Delivered,0
102800,2024-03-02,CUST4521,Suresh Sharma,Laptop,Electronics,East,Guwahati,4,41178.79,164715.16,10,16471.52,148243.64,Cash on Delivery,Shipped,0
102801,2023-12-01,CUST2552,Ananya Nair,Keyboard,Electronics,West,Mumbai,1,2930.29,2930.29,10,293.03,2637.26,Cash on Delivery,Cancelled,0
102802,2023-04-20,CUST1366,Aadhya Pillai,Mobile,Electronics,West,Pune,3,49562.87,148688.61,5,7434.43,141254.18,Net Banking,Returned,1
102803,2023-11-24,CUST2450,Deepa Malhotra,Laptop,Electronics,West,Pune,1,102940.15,102940.15,5,5147.01,97793.14,Credit Card,Delivered,0
102804,2024-04-27,CUST1623,Rahul Kumar,Mouse,Electronics,West,Mumbai,1,2483.45,2483.45,20,496.69,1986.76,Cash on Delivery,Returned,1
102805,2022-07-22,CUST4046,Rahul Pillai,Shoes,Fashion,West,Pune,5,3007.88,15039.4,10,1503.94,13535.46,Credit Card,Returned,1
102806,2024-07-12,CUST1793,Aarav Malhotra,Keyboard,Electronics,South,Chennai,2,3132.48,6264.96,20,1252.99,5011.97,Net Banking,Delivered,0
102807,2023-01-23,CUST4506,Kavya Nair,Laptop,Electronics,North,Delhi,2,113091.34,226182.68,10,22618.27,203564.41,Net Banking,Shipped,0
102808,2022-03-11,CUST1707,Aarav Rao,Backpack,Accessories,North,Jaipur,3,1634.28,4902.84,15,735.43,4167.41,UPI,Cancelled,0
102809,2023-01-07,CUST2044,Meera Chopra,Shoes,Fashion,West,Ahmedabad,3,4127.85,12383.55,20,2476.71,9906.84,Cash on Delivery,Delivered,0
102810,2024-09-01,CUST4460,Priya Chopra,Laptop,Electronics,East,Guwahati,2,62990.76,125981.52,0,0.0,125981.52,Cash on Delivery,Cancelled,0
102811,2022-05-17,CUST1838,Rahul Pillai,Mouse,Electronics,North,Jaipur,1,317.06,317.06,0,0.0,317.06,UPI,Cancelled,0
102812,2024-04-18,CUST3256,Neha Reddy,Laptop,Electronics,South,Hyderabad,3,62108.56,186325.68,5,9316.28,177009.4,Credit Card,Returned,1
102813,2022-04-05,CUST2822,Vivaan Patel,Keyboard,Electronics,West,Surat,1,3429.13,3429.13,15,514.37,2914.76,Cash on Delivery,Returned,1
102814,2022-06-03,CUST1167,Pooja Iyer,Backpack,Accessories,South,Bengaluru,1,2837.84,2837.84,5,141.89,2695.95,Credit Card,Delivered,0
102815,2023-05-18,CUST4169,Ananya Chopra,Laptop,Electronics,West,Ahmedabad,3,42638.29,127914.87,25,31978.72,95936.15,Credit Card,Shipped,0
102816,2024-04-10,CUST3350,Amit Desai,Headphones,Electronics,West,Pune,3,4280.43,12841.29,15,1926.19,10915.1,UPI,Returned,1
102817,2024-07-23,CUST1392,Neha Desai,T-Shirt,Fashion,North,Lucknow,1,550.86,550.86,20,110.17,440.69,UPI,Delivered,0
102818,2024-08-17,CUST4237,Vivaan Kapoor,Camera,Electronics,South,Chennai,4,44157.93,176631.72,0,0.0,176631.72,Net Banking,Cancelled,0
102819,2023-09-08,CUST2055,Suresh Agarwal,Watch,Fashion,South,Bengaluru,2,14929.21,29858.42,0,0.0,29858.42,UPI,Shipped,0
102820,2024-07-25,CUST1706,Diya Joshi,Laptop,Electronics,South,Bengaluru,5,119945.47,599727.35,20,119945.47,479781.88,Debit Card,Shipped,0
102821,2023-11-21,CUST1987,Neha Singh,Laptop,Electronics,West,Surat,1,97191.88,97191.88,15,14578.78,82613.1,Net Banking,Cancelled,0
102822,2022-04-26,CUST3295,Aadhya Bhat,Shoes,Fashion,West,Surat,5,4033.58,20167.9,20,4033.58,16134.32,UPI,Delivered,0
102823,2022-03-05,CUST4092,Anika Singh,Camera,Electronics,East,Patna,1,28373.37,28373.37,0,0.0,28373.37,Cash on Delivery,Returned,1
102824,2024-05-31,CUST3249,Diya Reddy,Headphones,Electronics,South,Bengaluru,3,5594.08,16782.24,10,1678.22,15104.02,Cash on Delivery,Shipped,0
102825,2022-08-11,CUST4396,Sanjay Sharma,Keyboard,Electronics,West,Ahmedabad,2,2139.47,4278.94,10,427.89,3851.05,Net Banking,Shipped,0
102826,2023-05-19,CUST4181,Aadhya Kapoor,Backpack,Accessories,North,Chandigarh,1,2941.13,2941.13,10,294.11,2647.02,Cash on Delivery,Delivered,0
102827,2022-03-16,CUST3337,Aadhya Verma,Backpack,Accessories,South,Kochi,5,2821.61,14108.05,10,1410.81,12697.24,Net Banking,Shipped,0
102828,2024-06-20,CUST4825,Deepa Rao,T-Shirt,Fashion,North,Jaipur,3,1324.96,3974.88,15,596.23,3378.65,UPI,Returned,1
102829,2024-03-19,CUST1545,Ananya Pillai,Headphones,Electronics,East,Patna,1,4218.36,4218.36,5,210.92,4007.44,Credit Card,Cancelled,0
102830,2024-07-03,CUST3041,Riya Nair,Mouse,Electronics,South,Hyderabad,3,497.59,1492.77,10,149.28,1343.49,Debit Card,Delivered,0
102831,2022-11-02,CUST2791,Vivaan Singh,Shoes,Fashion,East,Kolkata,4,5416.21,21664.84,5,1083.24,20581.6,Credit Card,Returned,1
102832,2024-01-31,CUST1989,Myra Iyer,Headphones,Electronics,South,Chennai,1,1700.05,1700.05,15,255.01,1445.04,Credit Card,Delivered,0
102833,2022-03-22,CUST1930,Pooja Agarwal,Backpack,Accessories,East,Kolkata,5,2261.33,11306.65,15,1696.0,9610.65,Credit Card,Cancelled,0
102834,2022-09-14,CUST1819,Ananya Bhat,Mobile,Electronics,North,Jaipur,1,21027.33,21027.33,10,2102.73,18924.6,UPI,Delivered,0
102835,2024-04-15,CUST1795,Meera Reddy,Shoes,Fashion,East,Kolkata,1,5371.9,5371.9,20,1074.38,4297.52,Debit Card,Delivered,0
102836,2022-11-23,CUST1945,Sanjay Kapoor,Headphones,Electronics,South,Chennai,1,2656.68,2656.68,0,0.0,2656.68,Credit Card,Returned,1
102837,2022-03-14,CUST3938,Krishna Iyer,Shoes,Fashion,North,Lucknow,2,1889.6,3779.2,5,188.96,3590.24,Net Banking,Shipped,0
102838,2022-03-11,CUST1045,Reyansh Pillai,Shoes,Fashion,West,Mumbai,1,4780.39,4780.39,5,239.02,4541.37,Debit Card,Shipped,0
102839,2024-11-19,CUST2150,Reyansh Bhat,Laptop,Electronics,North,Lucknow,4,51715.5,206862.0,0,0.0,206862.0,Net Banking,Cancelled,0
102840,2023-03-25,CUST3426,Myra Gupta,Mobile,Electronics,South,Bengaluru,1,61299.25,61299.25,20,12259.85,49039.4,Cash on Delivery,Shipped,0
102841,2024-02-29,CUST4660,Anika Sharma,T-Shirt,Fashion,West,Ahmedabad,4,1346.27,5385.08,0,0.0,5385.08,UPI,Returned,1
102842,2023-04-01,CUST3739,Myra Yadav,Mouse,Electronics,South,Hyderabad,2,1901.39,3802.78,15,570.42,3232.36,Cash on Delivery,Delivered,0
102843,2024-05-27,CUST2485,Sara Kapoor,Headphones,Electronics,South,Bengaluru,2,5935.68,11871.36,15,1780.7,10090.66,UPI,Shipped,0
102844,2024-07-24,CUST2919,Meera Yadav,Watch,Fashion,North,Lucknow,2,14435.01,28870.02,15,4330.5,24539.52,Net Banking,Shipped,0
102845,2024-02-06,CUST4376,Sanjay Malhotra,T-Shirt,Fashion,West,Pune,1,889.83,889.83,5,44.49,845.34,Cash on Delivery,Returned,1
102846,2024-03-22,CUST4591,Kavya Rao,Mouse,Electronics,West,Ahmedabad,4,1798.06,7192.24,15,1078.84,6113.4,Debit Card,Delivered,0
102847,2022-07-11,CUST4394,Deepa Joshi,T-Shirt,Fashion,South,Bengaluru,2,1013.73,2027.46,25,506.87,1520.59,UPI,Delivered,0
102848,2022-01-02,CUST2371,Krishna Kapoor,Watch,Fashion,East,Guwahati,1,14516.43,14516.43,10,1451.64,13064.79,Net Banking,Shipped,0
102849,2023-05-11,CUST2208,Suresh Pillai,Headphones,Electronics,South,Kochi,2,1899.47,3798.94,5,189.95,3608.99,Net Banking,Returned,1
102850,2023-02-16,CUST2424,Anika Malhotra,Keyboard,Electronics,East,Guwahati,1,2914.87,2914.87,15,437.23,2477.64,Net Banking,Delivered,0
102851,2024-08-20,CUST3009,Vivaan Kapoor,Mobile,Electronics,West,Ahmedabad,2,44273.86,88547.72,15,13282.16,75265.56,Credit Card,Shipped,0
102852,2024-02-18,CUST1907,Amit Agarwal,Keyboard,Electronics,North,Lucknow,3,864.16,2592.48,15,388.87,2203.61,UPI,Cancelled,0
102853,2023-02-23,CUST2851,Rohan Kapoor,Headphones,Electronics,South,Kochi,3,4120.67,12362.01,15,1854.3,10507.71,Debit Card,Shipped,0
102854,2022-01-22,CUST3127,Rohan Bhat,Laptop,Electronics,South,Bengaluru,2,68272.14,136544.28,15,20481.64,116062.64,Net Banking,Shipped,0
102855,2023-09-16,CUST4168,Suresh Pillai,Mouse,Electronics,South,Bengaluru,3,757.32,2271.96,20,454.39,1817.57,Debit Card,Delivered,0
102856,2024-06-01,CUST4223,Rakesh Verma,T-Shirt,Fashion,West,Pune,3,1095.44,3286.32,15,492.95,2793.37,Credit Card,Shipped,0
102857,2022-08-09,CUST2433,Aarav Joshi,Watch,Fashion,East,Bhubaneswar,2,23059.28,46118.56,5,2305.93,43812.63,Credit Card,Returned,1
102858,2023-03-14,CUST3210,Neha Iyer,Shoes,Fashion,West,Ahmedabad,2,6283.65,12567.3,20,2513.46,10053.84,Credit Card,Cancelled,0
102859,2022-03-03,CUST2593,Amit Mehta,Shoes,Fashion,East,Kolkata,3,5303.72,15911.16,25,3977.79,11933.37,Credit Card,Shipped,0
102860,2024-06-25,CUST3165,Aditya Malhotra,Mouse,Electronics,South,Bengaluru,3,1273.5,3820.5,15,573.08,3247.42,Credit Card,Returned,1
102861,2024-11-06,CUST1877,Ananya Yadav,T-Shirt,Fashion,South,Kochi,1,1532.17,1532.17,10,153.22,1378.95,Net Banking,Cancelled,0
102862,2024-03-09,CUST4285,Ishaan Agarwal,T-Shirt,Fashion,North,Lucknow,3,433.75,1301.25,5,65.06,1236.19,Net Banking,Cancelled,0
102863,2024-12-18,CUST2351,Isha Yadav,Watch,Fashion,West,Pune,1,6490.53,6490.53,15,973.58,5516.95,Debit Card,Delivered,0
102864,2022-05-11,CUST3236,Aarav Kapoor,Headphones,Electronics,West,Pune,4,5739.41,22957.64,10,2295.76,20661.88,Debit Card,Delivered,0
102865,2022-05-01,CUST2648,Reyansh Desai,Backpack,Accessories,North,Jaipur,2,1868.7,3737.4,10,373.74,3363.66,Credit Card,Returned,1
102866,2023-01-17,CUST4327,Sai Gupta,Laptop,Electronics,South,Kochi,2,112690.52,225381.04,0,0.0,225381.04,Cash on Delivery,Delivered,0
102867,2024-04-17,CUST3912,Neha Kapoor,Mobile,Electronics,North,Lucknow,3,75107.98,225323.94,10,22532.39,202791.55,Credit Card,Cancelled,0
102868,2023-03-17,CUST1536,Reyansh Chopra,Camera,Electronics,East,Kolkata,1,48141.91,48141.91,0,0.0,48141.91,Net Banking,Returned,1
102869,2022-02-23,CUST2387,Sai Malhotra,T-Shirt,Fashion,South,Kochi,1,1531.64,1531.64,10,153.16,1378.48,Credit Card,Returned,1
102870,2023-12-26,CUST1387,Deepa Pillai,Shoes,Fashion,North,Delhi,1,5805.44,5805.44,0,0.0,5805.44,Debit Card,Cancelled,0
102871,2022-08-26,CUST3561,Reyansh Agarwal,T-Shirt,Fashion,North,Jaipur,3,907.91,2723.73,20,544.75,2178.98,Cash on Delivery,Returned,1
102872,2024-04-23,CUST1333,Anika Pillai,Mobile,Electronics,North,Jaipur,2,55622.53,111245.06,15,16686.76,94558.3,Net Banking,Shipped,0
102873,2022-10-30,CUST3896,Meera Reddy,T-Shirt,Fashion,South,Kochi,1,361.29,361.29,0,0.0,361.29,Credit Card,Returned,1
102874,2022-11-11,CUST1850,Riya Iyer,Headphones,Electronics,East,Patna,1,7412.55,7412.55,15,1111.88,6300.67,Net Banking,Delivered,0
102875,2023-06-28,CUST4865,Vivaan Verma,Headphones,Electronics,North,Lucknow,1,3341.7,3341.7,25,835.42,2506.28,Cash on Delivery,Returned,1
102876,2022-11-13,CUST2044,Neha Pillai,Keyboard,Electronics,South,Bengaluru,5,2384.74,11923.7,10,1192.37,10731.33,Net Banking,Delivered,0
102877,2022-09-26,CUST3661,Pooja Verma,T-Shirt,Fashion,North,Chandigarh,1,1351.23,1351.23,20,270.25,1080.98,Debit Card,Cancelled,0
102878,2022-07-11,CUST1482,Sai Gupta,Keyboard,Electronics,West,Surat,3,3820.67,11462.01,25,2865.5,8596.51,UPI,Delivered,0
102879,2023-04-17,CUST4456,Deepa Yadav,T-Shirt,Fashion,South,Bengaluru,2,1653.87,3307.74,15,496.16,2811.58,Debit Card,Cancelled,0
102880,2022-10-05,CUST4227,Vivaan Rao,Watch,Fashion,West,Pune,1,8924.2,8924.2,10,892.42,8031.78,Net Banking,Returned,1
102881,2022-08-04,CUST4610,Deepa Sharma,Headphones,Electronics,North,Jaipur,4,3254.07,13016.28,10,1301.63,11714.65,Net Banking,Returned,1
102882,2023-12-06,CUST1266,Sai Patel,Watch,Fashion,East,Kolkata,3,10828.56,32485.68,10,3248.57,29237.11,Credit Card,Delivered,0
102883,2022-01-28,CUST4060,Ishaan Nair,Headphones,Electronics,East,Bhubaneswar,4,842.38,3369.52,0,0.0,3369.52,Credit Card,Cancelled,0
102884,2023-04-29,CUST3309,Ishaan Rao,Mouse,Electronics,West,Mumbai,3,1399.04,4197.12,0,0.0,4197.12,Cash on Delivery,Cancelled,0
102885,2024-10-24,CUST4390,Vivaan Rao,Mobile,Electronics,North,Jaipur,1,41719.15,41719.15,10,4171.91,37547.24,Credit Card,Cancelled,0
102886,2023-12-15,CUST2995,Riya Verma,Headphones,Electronics,East,Guwahati,1,3668.3,3668.3,10,366.83,3301.47,Debit Card,Returned,1
102887,2024-01-06,CUST4717,Myra Pillai,Laptop,Electronics,North,Jaipur,1,47161.39,47161.39,15,7074.21,40087.18,Cash on Delivery,Delivered,0
102888,2022-06-25,CUST4303,Vikram Yadav,Mouse,Electronics,North,Lucknow,3,1679.62,5038.86,5,251.94,4786.92,UPI,Returned,1
102889,2024-03-31,CUST2202,Vihaan Desai,Mobile,Electronics,North,Delhi,2,78391.13,156782.26,5,7839.11,148943.15,Debit Card,Returned,1
102890,2024-07-02,CUST1495,Isha Patel,Mouse,Electronics,West,Ahmedabad,3,331.51,994.53,25,248.63,745.9,UPI,Shipped,0
102891,2024-03-30,CUST3435,Vikram Bhat,Mouse,Electronics,South,Kochi,2,1989.59,3979.18,5,198.96,3780.22,Net Banking,Shipped,0
102892,2023-08-28,CUST1257,Vivaan Singh,Mouse,Electronics,South,Bengaluru,1,1113.07,1113.07,5,55.65,1057.42,UPI,Returned,1
102893,2023-07-15,CUST2393,Sai Reddy,Mobile,Electronics,West,Surat,5,25708.82,128544.1,15,19281.62,109262.48,Debit Card,Delivered,0
102894,2023-09-25,CUST4598,Meera Agarwal,Headphones,Electronics,South,Kochi,4,804.95,3219.8,5,160.99,3058.81,Net Banking,Cancelled,0
102895,2024-01-08,CUST2353,Suresh Iyer,Camera,Electronics,South,Bengaluru,2,48969.0,97938.0,5,4896.9,93041.1,Debit Card,Shipped,0
102896,2023-04-16,CUST1992,Rohan Kumar,Keyboard,Electronics,East,Bhubaneswar,3,2560.14,7680.42,10,768.04,6912.38,UPI,Shipped,0
102897,2023-06-13,CUST3971,Vikram Iyer,Headphones,Electronics,North,Delhi,1,1413.42,1413.42,0,0.0,1413.42,Net Banking,Delivered,0
102898,2024-09-21,CUST2086,Sara Iyer,Camera,Electronics,West,Ahmedabad,5,40627.01,203135.05,0,0.0,203135.05,Cash on Delivery,Cancelled,0
102899,2023-09-15,CUST1395,Vivaan Kumar,Keyboard,Electronics,East,Guwahati,4,2426.85,9707.4,15,1456.11,8251.29,Debit Card,Returned,1
102900,2024-11-24,CUST1446,Aditya Kapoor,Camera,Electronics,South,Chennai,1,23680.43,23680.43,15,3552.06,20128.37,Net Banking,Cancelled,0
102901,2024-11-29,CUST4091,Sanjay Yadav,Backpack,Accessories,West,Surat,1,1914.68,1914.68,25,478.67,1436.01,Credit Card,Cancelled,0
102902,2024-05-04,CUST3057,Reyansh Joshi,Mouse,Electronics,West,Ahmedabad,2,1341.64,2683.28,25,670.82,2012.46,Credit Card,Cancelled,0
102903,2023-08-29,CUST1525,Pooja Singh,T-Shirt,Fashion,West,Pune,1,1447.93,1447.93,10,144.79,1303.14,Debit Card,Delivered,0
102904,2022-02-21,CUST2022,Ananya Verma,Mobile,Electronics,North,Delhi,1,46741.23,46741.23,10,4674.12,42067.11,Net Banking,Returned,1
102905,2023-06-21,CUST2936,Myra Agarwal,Laptop,Electronics,South,Chennai,3,79817.73,239453.19,10,23945.32,215507.87,UPI,Shipped,0
102906,2024-10-22,CUST3961,Myra Patel,Mouse,Electronics,South,Kochi,3,1471.01,4413.03,10,441.3,3971.73,UPI,Delivered,0
102907,2024-03-09,CUST3474,Anika Chopra,Headphones,Electronics,North,Chandigarh,2,1320.24,2640.48,20,528.1,2112.38,Debit Card,Returned,1
102908,2022-06-18,CUST1900,Ishaan Nair,Keyboard,Electronics,North,Lucknow,2,881.13,1762.26,15,264.34,1497.92,UPI,Cancelled,0
102909,2024-02-22,CUST2443,Suresh Joshi,Backpack,Accessories,East,Kolkata,1,2091.69,2091.69,5,104.58,1987.11,Credit Card,Delivered,0
102910,2022-09-08,CUST1928,Amit Chopra,Shoes,Fashion,South,Chennai,1,4232.89,4232.89,15,634.93,3597.96,UPI,Shipped,0
102911,2024-08-15,CUST1103,Aarav Patel,Keyboard,Electronics,West,Ahmedabad,4,4231.35,16925.4,5,846.27,16079.13,UPI,Cancelled,0
102912,2023-12-30,CUST3936,Priya Bhat,Backpack,Accessories,East,Patna,1,1893.51,1893.51,10,189.35,1704.16,Credit Card,Returned,1
102913,2022-11-11,CUST2045,Aadhya Yadav,Mouse,Electronics,East,Kolkata,4,1347.56,5390.24,10,539.02,4851.22,Debit Card,Shipped,0
102914,2023-03-08,CUST1656,Reyansh Gupta,Keyboard,Electronics,South,Chennai,2,2464.18,4928.36,5,246.42,4681.94,Cash on Delivery,Cancelled,0
102915,2023-02-28,CUST2278,Amit Gupta,Headphones,Electronics,North,Jaipur,1,1094.89,1094.89,20,218.98,875.91,Cash on Delivery,Delivered,0
102916,2024-07-29,CUST2649,Aarav Iyer,T-Shirt,Fashion,North,Chandigarh,3,799.0,2397.0,10,239.7,2157.3,UPI,Shipped,0
102917,2022-10-13,CUST4491,Sai Bhat,Mouse,Electronics,South,Hyderabad,2,308.21,616.42,25,154.1,462.32,UPI,Cancelled,0
102918,2023-03-12,CUST2701,Deepa Kapoor,Headphones,Electronics,North,Lucknow,4,5444.14,21776.56,0,0.0,21776.56,Net Banking,Cancelled,0
102919,2023-02-09,CUST4712,Deepa Sharma,T-Shirt,Fashion,North,Jaipur,4,543.81,2175.24,5,108.76,2066.48,Debit Card,Returned,1
102920,2022-03-17,CUST2642,Vikram Agarwal,Laptop,Electronics,East,Patna,3,119855.5,359566.5,10,35956.65,323609.85,Debit Card,Returned,1
102921,2023-06-26,CUST3134,Reyansh Mehta,Mouse,Electronics,North,Jaipur,2,2474.78,4949.56,0,0.0,4949.56,Debit Card,Shipped,0
102922,2022-11-12,CUST1484,Ishaan Singh,Laptop,Electronics,East,Kolkata,1,79272.65,79272.65,5,3963.63,75309.02,UPI,Delivered,0
102923,2023-04-07,CUST2033,Rakesh Agarwal,Backpack,Accessories,West,Pune,2,2769.08,5538.16,10,553.82,4984.34,Cash on Delivery,Delivered,0
102924,2024-02-02,CUST1683,Riya Nair,T-Shirt,Fashion,North,Chandigarh,3,1190.11,3570.33,25,892.58,2677.75,Net Banking,Cancelled,0
102925,2024-03-17,CUST3033,Ananya Malhotra,Camera,Electronics,East,Guwahati,3,22893.34,68680.02,0,0.0,68680.02,UPI,Shipped,0
102926,2024-05-20,CUST4413,Aditya Reddy,Headphones,Electronics,South,Kochi,2,4345.07,8690.14,10,869.01,7821.13,Net Banking,Shipped,0
102927,2023-09-02,CUST4222,Sai Rao,Laptop,Electronics,North,Jaipur,5,41202.77,206013.85,5,10300.69,195713.16,Net Banking,Shipped,0
102928,2022-08-24,CUST1135,Diya Sharma,Shoes,Fashion,West,Pune,1,4298.82,4298.82,15,644.82,3654.0,UPI,Cancelled,0
102929,2023-01-11,CUST2690,Pooja Reddy,Camera,Electronics,North,Lucknow,3,28372.49,85117.47,10,8511.75,76605.72,Cash on Delivery,Delivered,0
102930,2024-12-10,CUST4277,Isha Gupta,Laptop,Electronics,South,Chennai,4,57231.62,228926.48,10,22892.65,206033.83,Cash on Delivery,Shipped,0
102931,2022-07-03,CUST1918,Ananya Desai,Mouse,Electronics,West,Ahmedabad,4,1848.88,7395.52,0,0.0,7395.52,Net Banking,Returned,1
102932,2024-03-03,CUST1149,Myra Singh,T-Shirt,Fashion,East,Kolkata,2,1238.99,2477.98,10,247.8,2230.18,UPI,Returned,1
102933,2023-04-04,CUST1234,Amit Singh,Watch,Fashion,East,Kolkata,1,5513.17,5513.17,5,275.66,5237.51,Debit Card,Delivered,0
102934,2024-08-18,CUST2482,Vihaan Chopra,Mobile,Electronics,South,Kochi,3,44545.37,133636.11,5,6681.81,126954.3,Credit Card,Cancelled,0
102935,2023-09-24,CUST1392,Amit Yadav,Shoes,Fashion,East,Bhubaneswar,4,3637.8,14551.2,0,0.0,14551.2,Cash on Delivery,Returned,1
102936,2024-05-18,CUST2664,Sara Mehta,Shoes,Fashion,East,Bhubaneswar,3,1924.17,5772.51,20,1154.5,4618.01,UPI,Shipped,0
102937,2024-08-29,CUST3051,Reyansh Chopra,T-Shirt,Fashion,South,Kochi,4,400.65,1602.6,15,240.39,1362.21,Credit Card,Returned,1
102938,2023-02-03,CUST2121,Deepa Rao,Mouse,Electronics,West,Surat,4,2099.29,8397.16,20,1679.43,6717.73,Credit Card,Cancelled,0
102939,2023-12-20,CUST4311,Meera Agarwal,Laptop,Electronics,West,Mumbai,1,52064.99,52064.99,10,5206.5,46858.49,UPI,Returned,1
102940,2024-06-25,CUST2428,Pooja Patel,Laptop,Electronics,East,Guwahati,3,67915.91,203747.73,15,30562.16,173185.57,Net Banking,Returned,1
102941,2022-09-23,CUST4172,Ishaan Sharma,Mobile,Electronics,West,Pune,1,44911.55,44911.55,5,2245.58,42665.97,Credit Card,Returned,1
102942,2024-12-09,CUST2289,Meera Agarwal,Mobile,Electronics,North,Chandigarh,1,61443.73,61443.73,10,6144.37,55299.36,Credit Card,Returned,1
102943,2022-03-08,CUST3150,Sanjay Desai,Keyboard,Electronics,East,Patna,2,607.94,1215.88,10,121.59,1094.29,Credit Card,Delivered,0
102944,2022-09-05,CUST3461,Krishna Rao,Backpack,Accessories,South,Chennai,1,2427.46,2427.46,25,606.87,1820.59,Net Banking,Shipped,0
102945,2023-03-05,CUST1357,Vivaan Nair,Mouse,Electronics,South,Bengaluru,3,908.73,2726.19,15,408.93,2317.26,UPI,Shipped,0
102946,2022-04-04,CUST2669,Rakesh Kumar,Mobile,Electronics,North,Chandigarh,1,74674.63,74674.63,15,11201.19,63473.44,Cash on Delivery,Delivered,0
102947,2024-08-14,CUST2091,Ishaan Rao,Mobile,Electronics,South,Kochi,3,43982.38,131947.14,5,6597.36,125349.78,Credit Card,Cancelled,0
102948,2024-08-29,CUST2374,Ishaan Gupta,Mouse,Electronics,West,Mumbai,1,2171.68,2171.68,25,542.92,1628.76,UPI,Shipped,0
102949,2022-07-01,CUST3573,Aarav Singh,Watch,Fashion,North,Delhi,3,19238.16,57714.48,5,2885.72,54828.76,Cash on Delivery,Shipped,0
102950,2023-09-05,CUST3424,Sara Nair,Shoes,Fashion,South,Kochi,4,1516.98,6067.92,20,1213.58,4854.34,Credit Card,Shipped,0
102951,2023-06-24,CUST4643,Ishaan Reddy,Shoes,Fashion,South,Kochi,1,1999.35,1999.35,5,99.97,1899.38,Cash on Delivery,Delivered,0
102952,2022-02-16,CUST3738,Rakesh Chopra,Mobile,Electronics,South,Hyderabad,1,85664.91,85664.91,10,8566.49,77098.42,Debit Card,Cancelled,0
102953,2024-06-05,CUST1247,Sanjay Desai,Headphones,Electronics,South,Chennai,4,1008.75,4035.0,10,403.5,3631.5,Net Banking,Delivered,0
102954,2023-03-24,CUST1521,Riya Gupta,Shoes,Fashion,North,Delhi,5,4258.4,21292.0,5,1064.6,20227.4,UPI,Cancelled,0
102955,2022-07-29,CUST4724,Neha Reddy,Keyboard,Electronics,South,Hyderabad,2,3078.43,6156.86,10,615.69,5541.17,Credit Card,Cancelled,0
102956,2022-05-16,CUST3572,Sanjay Verma,Keyboard,Electronics,South,Kochi,1,4166.67,4166.67,10,416.67,3750.0,Cash on Delivery,Delivered,0
102957,2024-07-20,CUST4118,Sara Reddy,Mouse,Electronics,West,Ahmedabad,1,365.92,365.92,10,36.59,329.33,Cash on Delivery,Delivered,0
102958,2023-04-12,CUST4446,Ishaan Kapoor,T-Shirt,Fashion,East,Patna,2,1409.59,2819.18,10,281.92,2537.26,Debit Card,Cancelled,0
102959,2023-06-22,CUST2962,Meera Kumar,Mobile,Electronics,South,Kochi,5,35613.62,178068.1,5,8903.41,169164.69,Cash on Delivery,Cancelled,0
102960,2024-03-09,CUST2006,Rakesh Nair,Headphones,Electronics,South,Bengaluru,1,7041.47,7041.47,10,704.15,6337.32,Net Banking,Shipped,0
102961,2022-03-27,CUST3699,Anika Bhat,Camera,Electronics,South,Hyderabad,3,35103.03,105309.09,5,5265.45,100043.64,Credit Card,Cancelled,0
102962,2024-02-01,CUST4460,Kavya Sharma,Watch,Fashion,West,Pune,1,24901.19,24901.19,25,6225.3,18675.89,Cash on Delivery,Delivered,0
102963,2024-04-03,CUST1896,Isha Reddy,Mobile,Electronics,North,Delhi,1,38289.85,38289.85,5,1914.49,36375.36,Cash on Delivery,Cancelled,0
102964,2022-01-07,CUST2802,Krishna Sharma,Backpack,Accessories,West,Pune,5,2023.9,10119.5,25,2529.88,7589.62,Credit Card,Shipped,0
102965,2024-08-06,CUST1105,Reyansh Singh,Watch,Fashion,East,Kolkata,4,7749.25,30997.0,15,4649.55,26347.45,Cash on Delivery,Cancelled,0
102966,2022-09-20,CUST3720,Reyansh Patel,Camera,Electronics,North,Jaipur,1,37337.05,37337.05,25,9334.26,28002.79,Cash on Delivery,Shipped,0
102967,2022-04-24,CUST4581,Rohan Kapoor,T-Shirt,Fashion,North,Delhi,4,1354.66,5418.64,10,541.86,4876.78,Net Banking,Shipped,0
102968,2023-08-13,CUST1890,Neha Pillai,Camera,Electronics,West,Mumbai,3,51401.9,154205.7,0,0.0,154205.7,Credit Card,Delivered,0
102969,2022-11-04,CUST3613,Ishaan Mehta,T-Shirt,Fashion,South,Kochi,3,1633.22,4899.66,10,489.97,4409.69,Net Banking,Cancelled,0
102970,2023-01-20,CUST4564,Sanjay Kapoor,Mobile,Electronics,North,Delhi,2,15856.3,31712.6,5,1585.63,30126.97,Debit Card,Cancelled,0
102971,2023-01-14,CUST2495,Deepa Chopra,Headphones,Electronics,South,Hyderabad,4,5025.55,20102.2,20,4020.44,16081.76,Cash on Delivery,Delivered,0
102972,2022-09-11,CUST3981,Riya Rao,Shoes,Fashion,East,Kolkata,2,2795.31,5590.62,0,0.0,5590.62,Cash on Delivery,Cancelled,0
102973,2023-08-26,CUST2153,Sara Bhat,Watch,Fashion,South,Hyderabad,1,13143.03,13143.03,10,1314.3,11828.73,Credit Card,Shipped,0
102974,2023-08-18,CUST4757,Vivaan Iyer,Watch,Fashion,East,Patna,3,13348.02,40044.06,0,0.0,40044.06,Credit Card,Delivered,0
102975,2023-03-07,CUST3082,Diya Mehta,Mobile,Electronics,North,Chandigarh,3,38250.06,114750.18,15,17212.53,97537.65,Net Banking,Returned,1
102976,2023-11-07,CUST4144,Rohan Pillai,T-Shirt,Fashion,North,Delhi,2,1382.12,2764.24,15,414.64,2349.6,UPI,Delivered,0
102977,2022-08-29,CUST3106,Arjun Reddy,Shoes,Fashion,East,Guwahati,1,4116.77,4116.77,5,205.84,3910.93,Credit Card,Cancelled,0
102978,2022-03-20,CUST1254,Aarav Desai,Shoes,Fashion,North,Jaipur,3,5448.51,16345.53,5,817.28,15528.25,Net Banking,Delivered,0
102979,2024-05-02,CUST4776,Myra Nair,Laptop,Electronics,West,Ahmedabad,3,59157.72,177473.16,20,35494.63,141978.53,Net Banking,Returned,1
102980,2023-11-07,CUST1905,Diya Malhotra,Camera,Electronics,South,Chennai,1,37545.59,37545.59,15,5631.84,31913.75,UPI,Shipped,0
102981,2022-09-11,CUST4732,Rakesh Kumar,Mobile,Electronics,West,Pune,4,43904.99,175619.96,5,8781.0,166838.96,Cash on Delivery,Delivered,0
102982,2022-08-20,CUST2131,Neha Reddy,Headphones,Electronics,South,Kochi,2,2220.88,4441.76,0,0.0,4441.76,Credit Card,Cancelled,0
102983,2023-08-17,CUST3549,Diya Chopra,Camera,Electronics,South,Bengaluru,1,26316.71,26316.71,10,2631.67,23685.04,Net Banking,Shipped,0
102984,2023-03-16,CUST4253,Reyansh Chopra,Mobile,Electronics,West,Ahmedabad,5,73915.03,369575.15,25,92393.79,277181.36,UPI,Cancelled,0
102985,2022-01-16,CUST1375,Rohan Malhotra,Shoes,Fashion,East,Guwahati,2,1202.22,2404.44,20,480.89,1923.55,Net Banking,Delivered,0
102986,2023-10-20,CUST1382,Sanjay Singh,Backpack,Accessories,South,Bengaluru,1,1382.75,1382.75,0,0.0,1382.75,Credit Card,Returned,1
102987,2023-05-12,CUST3737,Deepa Patel,Watch,Fashion,South,Chennai,1,14432.51,14432.51,20,2886.5,11546.01,Net Banking,Returned,1
102988,2023-02-08,CUST1380,Meera Patel,Mouse,Electronics,North,Jaipur,3,353.78,1061.34,0,0.0,1061.34,Credit Card,Delivered,0
102989,2023-01-24,CUST3898,Amit Iyer,Camera,Electronics,South,Chennai,1,21470.54,21470.54,5,1073.53,20397.01,Cash on Delivery,Returned,1
102990,2023-04-29,CUST3606,Anika Bhat,Keyboard,Electronics,West,Surat,1,2849.74,2849.74,5,142.49,2707.25,Cash on Delivery,Returned,1
102991,2024-07-10,CUST4083,Sara Gupta,Shoes,Fashion,South,Bengaluru,3,4343.65,13030.95,10,1303.1,11727.85,Credit Card,Cancelled,0
102992,2023-04-22,CUST3864,Rohan Kapoor,Mouse,Electronics,West,Surat,2,1945.01,3890.02,5,194.5,3695.52,Debit Card,Returned,1
102993,2024-04-25,CUST4474,Rohan Nair,Camera,Electronics,North,Lucknow,3,31190.3,93570.9,5,4678.55,88892.35,Credit Card,Shipped,0
102994,2024-04-12,CUST3432,Krishna Pillai,Backpack,Accessories,North,Lucknow,4,2959.46,11837.84,15,1775.68,10062.16,Net Banking,Cancelled,0
102995,2024-03-05,CUST3718,Sara Pillai,Mobile,Electronics,South,Kochi,2,78233.74,156467.48,5,7823.37,148644.11,Net Banking,Shipped,0
102996,2023-11-17,CUST4319,Krishna Patel,Camera,Electronics,South,Hyderabad,2,39394.4,78788.8,25,19697.2,59091.6,Net Banking,Returned,1
102997,2022-11-09,CUST4245,Rahul Agarwal,Mobile,Electronics,South,Kochi,2,61941.15,123882.3,5,6194.11,117688.19,Credit Card,Shipped,0
102998,2024-11-29,CUST3708,Aditya Gupta,Watch,Fashion,East,Guwahati,1,23932.58,23932.58,10,2393.26,21539.32,UPI,Returned,1
102999,2024-10-01,CUST4699,Arjun Singh,T-Shirt,Fashion,North,Lucknow,3,1496.47,4489.41,5,224.47,4264.94,Debit Card,Shipped,0
103000,2022-05-12,CUST2694,Reyansh Kapoor,Backpack,Accessories,North,Lucknow,1,2826.11,2826.11,15,423.92,2402.19,Cash on Delivery,Cancelled,0
103001,2024-02-28,CUST3767,Amit Mehta,Shoes,Fashion,West,Ahmedabad,2,2269.8,4539.6,25,1134.9,3404.7,Credit Card,Delivered,0
103002,2023-12-24,CUST4480,Ananya Patel,Shoes,Fashion,East,Patna,4,3478.1,13912.4,10,1391.24,12521.16,Cash on Delivery,Shipped,0
103003,2024-04-28,CUST1678,Suresh Iyer,Headphones,Electronics,West,Surat,3,2680.2,8040.6,5,402.03,7638.57,Net Banking,Shipped,0
103004,2022-12-30,CUST2195,Vivaan Verma,Shoes,Fashion,North,Chandigarh,1,6287.92,6287.92,10,628.79,5659.13,Credit Card,Cancelled,0
103005,2023-05-27,CUST3586,Ananya Patel,Headphones,Electronics,North,Chandigarh,2,4082.57,8165.14,0,0.0,8165.14,Credit Card,Shipped,0
103006,2022-07-27,CUST2296,Krishna Iyer,Watch,Fashion,North,Jaipur,3,16846.05,50538.15,20,10107.63,40430.52,UPI,Delivered,0
103007,2024-10-22,CUST4682,Deepa Desai,T-Shirt,Fashion,South,Bengaluru,3,1783.89,5351.67,20,1070.33,4281.34,Debit Card,Returned,1
103008,2022-09-21,CUST3244,Reyansh Reddy,Mouse,Electronics,South,Chennai,1,1377.93,1377.93,10,137.79,1240.14,Cash on Delivery,Cancelled,0
103009,2024-10-02,CUST2489,Vivaan Verma,Camera,Electronics,North,Delhi,5,44759.4,223797.0,10,22379.7,201417.3,Cash on Delivery,Returned,1
103010,2024-04-12,CUST3451,Diya Yadav,Headphones,Electronics,North,Delhi,2,3316.92,6633.84,20,1326.77,5307.07,Credit Card,Returned,1
103011,2022-08-20,CUST1882,Rakesh Joshi,Backpack,Accessories,South,Chennai,2,2817.57,5635.14,10,563.51,5071.63,Net Banking,Delivered,0
103012,2024-01-21,CUST1164,Vihaan Iyer,Mobile,Electronics,West,Pune,1,85316.28,85316.28,0,0.0,85316.28,UPI,Delivered,0
103013,2023-08-12,CUST4371,Ananya Reddy,Mouse,Electronics,North,Lucknow,4,2452.39,9809.56,0,0.0,9809.56,Net Banking,Returned,1
103014,2022-09-16,CUST2019,Myra Joshi,Shoes,Fashion,North,Chandigarh,1,5572.49,5572.49,0,0.0,5572.49,Debit Card,Shipped,0
103015,2022-06-27,CUST4965,Vikram Rao,Camera,Electronics,North,Chandigarh,2,30925.74,61851.48,0,0.0,61851.48,Debit Card,Shipped,0
103016,2024-05-12,CUST4662,Myra Kumar,Mobile,Electronics,South,Bengaluru,2,20789.21,41578.42,10,4157.84,37420.58,Credit Card,Delivered,0
103017,2022-08-19,CUST4642,Aarav Sharma,Backpack,Accessories,East,Guwahati,3,2288.06,6864.18,0,0.0,6864.18,UPI,Returned,1
103018,2022-06-05,CUST4979,Sanjay Patel,Mobile,Electronics,West,Surat,2,12375.21,24750.42,10,2475.04,22275.38,Credit Card,Delivered,0
103019,2023-05-09,CUST3352,Diya Reddy,Headphones,Electronics,North,Delhi,4,4066.21,16264.84,15,2439.73,13825.11,Debit Card,Cancelled,0
103020,2023-10-17,CUST2355,Aditya Rao,Keyboard,Electronics,East,Bhubaneswar,1,3960.16,3960.16,5,198.01,3762.15,Credit Card,Returned,1
103021,2022-10-30,CUST2621,Ishaan Singh,Shoes,Fashion,West,Surat,3,1954.73,5864.19,20,1172.84,4691.35,Net Banking,Shipped,0
103022,2022-03-12,CUST4506,Rohan Patel,Laptop,Electronics,South,Hyderabad,3,93149.25,279447.75,15,41917.16,237530.59,Net Banking,Shipped,0
103023,2023-01-25,CUST4173,Rohan Agarwal,Camera,Electronics,South,Hyderabad,2,16311.09,32622.18,5,1631.11,30991.07,Cash on Delivery,Returned,1
103024,2024-01-25,CUST1792,Neha Joshi,Mobile,Electronics,East,Bhubaneswar,5,25449.7,127248.5,5,6362.43,120886.07,Credit Card,Delivered,0
103025,2023-06-24,CUST4805,Krishna Pillai,Shoes,Fashion,East,Kolkata,1,5489.94,5489.94,20,1097.99,4391.95,Cash on Delivery,Delivered,0
103026,2022-08-16,CUST2396,Priya Singh,Shoes,Fashion,North,Lucknow,1,3489.56,3489.56,20,697.91,2791.65,Credit Card,Delivered,0
103027,2022-07-09,CUST2532,Myra Bhat,Watch,Fashion,North,Lucknow,4,23106.13,92424.52,15,13863.68,78560.84,Net Banking,Returned,1
103028,2023-04-30,CUST1978,Neha Malhotra,Mouse,Electronics,South,Kochi,2,1277.79,2555.58,0,0.0,2555.58,Net Banking,Shipped,0
103029,2024-02-15,CUST1774,Meera Bhat,Backpack,Accessories,East,Kolkata,5,2776.95,13884.75,15,2082.71,11802.04,Net Banking,Shipped,0
103030,2022-02-27,CUST3922,Sara Yadav,Keyboard,Electronics,East,Kolkata,2,1347.53,2695.06,20,539.01,2156.05,Credit Card,Returned,1
103031,2023-12-28,CUST4031,Priya Kumar,Laptop,Electronics,East,Kolkata,2,94857.63,189715.26,20,37943.05,151772.21,Credit Card,Cancelled,0
103032,2022-01-14,CUST2605,Riya Nair,Mobile,Electronics,East,Patna,2,62779.69,125559.38,20,25111.88,100447.5,UPI,Cancelled,0
103033,2022-11-24,CUST4113,Kavya Sharma,Headphones,Electronics,West,Surat,2,5465.83,10931.66,10,1093.17,9838.49,Debit Card,Delivered,0
103034,2022-02-10,CUST1108,Pooja Gupta,Headphones,Electronics,West,Surat,4,6697.39,26789.56,0,0.0,26789.56,Net Banking,Delivered,0
103035,2022-01-08,CUST1275,Priya Bhat,Watch,Fashion,West,Pune,2,1276.82,2553.64,15,383.05,2170.59,Net Banking,Delivered,0
103036,2023-12-07,CUST2891,Suresh Kapoor,Shoes,Fashion,North,Lucknow,5,3697.73,18488.65,10,1848.87,16639.78,Debit Card,Returned,1
103037,2024-02-29,CUST4608,Sara Kumar,Shoes,Fashion,West,Surat,4,1373.91,5495.64,15,824.35,4671.29,UPI,Shipped,0
103038,2022-02-27,CUST1828,Aadhya Pillai,Camera,Electronics,North,Jaipur,2,41241.52,82483.04,15,12372.46,70110.58,UPI,Delivered,0
103039,2022-11-02,CUST4544,Vivaan Chopra,Mobile,Electronics,West,Ahmedabad,2,73650.71,147301.42,15,22095.21,125206.21,Net Banking,Cancelled,0
103040,2024-07-30,CUST3992,Rakesh Joshi,Camera,Electronics,West,Ahmedabad,2,49219.31,98438.62,15,14765.79,83672.83,Net Banking,Cancelled,0
103041,2023-06-29,CUST2704,Vikram Kapoor,T-Shirt,Fashion,West,Pune,2,420.63,841.26,10,84.13,757.13,UPI,Delivered,0
103042,2024-07-09,CUST2847,Rohan Desai,Shoes,Fashion,North,Delhi,3,4992.61,14977.83,10,1497.78,13480.05,UPI,Shipped,0
103043,2024-08-19,CUST1726,Sanjay Gupta,Watch,Fashion,North,Jaipur,3,8504.1,25512.3,10,2551.23,22961.07,Credit Card,Delivered,0
103044,2024-05-22,CUST1504,Rahul Malhotra,Mobile,Electronics,North,Delhi,4,58542.36,234169.44,0,0.0,234169.44,UPI,Cancelled,0
103045,2023-03-08,CUST3778,Diya Iyer,Headphones,Electronics,South,Kochi,1,1441.14,1441.14,10,144.11,1297.03,Net Banking,Returned,1
103046,2024-03-16,CUST3111,Sara Kumar,Backpack,Accessories,North,Delhi,1,2476.76,2476.76,10,247.68,2229.08,Cash on Delivery,Delivered,0
103047,2023-07-21,CUST4916,Sanjay Bhat,Shoes,Fashion,South,Chennai,2,2756.3,5512.6,10,551.26,4961.34,Debit Card,Shipped,0
103048,2024-01-25,CUST1945,Vihaan Pillai,Shoes,Fashion,North,Delhi,1,4027.77,4027.77,10,402.78,3624.99,Net Banking,Shipped,0
103049,2023-11-19,CUST4249,Vikram Sharma,Watch,Fashion,West,Pune,1,6460.47,6460.47,10,646.05,5814.42,UPI,Delivered,0
103050,2024-09-14,CUST3968,Neha Desai,Keyboard,Electronics,South,Hyderabad,3,3744.46,11233.38,10,1123.34,10110.04,Cash on Delivery,Delivered,0
103051,2023-10-16,CUST2014,Reyansh Chopra,Shoes,Fashion,West,Mumbai,2,2041.5,4083.0,20,816.6,3266.4,Credit Card,Shipped,0
103052,2024-07-29,CUST3535,Sai Verma,T-Shirt,Fashion,West,Mumbai,1,829.12,829.12,10,82.91,746.21,Net Banking,Shipped,0
103053,2023-01-17,CUST2050,Vikram Yadav,Laptop,Electronics,South,Chennai,2,94655.51,189311.02,10,18931.1,170379.92,Credit Card,Cancelled,0
103054,2024-12-02,CUST2329,Anika Mehta,Keyboard,Electronics,North,Delhi,2,2010.27,4020.54,20,804.11,3216.43,UPI,Cancelled,0
103055,2022-08-06,CUST1064,Vivaan Patel,Backpack,Accessories,South,Hyderabad,1,3322.3,3322.3,15,498.35,2823.95,Credit Card,Shipped,0
103056,2022-11-04,CUST1437,Vihaan Sharma,Laptop,Electronics,North,Chandigarh,4,85405.39,341621.56,5,17081.08,324540.48,Debit Card,Delivered,0
103057,2023-05-18,CUST4977,Diya Pillai,T-Shirt,Fashion,West,Surat,3,1710.19,5130.57,15,769.59,4360.98,Debit Card,Cancelled,0
103058,2024-10-19,CUST2227,Vivaan Reddy,Mobile,Electronics,North,Jaipur,4,80906.85,323627.4,0,0.0,323627.4,Cash on Delivery,Delivered,0
103059,2022-11-27,CUST2236,Isha Singh,Shoes,Fashion,South,Bengaluru,3,5775.64,17326.92,20,3465.38,13861.54,Credit Card,Cancelled,0
103060,2023-12-01,CUST4248,Neha Nair,Mobile,Electronics,West,Ahmedabad,2,22175.98,44351.96,20,8870.39,35481.57,Cash on Delivery,Cancelled,0
103061,2022-06-20,CUST2008,Sanjay Pillai,Mouse,Electronics,East,Bhubaneswar,1,849.91,849.91,5,42.5,807.41,UPI,Cancelled,0
103062,2023-06-15,CUST3952,Aadhya Verma,Laptop,Electronics,North,Chandigarh,2,40275.01,80550.02,25,20137.51,60412.51,Net Banking,Cancelled,0
103063,2024-01-03,CUST1777,Vihaan Agarwal,Backpack,Accessories,South,Chennai,5,2408.63,12043.15,25,3010.79,9032.36,Cash on Delivery,Delivered,0
103064,2022-12-05,CUST2997,Rohan Gupta,Mobile,Electronics,North,Jaipur,3,68789.28,206367.84,15,30955.18,175412.66,Cash on Delivery,Cancelled,0
103065,2022-06-25,CUST2105,Sara Mehta,Mobile,Electronics,South,Kochi,2,82341.13,164682.26,5,8234.11,156448.15,Credit Card,Returned,1
103066,2022-05-18,CUST3853,Ananya Rao,Camera,Electronics,North,Lucknow,2,29386.26,58772.52,20,11754.5,47018.02,Debit Card,Delivered,0
103067,2022-05-02,CUST1727,Neha Mehta,Mobile,Electronics,South,Kochi,3,17011.22,51033.66,10,5103.37,45930.29,UPI,Returned,1
103068,2022-11-24,CUST4729,Riya Malhotra,Laptop,Electronics,East,Bhubaneswar,1,84716.19,84716.19,0,0.0,84716.19,Cash on Delivery,Returned,1
103069,2024-01-12,CUST4691,Neha Agarwal,Watch,Fashion,South,Bengaluru,1,7965.0,7965.0,15,1194.75,6770.25,Debit Card,Cancelled,0
103070,2022-11-29,CUST1442,Priya Sharma,Watch,Fashion,East,Kolkata,1,5208.12,5208.12,5,260.41,4947.71,Cash on Delivery,Cancelled,0
103071,2024-06-11,CUST3103,Meera Kapoor,Shoes,Fashion,South,Bengaluru,1,4367.97,4367.97,10,436.8,3931.17,Credit Card,Returned,1
103072,2022-09-13,CUST2872,Krishna Agarwal,T-Shirt,Fashion,South,Hyderabad,3,1138.45,3415.35,15,512.3,2903.05,Debit Card,Delivered,0
103073,2023-10-04,CUST3946,Reyansh Kumar,Mobile,Electronics,West,Mumbai,5,34285.87,171429.35,5,8571.47,162857.88,Net Banking,Shipped,0
103074,2023-03-22,CUST2649,Vihaan Chopra,Camera,Electronics,South,Bengaluru,4,18934.96,75739.84,0,0.0,75739.84,Credit Card,Cancelled,0
103075,2022-10-30,CUST2616,Vikram Nair,T-Shirt,Fashion,East,Bhubaneswar,1,1137.56,1137.56,25,284.39,853.17,Cash on Delivery,Returned,1
103076,2022-10-13,CUST4839,Ananya Iyer,Headphones,Electronics,West,Surat,4,5334.07,21336.28,25,5334.07,16002.21,Debit Card,Shipped,0
103077,2022-10-03,CUST3669,Meera Reddy,Laptop,Electronics,North,Chandigarh,2,38345.14,76690.28,10,7669.03,69021.25,UPI,Shipped,0
103078,2023-09-12,CUST3870,Vivaan Bhat,Watch,Fashion,East,Guwahati,3,22856.3,68568.9,10,6856.89,61712.01,UPI,Cancelled,0
103079,2022-04-17,CUST4410,Aarav Iyer,Shoes,Fashion,South,Chennai,1,3413.4,3413.4,5,170.67,3242.73,Credit Card,Cancelled,0
103080,2024-10-06,CUST2161,Suresh Kumar,Keyboard,Electronics,East,Patna,4,574.68,2298.72,15,344.81,1953.91,Net Banking,Returned,1
103081,2024-12-25,CUST3431,Riya Reddy,Shoes,Fashion,West,Pune,2,1923.94,3847.88,5,192.39,3655.49,Cash on Delivery,Delivered,0
103082,2023-10-16,CUST1899,Neha Singh,Headphones,Electronics,South,Kochi,4,7665.22,30660.88,15,4599.13,26061.75,Debit Card,Returned,1
103083,2022-12-07,CUST3249,Sanjay Pillai,T-Shirt,Fashion,East,Bhubaneswar,4,1091.37,4365.48,5,218.27,4147.21,UPI,Returned,1
103084,2023-04-21,CUST4167,Diya Pillai,Mouse,Electronics,South,Kochi,4,1922.71,7690.84,0,0.0,7690.84,Debit Card,Returned,1
103085,2023-01-19,CUST3665,Amit Patel,Keyboard,Electronics,North,Jaipur,3,783.11,2349.33,0,0.0,2349.33,UPI,Returned,1
103086,2022-01-07,CUST2535,Aadhya Desai,Keyboard,Electronics,South,Hyderabad,3,3379.66,10138.98,5,506.95,9632.03,UPI,Cancelled,0
103087,2023-12-11,CUST3066,Myra Agarwal,Backpack,Accessories,East,Patna,3,2714.83,8144.49,15,1221.67,6922.82,UPI,Shipped,0
103088,2024-01-05,CUST4199,Aditya Yadav,Mouse,Electronics,East,Guwahati,1,455.52,455.52,10,45.55,409.97,Cash on Delivery,Cancelled,0
103089,2022-07-26,CUST3899,Reyansh Reddy,Laptop,Electronics,South,Hyderabad,1,49561.77,49561.77,20,9912.35,39649.42,Net Banking,Delivered,0
103090,2022-07-23,CUST2682,Aarav Yadav,Backpack,Accessories,East,Kolkata,2,1421.42,2842.84,10,284.28,2558.56,Credit Card,Shipped,0
103091,2023-12-30,CUST1040,Pooja Yadav,Shoes,Fashion,South,Bengaluru,3,6373.03,19119.09,20,3823.82,15295.27,UPI,Shipped,0
103092,2023-06-19,CUST4547,Arjun Rao,Mobile,Electronics,East,Patna,1,28225.43,28225.43,20,5645.09,22580.34,Debit Card,Shipped,0
103093,2022-12-20,CUST1458,Reyansh Bhat,Shoes,Fashion,West,Surat,4,6263.61,25054.44,25,6263.61,18790.83,Debit Card,Cancelled,0
103094,2023-04-17,CUST3763,Diya Joshi,Headphones,Electronics,South,Kochi,1,6505.65,6505.65,10,650.57,5855.08,Net Banking,Returned,1
103095,2023-10-12,CUST2000,Riya Rao,Shoes,Fashion,East,Patna,4,6243.62,24974.48,0,0.0,24974.48,Debit Card,Delivered,0
103096,2022-08-04,CUST3191,Vikram Sharma,Shoes,Fashion,West,Pune,1,2612.55,2612.55,20,522.51,2090.04,Debit Card,Shipped,0
103097,2022-02-23,CUST4334,Aarav Iyer,T-Shirt,Fashion,South,Chennai,1,976.38,976.38,15,146.46,829.92,Net Banking,Cancelled,0
103098,2022-03-18,CUST1528,Suresh Verma,T-Shirt,Fashion,North,Delhi,1,955.35,955.35,10,95.53,859.82,Credit Card,Returned,1
103099,2024-11-26,CUST1256,Ishaan Rao,Camera,Electronics,South,Hyderabad,1,25113.08,25113.08,10,2511.31,22601.77,UPI,Shipped,0
103100,2023-07-31,CUST3350,Riya Yadav,Mouse,Electronics,East,Guwahati,2,1711.36,3422.72,15,513.41,2909.31,Debit Card,Returned,1
103101,2024-10-11,CUST3966,Ishaan Reddy,Shoes,Fashion,West,Mumbai,1,1618.81,1618.81,0,0.0,1618.81,Debit Card,Returned,1
103102,2023-08-26,CUST1007,Priya Agarwal,Keyboard,Electronics,South,Chennai,1,2145.43,2145.43,0,0.0,2145.43,Cash on Delivery,Cancelled,0
103103,2024-07-21,CUST1545,Riya Joshi,Camera,Electronics,North,Jaipur,1,19878.35,19878.35,5,993.92,18884.43,Credit Card,Cancelled,0
103104,2024-08-08,CUST3003,Arjun Patel,Backpack,Accessories,East,Bhubaneswar,3,1494.18,4482.54,5,224.13,4258.41,Credit Card,Delivered,0
103105,2024-10-14,CUST4711,Neha Bhat,Mouse,Electronics,West,Mumbai,3,2061.62,6184.86,10,618.49,5566.37,Net Banking,Cancelled,0
103106,2024-08-09,CUST1527,Amit Patel,Shoes,Fashion,South,Kochi,3,6039.82,18119.46,20,3623.89,14495.57,Debit Card,Delivered,0
103107,2024-11-03,CUST1159,Aadhya Iyer,Keyboard,Electronics,East,Kolkata,2,2795.04,5590.08,15,838.51,4751.57,Debit Card,Shipped,0
103108,2022-06-23,CUST4392,Rahul Pillai,Laptop,Electronics,South,Hyderabad,2,97837.43,195674.86,10,19567.49,176107.37,Net Banking,Cancelled,0
103109,2022-03-24,CUST2424,Krishna Gupta,Keyboard,Electronics,South,Bengaluru,2,4397.92,8795.84,15,1319.38,7476.46,Credit Card,Returned,1
103110,2023-05-04,CUST3950,Amit Agarwal,Shoes,Fashion,West,Ahmedabad,3,5980.17,17940.51,0,0.0,17940.51,Net Banking,Returned,1
103111,2022-06-16,CUST2295,Amit Malhotra,Headphones,Electronics,North,Jaipur,4,5126.84,20507.36,15,3076.1,17431.26,Net Banking,Shipped,0
103112,2022-04-22,CUST4946,Pooja Pillai,Laptop,Electronics,North,Chandigarh,1,61691.14,61691.14,10,6169.11,55522.03,UPI,Shipped,0
103113,2023-12-15,CUST4095,Pooja Mehta,Camera,Electronics,East,Bhubaneswar,2,41269.21,82538.42,5,4126.92,78411.5,Credit Card,Delivered,0
103114,2024-04-26,CUST3861,Myra Pillai,Keyboard,Electronics,East,Patna,1,3537.28,3537.28,0,0.0,3537.28,Net Banking,Returned,1
103115,2022-03-06,CUST2865,Pooja Verma,T-Shirt,Fashion,West,Pune,3,1651.36,4954.08,0,0.0,4954.08,Cash on Delivery,Returned,1
103116,2022-05-20,CUST2208,Vihaan Singh,Headphones,Electronics,East,Kolkata,5,955.98,4779.9,15,716.99,4062.91,Credit Card,Delivered,0
103117,2022-02-17,CUST3260,Neha Joshi,Mouse,Electronics,North,Chandigarh,2,1381.92,2763.84,15,414.58,2349.26,Credit Card,Shipped,0
103118,2023-08-22,CUST1242,Rohan Desai,Mouse,Electronics,South,Bengaluru,2,865.65,1731.3,5,86.56,1644.74,UPI,Shipped,0
103119,2024-08-12,CUST1945,Sanjay Sharma,Laptop,Electronics,South,Kochi,2,44773.33,89546.66,0,0.0,89546.66,Cash on Delivery,Delivered,0
103120,2022-03-01,CUST1551,Myra Iyer,Keyboard,Electronics,North,Chandigarh,4,3271.75,13087.0,15,1963.05,11123.95,Debit Card,Cancelled,0
103121,2023-06-10,CUST4091,Meera Verma,Laptop,Electronics,West,Surat,4,83135.05,332540.2,15,49881.03,282659.17,UPI,Returned,1
103122,2024-06-24,CUST4597,Meera Yadav,Keyboard,Electronics,East,Kolkata,1,4342.03,4342.03,10,434.2,3907.83,Cash on Delivery,Cancelled,0
103123,2024-12-16,CUST4805,Vihaan Gupta,T-Shirt,Fashion,West,Pune,1,1570.15,1570.15,5,78.51,1491.64,UPI,Shipped,0
103124,2024-01-02,CUST4340,Neha Agarwal,Keyboard,Electronics,North,Chandigarh,4,1653.65,6614.6,0,0.0,6614.6,Cash on Delivery,Cancelled,0
103125,2023-05-19,CUST4700,Ishaan Iyer,Mobile,Electronics,North,Delhi,1,38743.5,38743.5,0,0.0,38743.5,UPI,Shipped,0
103126,2023-11-09,CUST1565,Reyansh Agarwal,Shoes,Fashion,South,Chennai,2,3035.46,6070.92,15,910.64,5160.28,Credit Card,Shipped,0
103127,2022-08-21,CUST3621,Riya Sharma,Mobile,Electronics,North,Lucknow,1,14916.2,14916.2,5,745.81,14170.39,Cash on Delivery,Returned,1
103128,2022-03-09,CUST1723,Diya Kumar,Headphones,Electronics,North,Delhi,2,2584.5,5169.0,10,516.9,4652.1,Net Banking,Shipped,0
103129,2023-05-16,CUST4343,Pooja Chopra,Camera,Electronics,West,Ahmedabad,1,40869.16,40869.16,10,4086.92,36782.24,UPI,Returned,1
103130,2023-10-03,CUST3338,Amit Yadav,Keyboard,Electronics,South,Chennai,2,2197.68,4395.36,0,0.0,4395.36,UPI,Shipped,0
103131,2024-06-17,CUST3192,Sanjay Mehta,Watch,Fashion,South,Chennai,2,17902.28,35804.56,10,3580.46,32224.1,Credit Card,Delivered,0
103132,2023-09-29,CUST4272,Vivaan Singh,Headphones,Electronics,South,Chennai,3,5299.04,15897.12,0,0.0,15897.12,Cash on Delivery,Shipped,0
103133,2023-02-27,CUST4587,Amit Mehta,Keyboard,Electronics,North,Jaipur,3,2872.65,8617.95,20,1723.59,6894.36,Net Banking,Shipped,0
103134,2024-11-07,CUST3810,Aditya Malhotra,Headphones,Electronics,South,Bengaluru,2,7467.61,14935.22,10,1493.52,13441.7,Cash on Delivery,Cancelled,0
103135,2023-07-29,CUST3016,Neha Desai,Shoes,Fashion,West,Ahmedabad,1,5323.62,5323.62,5,266.18,5057.44,Debit Card,Delivered,0
103136,2023-09-19,CUST4304,Kavya Joshi,Shoes,Fashion,South,Hyderabad,4,2431.45,9725.8,10,972.58,8753.22,Net Banking,Shipped,0
103137,2024-06-08,CUST2491,Arjun Pillai,Backpack,Accessories,North,Delhi,2,2423.77,4847.54,10,484.75,4362.79,Debit Card,Delivered,0
103138,2023-08-18,CUST1084,Rahul Agarwal,Mobile,Electronics,West,Surat,2,27457.47,54914.94,20,10982.99,43931.95,Net Banking,Delivered,0
103139,2023-06-03,CUST3994,Rakesh Chopra,Watch,Fashion,North,Delhi,1,21345.37,21345.37,0,0.0,21345.37,Debit Card,Cancelled,0
103140,2023-04-01,CUST2919,Arjun Nair,Keyboard,Electronics,East,Kolkata,1,2236.56,2236.56,10,223.66,2012.9,Net Banking,Cancelled,0
103141,2023-08-31,CUST3808,Reyansh Gupta,Backpack,Accessories,South,Chennai,2,1512.97,3025.94,15,453.89,2572.05,Cash on Delivery,Returned,1
103142,2024-11-07,CUST2059,Suresh Kapoor,Mouse,Electronics,West,Pune,1,429.18,429.18,20,85.84,343.34,Net Banking,Delivered,0
103143,2024-10-19,CUST3334,Riya Nair,Laptop,Electronics,West,Surat,3,65386.44,196159.32,15,29423.9,166735.42,Debit Card,Delivered,0
103144,2023-12-27,CUST4002,Priya Pillai,Mouse,Electronics,East,Patna,5,973.85,4869.25,15,730.39,4138.86,Credit Card,Returned,1
103145,2022-10-22,CUST3167,Myra Gupta,T-Shirt,Fashion,West,Pune,2,629.92,1259.84,0,0.0,1259.84,Credit Card,Returned,1
103146,2023-03-04,CUST2948,Isha Kumar,Keyboard,Electronics,North,Lucknow,5,1619.44,8097.2,0,0.0,8097.2,Debit Card,Returned,1
103147,2023-07-24,CUST2377,Pooja Agarwal,Mouse,Electronics,North,Chandigarh,5,895.37,4476.85,0,0.0,4476.85,Credit Card,Cancelled,0
103148,2023-12-19,CUST3897,Aarav Kumar,Mobile,Electronics,North,Lucknow,3,27743.91,83231.73,0,0.0,83231.73,Cash on Delivery,Cancelled,0
103149,2022-12-14,CUST3941,Rakesh Kapoor,Headphones,Electronics,South,Chennai,1,6379.6,6379.6,5,318.98,6060.62,Credit Card,Returned,1
103150,2023-06-27,CUST4358,Reyansh Iyer,Headphones,Electronics,South,Kochi,2,6521.04,13042.08,5,652.1,12389.98,Net Banking,Shipped,0
103151,2023-01-19,CUST1490,Aditya Chopra,Shoes,Fashion,North,Lucknow,3,3812.17,11436.51,5,571.83,10864.68,UPI,Returned,1
103152,2023-05-30,CUST2578,Neha Kapoor,Backpack,Accessories,North,Chandigarh,1,2214.35,2214.35,5,110.72,2103.63,Credit Card,Shipped,0
103153,2024-01-01,CUST1456,Aadhya Iyer,Watch,Fashion,East,Guwahati,5,23249.39,116246.95,5,5812.35,110434.6,UPI,Shipped,0
103154,2024-01-11,CUST3550,Vivaan Desai,Backpack,Accessories,South,Bengaluru,3,2486.69,7460.07,0,0.0,7460.07,UPI,Shipped,0
103155,2023-01-30,CUST4855,Vikram Nair,Keyboard,Electronics,West,Surat,2,3818.41,7636.82,5,381.84,7254.98,Debit Card,Returned,1
103156,2024-02-04,CUST3152,Meera Sharma,Camera,Electronics,East,Patna,1,54148.19,54148.19,5,2707.41,51440.78,UPI,Returned,1
103157,2024-09-05,CUST4865,Aditya Singh,Headphones,Electronics,South,Bengaluru,1,1223.3,1223.3,5,61.16,1162.14,Cash on Delivery,Returned,1
103158,2022-03-19,CUST1858,Arjun Iyer,Camera,Electronics,South,Hyderabad,2,24812.43,49624.86,25,12406.22,37218.64,Credit Card,Returned,1
103159,2022-12-09,CUST4354,Reyansh Sharma,Camera,Electronics,West,Surat,5,19599.51,97997.55,10,9799.75,88197.8,Net Banking,Shipped,0
103160,2024-08-10,CUST1693,Ananya Sharma,T-Shirt,Fashion,South,Bengaluru,4,1602.4,6409.6,20,1281.92,5127.68,Credit Card,Cancelled,0
103161,2023-12-17,CUST2329,Sara Desai,Laptop,Electronics,North,Lucknow,5,39001.74,195008.7,10,19500.87,175507.83,Net Banking,Delivered,0
103162,2022-03-30,CUST4394,Rohan Yadav,Mobile,Electronics,East,Patna,5,9395.77,46978.85,5,2348.94,44629.91,Cash on Delivery,Delivered,0
103163,2024-10-24,CUST1427,Kavya Mehta,Shoes,Fashion,North,Lucknow,2,4383.34,8766.68,15,1315.0,7451.68,Debit Card,Delivered,0
103164,2023-07-08,CUST4740,Sanjay Mehta,T-Shirt,Fashion,West,Ahmedabad,4,544.78,2179.12,5,108.96,2070.16,Debit Card,Returned,1
103165,2023-02-01,CUST3477,Suresh Joshi,Backpack,Accessories,East,Patna,5,1536.34,7681.7,10,768.17,6913.53,UPI,Shipped,0
103166,2022-03-10,CUST4663,Myra Bhat,Keyboard,Electronics,West,Ahmedabad,1,3636.45,3636.45,25,909.11,2727.34,UPI,Delivered,0
103167,2024-07-03,CUST1308,Ishaan Yadav,T-Shirt,Fashion,East,Guwahati,3,1416.87,4250.61,20,850.12,3400.49,Credit Card,Returned,1
103168,2023-04-29,CUST2843,Rahul Malhotra,Camera,Electronics,North,Chandigarh,2,21049.45,42098.9,10,4209.89,37889.01,Cash on Delivery,Delivered,0
103169,2023-03-12,CUST2766,Vikram Gupta,T-Shirt,Fashion,East,Patna,1,1035.43,1035.43,0,0.0,1035.43,Debit Card,Delivered,0
103170,2023-07-08,CUST2199,Myra Sharma,Laptop,Electronics,South,Chennai,5,56987.82,284939.1,5,14246.95,270692.15,UPI,Returned,1
103171,2023-01-01,CUST1571,Kavya Malhotra,Backpack,Accessories,South,Chennai,2,1357.03,2714.06,10,271.41,2442.65,UPI,Delivered,0
103172,2024-10-13,CUST2491,Vihaan Kumar,Backpack,Accessories,West,Pune,3,3381.66,10144.98,5,507.25,9637.73,Debit Card,Cancelled,0
103173,2023-12-01,CUST4532,Myra Kapoor,Mouse,Electronics,West,Pune,5,639.46,3197.3,5,159.87,3037.43,Cash on Delivery,Returned,1
103174,2024-02-19,CUST3377,Aarav Sharma,Watch,Fashion,South,Bengaluru,2,4576.3,9152.6,5,457.63,8694.97,Credit Card,Cancelled,0
103175,2022-04-05,CUST1126,Neha Reddy,T-Shirt,Fashion,West,Mumbai,4,833.78,3335.12,10,333.51,3001.61,Net Banking,Shipped,0
103176,2023-01-23,CUST3111,Arjun Malhotra,Keyboard,Electronics,West,Ahmedabad,1,4140.86,4140.86,5,207.04,3933.82,UPI,Delivered,0
103177,2024-06-22,CUST4016,Priya Sharma,Mobile,Electronics,South,Hyderabad,3,64051.94,192155.82,25,48038.96,144116.86,UPI,Cancelled,0
103178,2023-05-06,CUST1128,Krishna Pillai,Shoes,Fashion,West,Surat,1,3692.83,3692.83,25,923.21,2769.62,Cash on Delivery,Cancelled,0
103179,2024-06-15,CUST1976,Aditya Agarwal,Backpack,Accessories,West,Mumbai,3,2719.1,8157.3,25,2039.33,6117.97,Credit Card,Shipped,0
103180,2023-09-09,CUST4027,Priya Sharma,T-Shirt,Fashion,West,Surat,2,1618.73,3237.46,20,647.49,2589.97,UPI,Returned,1
103181,2024-10-19,CUST2122,Rohan Patel,Mobile,Electronics,North,Jaipur,4,44407.27,177629.08,0,0.0,177629.08,Debit Card,Delivered,0
103182,2024-08-20,CUST1848,Sai Rao,Headphones,Electronics,South,Hyderabad,4,5319.92,21279.68,5,1063.98,20215.7,Net Banking,Delivered,0
103183,2024-12-09,CUST1502,Vikram Singh,Laptop,Electronics,East,Bhubaneswar,1,48687.82,48687.82,5,2434.39,46253.43,Debit Card,Returned,1
103184,2022-01-14,CUST4883,Rohan Nair,Mobile,Electronics,South,Bengaluru,1,65592.8,65592.8,0,0.0,65592.8,Debit Card,Returned,1
103185,2023-06-29,CUST3662,Vihaan Pillai,T-Shirt,Fashion,North,Jaipur,2,1689.31,3378.62,10,337.86,3040.76,Credit Card,Cancelled,0
103186,2022-07-22,CUST2517,Isha Joshi,Mouse,Electronics,South,Hyderabad,2,1505.72,3011.44,20,602.29,2409.15,Net Banking,Shipped,0
103187,2024-08-28,CUST2576,Pooja Rao,Shoes,Fashion,East,Guwahati,5,5487.73,27438.65,25,6859.66,20578.99,UPI,Cancelled,0
103188,2023-12-02,CUST3400,Deepa Kumar,Mouse,Electronics,West,Surat,5,403.11,2015.55,10,201.56,1813.99,Cash on Delivery,Delivered,0
103189,2024-11-29,CUST1550,Aadhya Kapoor,Mouse,Electronics,South,Hyderabad,5,455.34,2276.7,10,227.67,2049.03,Credit Card,Returned,1
103190,2022-01-11,CUST3813,Kavya Patel,Watch,Fashion,South,Kochi,5,12338.87,61694.35,5,3084.72,58609.63,Credit Card,Shipped,0
103191,2023-04-21,CUST2768,Rahul Kapoor,T-Shirt,Fashion,South,Bengaluru,2,1230.62,2461.24,10,246.12,2215.12,Net Banking,Delivered,0
103192,2022-03-18,CUST4277,Krishna Singh,Laptop,Electronics,North,Chandigarh,4,46873.87,187495.48,10,18749.55,168745.93,UPI,Shipped,0
103193,2023-05-05,CUST4673,Krishna Sharma,Camera,Electronics,North,Delhi,1,36759.43,36759.43,5,1837.97,34921.46,Net Banking,Cancelled,0
103194,2024-10-24,CUST2405,Anika Mehta,Camera,Electronics,North,Delhi,4,35332.41,141329.64,15,21199.45,120130.19,UPI,Delivered,0
103195,2022-06-03,CUST2687,Ishaan Reddy,T-Shirt,Fashion,South,Hyderabad,1,769.85,769.85,5,38.49,731.36,UPI,Shipped,0
103196,2024-07-16,CUST1818,Riya Bhat,Watch,Fashion,South,Hyderabad,2,18038.77,36077.54,10,3607.75,32469.79,Credit Card,Shipped,0
103197,2024-06-03,CUST3691,Vikram Iyer,T-Shirt,Fashion,South,Bengaluru,3,825.86,2477.58,25,619.39,1858.19,UPI,Cancelled,0
103198,2024-12-29,CUST2339,Suresh Kumar,Keyboard,Electronics,West,Ahmedabad,3,3478.2,10434.6,10,1043.46,9391.14,Credit Card,Shipped,0
103199,2024-05-19,CUST2255,Suresh Yadav,Mouse,Electronics,West,Mumbai,3,1949.94,5849.82,25,1462.45,4387.37,UPI,Shipped,0
103200,2024-06-02,CUST4426,Sara Chopra,Shoes,Fashion,South,Chennai,3,3102.67,9308.01,20,1861.6,7446.41,Net Banking,Delivered,0
103201,2022-04-10,CUST1537,Aditya Sharma,Camera,Electronics,South,Kochi,1,34255.46,34255.46,15,5138.32,29117.14,Net Banking,Cancelled,0
103202,2023-01-20,CUST1650,Anika Pillai,Shoes,Fashion,West,Mumbai,3,6482.13,19446.39,5,972.32,18474.07,Debit Card,Cancelled,0
103203,2023-07-16,CUST3994,Vikram Chopra,Camera,Electronics,West,Mumbai,4,47066.06,188264.24,15,28239.64,160024.6,Net Banking,Shipped,0
103204,2022-07-12,CUST2740,Isha Mehta,Mouse,Electronics,North,Jaipur,4,1890.88,7563.52,10,756.35,6807.17,Debit Card,Shipped,0
103205,2023-01-22,CUST2569,Pooja Kumar,Mouse,Electronics,North,Lucknow,3,2467.9,7403.7,10,740.37,6663.33,Net Banking,Shipped,0
103206,2024-12-15,CUST1268,Priya Joshi,Headphones,Electronics,South,Bengaluru,5,904.35,4521.75,0,0.0,4521.75,UPI,Delivered,0
103207,2023-07-28,CUST4112,Diya Sharma,Laptop,Electronics,West,Mumbai,1,59062.01,59062.01,5,2953.1,56108.91,Credit Card,Shipped,0
103208,2024-08-11,CUST2085,Aarav Kumar,Watch,Fashion,North,Lucknow,5,13468.69,67343.45,20,13468.69,53874.76,Net Banking,Returned,1
103209,2022-12-23,CUST3877,Krishna Mehta,Laptop,Electronics,North,Lucknow,1,112120.39,112120.39,0,0.0,112120.39,UPI,Shipped,0
103210,2023-12-28,CUST2805,Ananya Nair,Keyboard,Electronics,West,Pune,4,2455.85,9823.4,15,1473.51,8349.89,Debit Card,Delivered,0
103211,2022-08-07,CUST4840,Rohan Pillai,Mouse,Electronics,North,Lucknow,2,1346.79,2693.58,5,134.68,2558.9,Credit Card,Delivered,0
103212,2022-09-19,CUST1734,Meera Nair,Camera,Electronics,North,Chandigarh,2,19230.11,38460.22,20,7692.04,30768.18,Debit Card,Returned,1
103213,2023-06-06,CUST3607,Priya Iyer,Shoes,Fashion,East,Bhubaneswar,5,2836.18,14180.9,25,3545.22,10635.68,Cash on Delivery,Shipped,0
103214,2023-11-08,CUST4652,Sara Singh,Keyboard,Electronics,South,Kochi,1,2974.92,2974.92,15,446.24,2528.68,Net Banking,Returned,1
103215,2022-03-30,CUST4764,Krishna Pillai,Laptop,Electronics,West,Surat,1,94912.75,94912.75,20,18982.55,75930.2,Cash on Delivery,Cancelled,0
103216,2024-01-13,CUST3735,Ananya Pillai,Camera,Electronics,East,Kolkata,1,32664.17,32664.17,10,3266.42,29397.75,Net Banking,Returned,1
103217,2022-03-10,CUST4507,Priya Agarwal,Camera,Electronics,West,Pune,1,44575.82,44575.82,10,4457.58,40118.24,Debit Card,Cancelled,0
103218,2023-03-18,CUST2188,Isha Nair,Mobile,Electronics,East,Kolkata,1,31364.6,31364.6,5,1568.23,29796.37,UPI,Shipped,0
103219,2022-10-29,CUST3586,Sai Sharma,Laptop,Electronics,North,Lucknow,3,82891.31,248673.93,15,37301.09,211372.84,Net Banking,Shipped,0
103220,2022-11-18,CUST1192,Myra Kapoor,Backpack,Accessories,South,Chennai,1,3245.14,3245.14,10,324.51,2920.63,Net Banking,Shipped,0
103221,2023-03-24,CUST4074,Reyansh Bhat,T-Shirt,Fashion,West,Surat,5,813.43,4067.15,10,406.71,3660.44,Cash on Delivery,Returned,1
103222,2022-10-15,CUST3993,Ananya Kapoor,Mobile,Electronics,North,Delhi,1,12514.38,12514.38,0,0.0,12514.38,UPI,Shipped,0
103223,2022-09-04,CUST3264,Aadhya Singh,Mouse,Electronics,East,Guwahati,5,2246.36,11231.8,5,561.59,10670.21,Credit Card,Returned,1
103224,2023-08-11,CUST2448,Priya Agarwal,Laptop,Electronics,West,Mumbai,1,58308.5,58308.5,10,5830.85,52477.65,Debit Card,Shipped,0
103225,2023-11-13,CUST2280,Vihaan Pillai,Mouse,Electronics,West,Ahmedabad,5,1996.69,9983.45,5,499.17,9484.28,UPI,Returned,1
103226,2024-03-02,CUST2478,Diya Malhotra,Shoes,Fashion,North,Delhi,4,3782.17,15128.68,0,0.0,15128.68,UPI,Delivered,0
103227,2024-07-05,CUST1628,Pooja Mehta,Watch,Fashion,South,Kochi,1,19898.26,19898.26,15,2984.74,16913.52,Debit Card,Returned,1
103228,2022-11-24,CUST2335,Sai Kumar,Headphones,Electronics,South,Kochi,3,4514.03,13542.09,15,2031.31,11510.78,Cash on Delivery,Shipped,0
103229,2022-09-25,CUST2624,Krishna Desai,Camera,Electronics,East,Patna,2,51712.36,103424.72,15,15513.71,87911.01,Debit Card,Delivered,0
103230,2024-08-24,CUST1317,Vivaan Bhat,Mouse,Electronics,North,Delhi,1,2358.57,2358.57,5,117.93,2240.64,Cash on Delivery,Shipped,0
103231,2024-01-11,CUST2275,Rahul Kumar,Keyboard,Electronics,West,Pune,1,2738.26,2738.26,0,0.0,2738.26,Net Banking,Cancelled,0
103232,2022-09-30,CUST1104,Anika Nair,Keyboard,Electronics,East,Bhubaneswar,3,1977.12,5931.36,0,0.0,5931.36,Credit Card,Returned,1
103233,2023-08-26,CUST2650,Sanjay Desai,Shoes,Fashion,West,Ahmedabad,1,1204.84,1204.84,10,120.48,1084.36,Net Banking,Cancelled,0
103234,2024-06-01,CUST3488,Isha Agarwal,Shoes,Fashion,East,Kolkata,1,6371.14,6371.14,10,637.11,5734.03,Credit Card,Delivered,0
103235,2023-03-07,CUST3070,Sara Rao,Laptop,Electronics,East,Bhubaneswar,2,93164.13,186328.26,0,0.0,186328.26,Net Banking,Returned,1
103236,2024-05-24,CUST2952,Sai Malhotra,Headphones,Electronics,West,Ahmedabad,5,918.08,4590.4,5,229.52,4360.88,Net Banking,Shipped,0
103237,2022-11-22,CUST3588,Aadhya Iyer,Headphones,Electronics,South,Chennai,1,7374.35,7374.35,0,0.0,7374.35,UPI,Returned,1
103238,2022-04-23,CUST2914,Pooja Nair,Laptop,Electronics,East,Guwahati,5,104703.2,523516.0,15,78527.4,444988.6,Debit Card,Delivered,0
103239,2022-08-04,CUST1410,Vivaan Chopra,Headphones,Electronics,North,Lucknow,1,2610.12,2610.12,20,522.02,2088.1,UPI,Delivered,0
103240,2024-10-25,CUST2581,Priya Bhat,Laptop,Electronics,East,Guwahati,1,39096.77,39096.77,10,3909.68,35187.09,Net Banking,Delivered,0
103241,2023-06-06,CUST4088,Vikram Sharma,T-Shirt,Fashion,East,Guwahati,5,1243.31,6216.55,5,310.83,5905.72,Credit Card,Returned,1
103242,2022-06-27,CUST2118,Krishna Joshi,Keyboard,Electronics,East,Patna,1,4328.31,4328.31,15,649.25,3679.06,Credit Card,Delivered,0
103243,2022-09-06,CUST4035,Isha Malhotra,Backpack,Accessories,West,Pune,3,1741.27,5223.81,0,0.0,5223.81,Debit Card,Returned,1
103244,2024-10-08,CUST3587,Meera Iyer,Keyboard,Electronics,North,Chandigarh,3,3718.0,11154.0,15,1673.1,9480.9,Debit Card,Delivered,0
103245,2023-03-17,CUST4130,Vihaan Kapoor,Watch,Fashion,South,Bengaluru,1,17228.08,17228.08,5,861.4,16366.68,Cash on Delivery,Shipped,0
103246,2023-02-04,CUST3609,Krishna Agarwal,Mobile,Electronics,North,Delhi,3,28477.28,85431.84,0,0.0,85431.84,Debit Card,Shipped,0
103247,2023-01-11,CUST3249,Krishna Gupta,Keyboard,Electronics,East,Patna,4,2874.59,11498.36,5,574.92,10923.44,Debit Card,Delivered,0
103248,2023-05-17,CUST2990,Vihaan Pillai,Watch,Fashion,West,Surat,1,21043.1,21043.1,5,1052.15,19990.95,Credit Card,Returned,1
103249,2022-06-12,CUST4558,Myra Agarwal,Mobile,Electronics,South,Bengaluru,1,9461.96,9461.96,0,0.0,9461.96,Net Banking,Returned,1
103250,2023-06-11,CUST4726,Reyansh Kapoor,Mobile,Electronics,West,Pune,4,23107.27,92429.08,5,4621.45,87807.63,Credit Card,Returned,1
103251,2024-08-10,CUST4677,Rahul Verma,Shoes,Fashion,North,Delhi,2,4925.18,9850.36,5,492.52,9357.84,Net Banking,Shipped,0
103252,2022-04-20,CUST1972,Vivaan Yadav,T-Shirt,Fashion,South,Chennai,2,1122.91,2245.82,5,112.29,2133.53,Cash on Delivery,Cancelled,0
103253,2022-12-10,CUST3728,Vihaan Agarwal,T-Shirt,Fashion,North,Lucknow,1,1384.42,1384.42,15,207.66,1176.76,Debit Card,Cancelled,0
103254,2023-12-19,CUST2574,Sai Pillai,Backpack,Accessories,North,Lucknow,1,2805.16,2805.16,10,280.52,2524.64,Debit Card,Returned,1
103255,2023-12-11,CUST1678,Pooja Joshi,Headphones,Electronics,South,Bengaluru,4,1435.46,5741.84,0,0.0,5741.84,UPI,Delivered,0
103256,2022-06-20,CUST3070,Isha Pillai,T-Shirt,Fashion,West,Pune,1,910.11,910.11,15,136.52,773.59,Cash on Delivery,Returned,1
103257,2022-10-05,CUST1735,Meera Sharma,Camera,Electronics,North,Chandigarh,5,33731.25,168656.25,20,33731.25,134925.0,Net Banking,Delivered,0
103258,2022-02-02,CUST1167,Sai Singh,Mobile,Electronics,North,Lucknow,2,79848.5,159697.0,15,23954.55,135742.45,UPI,Delivered,0
103259,2022-02-17,CUST2478,Rohan Sharma,Watch,Fashion,East,Kolkata,2,20404.69,40809.38,25,10202.34,30607.04,Debit Card,Returned,1
103260,2023-10-17,CUST2062,Aarav Kapoor,Keyboard,Electronics,North,Jaipur,4,742.59,2970.36,5,148.52,2821.84,UPI,Delivered,0
103261,2024-06-12,CUST3015,Myra Yadav,T-Shirt,Fashion,South,Hyderabad,2,1059.61,2119.22,0,0.0,2119.22,UPI,Delivered,0
103262,2023-11-27,CUST1951,Suresh Kapoor,Backpack,Accessories,East,Bhubaneswar,5,2695.95,13479.75,10,1347.97,12131.78,Credit Card,Cancelled,0
103263,2024-06-25,CUST3246,Krishna Kumar,Mobile,Electronics,South,Bengaluru,1,82124.37,82124.37,10,8212.44,73911.93,UPI,Returned,1
103264,2022-07-04,CUST1258,Sanjay Singh,Headphones,Electronics,South,Bengaluru,4,4739.43,18957.72,5,947.89,18009.83,Cash on Delivery,Delivered,0
103265,2022-03-22,CUST1732,Diya Sharma,Keyboard,Electronics,North,Chandigarh,4,3899.33,15597.32,10,1559.73,14037.59,Cash on Delivery,Cancelled,0
103266,2024-08-30,CUST3945,Rakesh Patel,Laptop,Electronics,North,Jaipur,1,92324.69,92324.69,15,13848.7,78475.99,Credit Card,Cancelled,0
103267,2024-11-10,CUST4899,Anika Agarwal,Camera,Electronics,South,Kochi,1,29065.75,29065.75,20,5813.15,23252.6,UPI,Returned,1
103268,2022-02-21,CUST3224,Rohan Joshi,Keyboard,Electronics,East,Kolkata,1,4321.31,4321.31,15,648.2,3673.11,Cash on Delivery,Delivered,0
103269,2023-11-18,CUST3047,Neha Rao,Camera,Electronics,West,Mumbai,3,51556.56,154669.68,0,0.0,154669.68,Credit Card,Cancelled,0
103270,2022-03-01,CUST1159,Vihaan Desai,Mouse,Electronics,South,Kochi,5,1585.84,7929.2,5,396.46,7532.74,Credit Card,Returned,1
103271,2024-08-13,CUST1528,Sanjay Verma,Watch,Fashion,North,Delhi,2,8492.88,16985.76,0,0.0,16985.76,UPI,Cancelled,0
103272,2022-11-29,CUST3691,Myra Pillai,Headphones,Electronics,East,Kolkata,1,7893.27,7893.27,25,1973.32,5919.95,Credit Card,Delivered,0
103273,2023-01-09,CUST3146,Anika Nair,Headphones,Electronics,South,Chennai,3,1227.09,3681.27,20,736.25,2945.02,Net Banking,Returned,1
103274,2023-01-25,CUST3869,Reyansh Mehta,Watch,Fashion,South,Chennai,2,13148.34,26296.68,5,1314.83,24981.85,UPI,Cancelled,0
103275,2024-10-27,CUST1800,Isha Rao,Shoes,Fashion,West,Mumbai,1,5946.39,5946.39,0,0.0,5946.39,Net Banking,Shipped,0
103276,2023-05-24,CUST1952,Riya Bhat,Watch,Fashion,West,Ahmedabad,4,8011.13,32044.52,5,1602.23,30442.29,Debit Card,Returned,1
103277,2024-05-02,CUST2659,Amit Pillai,Mobile,Electronics,East,Guwahati,4,37091.07,148364.28,15,22254.64,126109.64,Net Banking,Shipped,0
103278,2023-10-01,CUST4846,Vikram Sharma,Headphones,Electronics,West,Pune,2,3201.13,6402.26,25,1600.57,4801.69,Debit Card,Cancelled,0
103279,2022-08-27,CUST1376,Ishaan Kumar,Mouse,Electronics,East,Kolkata,4,1204.23,4816.92,5,240.85,4576.07,Credit Card,Cancelled,0
103280,2022-12-17,CUST3279,Rakesh Kapoor,Mobile,Electronics,South,Chennai,1,64811.85,64811.85,5,3240.59,61571.26,UPI,Shipped,0
103281,2022-08-29,CUST1833,Pooja Joshi,Mouse,Electronics,North,Lucknow,1,1310.61,1310.61,5,65.53,1245.08,Credit Card,Delivered,0
103282,2023-11-12,CUST1682,Aadhya Joshi,Laptop,Electronics,West,Pune,1,43946.5,43946.5,5,2197.32,41749.18,Net Banking,Shipped,0
103283,2024-01-22,CUST3556,Aditya Singh,Camera,Electronics,East,Patna,1,40018.4,40018.4,5,2000.92,38017.48,Debit Card,Delivered,0
103284,2023-08-14,CUST3442,Sai Malhotra,Camera,Electronics,North,Chandigarh,1,34644.77,34644.77,15,5196.72,29448.05,Credit Card,Returned,1
103285,2024-10-12,CUST4325,Diya Malhotra,T-Shirt,Fashion,West,Pune,1,1406.24,1406.24,5,70.31,1335.93,Net Banking,Returned,1
103286,2022-06-04,CUST1902,Rakesh Kapoor,Camera,Electronics,South,Bengaluru,1,27643.38,27643.38,0,0.0,27643.38,Credit Card,Cancelled,0
103287,2022-12-18,CUST4031,Ishaan Mehta,Laptop,Electronics,South,Chennai,5,111303.21,556516.05,0,0.0,556516.05,UPI,Cancelled,0
103288,2023-05-04,CUST3191,Pooja Desai,Keyboard,Electronics,West,Mumbai,3,867.16,2601.48,5,130.07,2471.41,Credit Card,Cancelled,0
103289,2024-05-01,CUST2723,Aarav Rao,Mouse,Electronics,West,Ahmedabad,1,404.38,404.38,20,80.88,323.5,Cash on Delivery,Cancelled,0
103290,2023-09-26,CUST4608,Meera Gupta,Watch,Fashion,South,Bengaluru,2,21785.07,43570.14,15,6535.52,37034.62,Debit Card,Returned,1
103291,2022-01-19,CUST4479,Kavya Patel,Headphones,Electronics,West,Mumbai,2,4335.81,8671.62,25,2167.91,6503.71,Cash on Delivery,Delivered,0
103292,2023-01-27,CUST1180,Aditya Rao,Laptop,Electronics,South,Hyderabad,3,43701.9,131105.7,20,26221.14,104884.56,Credit Card,Shipped,0
103293,2024-11-13,CUST1462,Krishna Kumar,Backpack,Accessories,West,Mumbai,1,3460.54,3460.54,5,173.03,3287.51,Net Banking,Returned,1
103294,2024-02-01,CUST3533,Vivaan Pillai,Headphones,Electronics,North,Chandigarh,4,2702.77,10811.08,15,1621.66,9189.42,Net Banking,Delivered,0
103295,2023-08-09,CUST4433,Aditya Nair,Mouse,Electronics,East,Guwahati,2,874.79,1749.58,0,0.0,1749.58,Cash on Delivery,Returned,1
103296,2024-12-28,CUST1277,Suresh Rao,Laptop,Electronics,North,Chandigarh,1,75433.28,75433.28,20,15086.66,60346.62,Debit Card,Shipped,0
103297,2023-07-14,CUST3702,Myra Mehta,Mobile,Electronics,East,Bhubaneswar,2,84055.16,168110.32,5,8405.52,159704.8,Net Banking,Returned,1
103298,2023-04-16,CUST2287,Aarav Mehta,Shoes,Fashion,East,Bhubaneswar,4,5926.95,23707.8,15,3556.17,20151.63,Net Banking,Delivered,0
103299,2024-06-08,CUST2277,Aarav Desai,Shoes,Fashion,South,Kochi,3,4264.58,12793.74,10,1279.37,11514.37,Debit Card,Delivered,0
103300,2023-07-29,CUST3333,Priya Iyer,Camera,Electronics,North,Lucknow,3,44190.53,132571.59,10,13257.16,119314.43,Credit Card,Shipped,0
103301,2024-04-19,CUST2742,Meera Agarwal,Backpack,Accessories,West,Ahmedabad,5,2197.4,10987.0,0,0.0,10987.0,Debit Card,Returned,1
103302,2024-09-22,CUST4265,Ananya Patel,Backpack,Accessories,West,Surat,1,1906.68,1906.68,10,190.67,1716.01,UPI,Shipped,0
103303,2023-08-09,CUST3156,Suresh Gupta,Headphones,Electronics,North,Delhi,2,1732.62,3465.24,5,173.26,3291.98,Debit Card,Delivered,0
103304,2023-04-25,CUST2529,Ananya Agarwal,Backpack,Accessories,West,Pune,4,1994.03,7976.12,5,398.81,7577.31,Net Banking,Delivered,0
103305,2024-07-04,CUST4773,Pooja Rao,Keyboard,Electronics,South,Hyderabad,3,2382.52,7147.56,10,714.76,6432.8,Net Banking,Delivered,0
103306,2023-12-24,CUST2352,Pooja Kumar,Mobile,Electronics,West,Ahmedabad,2,27104.23,54208.46,20,10841.69,43366.77,Credit Card,Returned,1
103307,2022-04-16,CUST4299,Aditya Desai,Camera,Electronics,North,Jaipur,5,44778.81,223894.05,20,44778.81,179115.24,UPI,Delivered,0
103308,2024-05-26,CUST1856,Ananya Singh,Mobile,Electronics,West,Pune,4,56708.07,226832.28,15,34024.84,192807.44,Debit Card,Returned,1
103309,2022-05-04,CUST3722,Priya Iyer,Watch,Fashion,South,Hyderabad,3,15118.26,45354.78,25,11338.69,34016.09,Net Banking,Shipped,0
103310,2022-06-18,CUST1587,Arjun Joshi,T-Shirt,Fashion,South,Bengaluru,2,435.33,870.66,5,43.53,827.13,Cash on Delivery,Delivered,0
103311,2023-02-18,CUST4566,Amit Yadav,Mouse,Electronics,South,Hyderabad,2,1004.36,2008.72,20,401.74,1606.98,Net Banking,Delivered,0
103312,2024-06-08,CUST1089,Pooja Singh,Shoes,Fashion,South,Chennai,2,4344.15,8688.3,10,868.83,7819.47,Credit Card,Shipped,0
103313,2022-06-06,CUST3452,Aditya Kapoor,Laptop,Electronics,North,Jaipur,1,68819.15,68819.15,5,3440.96,65378.19,Credit Card,Cancelled,0
103314,2023-01-22,CUST3832,Amit Reddy,Shoes,Fashion,South,Chennai,2,3819.16,7638.32,15,1145.75,6492.57,Credit Card,Cancelled,0
103315,2023-05-18,CUST1250,Reyansh Iyer,T-Shirt,Fashion,North,Delhi,3,1238.81,3716.43,10,371.64,3344.79,UPI,Shipped,0
103316,2024-05-30,CUST3772,Vivaan Singh,T-Shirt,Fashion,West,Ahmedabad,1,1117.25,1117.25,5,55.86,1061.39,UPI,Returned,1
103317,2022-05-17,CUST1984,Vivaan Malhotra,Backpack,Accessories,East,Bhubaneswar,1,2283.82,2283.82,10,228.38,2055.44,Cash on Delivery,Returned,1
103318,2023-12-02,CUST2546,Sanjay Pillai,Mouse,Electronics,South,Kochi,2,1306.91,2613.82,10,261.38,2352.44,Debit Card,Cancelled,0
103319,2023-11-09,CUST1827,Rakesh Nair,Laptop,Electronics,South,Hyderabad,2,110278.14,220556.28,5,11027.81,209528.47,Net Banking,Shipped,0
103320,2024-01-31,CUST4369,Reyansh Iyer,Mobile,Electronics,West,Mumbai,1,13092.27,13092.27,10,1309.23,11783.04,Debit Card,Returned,1
103321,2022-05-24,CUST2289,Rohan Kapoor,Backpack,Accessories,South,Chennai,1,1773.82,1773.82,15,266.07,1507.75,Cash on Delivery,Shipped,0
103322,2024-05-15,CUST2802,Aarav Agarwal,Mobile,Electronics,East,Kolkata,2,20603.75,41207.5,5,2060.38,39147.12,UPI,Shipped,0
103323,2024-09-04,CUST1439,Kavya Singh,Laptop,Electronics,East,Patna,3,45480.17,136440.51,20,27288.1,109152.41,Credit Card,Cancelled,0
103324,2022-04-22,CUST2154,Sai Malhotra,Mouse,Electronics,West,Pune,3,860.95,2582.85,0,0.0,2582.85,Net Banking,Delivered,0
103325,2024-01-10,CUST1844,Sara Yadav,Backpack,Accessories,South,Hyderabad,4,3311.92,13247.68,5,662.38,12585.3,Cash on Delivery,Shipped,0
103326,2022-06-23,CUST4906,Riya Malhotra,Shoes,Fashion,South,Bengaluru,1,3958.71,3958.71,10,395.87,3562.84,Net Banking,Cancelled,0
103327,2023-07-20,CUST3690,Ananya Agarwal,Laptop,Electronics,West,Ahmedabad,5,67647.91,338239.55,15,50735.93,287503.62,Net Banking,Returned,1
103328,2023-06-13,CUST1695,Aditya Chopra,Laptop,Electronics,West,Surat,1,62321.52,62321.52,5,3116.08,59205.44,Net Banking,Shipped,0
103329,2024-10-25,CUST4121,Riya Desai,Laptop,Electronics,West,Surat,2,66065.65,132131.3,5,6606.56,125524.74,Cash on Delivery,Cancelled,0
103330,2022-03-31,CUST3781,Pooja Yadav,Shoes,Fashion,East,Patna,4,1599.64,6398.56,15,959.78,5438.78,UPI,Delivered,0
103331,2022-02-27,CUST3728,Vivaan Joshi,Keyboard,Electronics,South,Chennai,4,4312.22,17248.88,20,3449.78,13799.1,Debit Card,Cancelled,0
103332,2023-05-24,CUST1400,Vihaan Rao,Camera,Electronics,South,Bengaluru,4,34811.48,139245.92,5,6962.3,132283.62,UPI,Shipped,0
103333,2023-07-04,CUST2325,Diya Desai,Keyboard,Electronics,East,Kolkata,3,2849.62,8548.86,0,0.0,8548.86,Cash on Delivery,Delivered,0
103334,2024-03-29,CUST2386,Aadhya Kapoor,Headphones,Electronics,South,Hyderabad,3,5966.42,17899.26,15,2684.89,15214.37,Debit Card,Cancelled,0
103335,2024-01-05,CUST1449,Pooja Pillai,Camera,Electronics,West,Mumbai,2,50380.48,100760.96,10,10076.1,90684.86,Net Banking,Shipped,0
103336,2023-09-10,CUST1981,Vivaan Malhotra,Mobile,Electronics,South,Kochi,3,15557.02,46671.06,10,4667.11,42003.95,Net Banking,Cancelled,0
103337,2023-10-05,CUST1477,Vihaan Rao,Mouse,Electronics,West,Pune,2,1196.13,2392.26,0,0.0,2392.26,Net Banking,Cancelled,0
103338,2024-11-12,CUST2617,Arjun Chopra,Camera,Electronics,North,Jaipur,2,22515.19,45030.38,0,0.0,45030.38,Credit Card,Cancelled,0
103339,2023-10-01,CUST3374,Anika Agarwal,Watch,Fashion,South,Chennai,1,4658.72,4658.72,15,698.81,3959.91,Net Banking,Delivered,0
103340,2022-06-24,CUST4808,Riya Rao,Shoes,Fashion,South,Kochi,3,5532.75,16598.25,15,2489.74,14108.51,UPI,Returned,1
103341,2023-01-11,CUST4332,Sai Chopra,Keyboard,Electronics,North,Lucknow,2,703.8,1407.6,15,211.14,1196.46,UPI,Returned,1
103342,2024-04-10,CUST1453,Riya Sharma,Watch,Fashion,East,Guwahati,1,6794.44,6794.44,25,1698.61,5095.83,Debit Card,Delivered,0
103343,2022-02-04,CUST2486,Priya Kapoor,Shoes,Fashion,South,Bengaluru,4,1406.67,5626.68,20,1125.34,4501.34,UPI,Shipped,0
103344,2023-12-15,CUST1844,Kavya Desai,Mobile,Electronics,North,Chandigarh,1,72837.46,72837.46,5,3641.87,69195.59,Cash on Delivery,Delivered,0
103345,2022-05-13,CUST4603,Aarav Joshi,Mobile,Electronics,South,Hyderabad,2,68244.26,136488.52,5,6824.43,129664.09,Net Banking,Returned,1
103346,2022-09-19,CUST1713,Rohan Kapoor,Backpack,Accessories,West,Mumbai,1,2912.33,2912.33,10,291.23,2621.1,Cash on Delivery,Shipped,0
103347,2024-04-26,CUST3280,Aditya Gupta,Shoes,Fashion,South,Kochi,1,5345.3,5345.3,0,0.0,5345.3,Debit Card,Cancelled,0
103348,2024-05-29,CUST2349,Deepa Malhotra,T-Shirt,Fashion,East,Bhubaneswar,1,702.11,702.11,25,175.53,526.58,Cash on Delivery,Returned,1
103349,2022-05-12,CUST1384,Neha Gupta,T-Shirt,Fashion,East,Guwahati,5,1308.91,6544.55,10,654.46,5890.09,Debit Card,Cancelled,0
103350,2024-05-18,CUST1936,Isha Agarwal,Headphones,Electronics,South,Bengaluru,2,6525.22,13050.44,0,0.0,13050.44,Debit Card,Returned,1
103351,2023-10-31,CUST2146,Riya Kapoor,Mouse,Electronics,East,Patna,2,1415.66,2831.32,15,424.7,2406.62,Debit Card,Delivered,0
103352,2023-07-24,CUST3009,Aarav Iyer,Mobile,Electronics,North,Lucknow,5,48798.18,243990.9,0,0.0,243990.9,Debit Card,Returned,1
103353,2022-09-16,CUST4902,Deepa Pillai,Mobile,Electronics,North,Lucknow,3,17720.12,53160.36,5,2658.02,50502.34,Credit Card,Returned,1
103354,2024-04-04,CUST3275,Sara Pillai,Mobile,Electronics,South,Bengaluru,3,36726.59,110179.77,20,22035.95,88143.82,Debit Card,Shipped,0
103355,2023-08-22,CUST3472,Rakesh Bhat,Backpack,Accessories,South,Bengaluru,1,3173.68,3173.68,10,317.37,2856.31,Debit Card,Delivered,0
103356,2022-12-13,CUST4714,Suresh Sharma,Camera,Electronics,South,Chennai,4,38975.73,155902.92,10,15590.29,140312.63,Net Banking,Delivered,0
103357,2024-03-30,CUST2672,Pooja Patel,Camera,Electronics,South,Hyderabad,3,32668.69,98006.07,10,9800.61,88205.46,Net Banking,Shipped,0
103358,2024-03-03,CUST3684,Vihaan Malhotra,Mobile,Electronics,South,Hyderabad,1,82080.31,82080.31,5,4104.02,77976.29,Debit Card,Returned,1
103359,2023-08-31,CUST4032,Reyansh Nair,Mobile,Electronics,East,Kolkata,4,86516.26,346065.04,10,34606.5,311458.54,Net Banking,Cancelled,0
103360,2024-06-13,CUST1067,Ananya Mehta,Mobile,Electronics,South,Kochi,4,15222.76,60891.04,20,12178.21,48712.83,Net Banking,Returned,1
103361,2022-10-18,CUST3854,Reyansh Malhotra,Backpack,Accessories,East,Kolkata,3,2566.98,7700.94,15,1155.14,6545.8,UPI,Delivered,0
103362,2024-07-30,CUST2568,Aarav Rao,Mobile,Electronics,West,Pune,2,10236.47,20472.94,0,0.0,20472.94,Credit Card,Shipped,0
103363,2024-06-16,CUST3739,Arjun Sharma,Camera,Electronics,South,Hyderabad,3,31390.5,94171.5,15,14125.73,80045.77,UPI,Returned,1
103364,2022-05-17,CUST4106,Sai Sharma,Headphones,Electronics,North,Lucknow,5,5926.08,29630.4,10,2963.04,26667.36,Net Banking,Shipped,0
103365,2023-02-13,CUST1915,Rahul Pillai,Watch,Fashion,East,Guwahati,4,11400.93,45603.72,5,2280.19,43323.53,Debit Card,Cancelled,0
103366,2022-07-26,CUST2423,Riya Sharma,Laptop,Electronics,West,Pune,5,66903.5,334517.5,10,33451.75,301065.75,Cash on Delivery,Delivered,0
103367,2024-09-28,CUST2301,Aadhya Verma,Mouse,Electronics,East,Patna,2,931.41,1862.82,20,372.56,1490.26,Debit Card,Returned,1
103368,2023-12-01,CUST4662,Ishaan Rao,Laptop,Electronics,South,Kochi,1,55739.04,55739.04,10,5573.9,50165.14,Net Banking,Shipped,0
103369,2024-10-26,CUST1510,Kavya Bhat,T-Shirt,Fashion,East,Guwahati,3,699.58,2098.74,15,314.81,1783.93,Credit Card,Delivered,0
103370,2024-05-09,CUST2114,Arjun Mehta,Backpack,Accessories,West,Ahmedabad,1,1417.4,1417.4,25,354.35,1063.05,Debit Card,Delivered,0
103371,2022-07-05,CUST2581,Sanjay Joshi,Shoes,Fashion,West,Mumbai,3,4055.88,12167.64,10,1216.76,10950.88,Credit Card,Shipped,0
103372,2022-03-13,CUST3126,Myra Reddy,Camera,Electronics,West,Surat,4,15519.84,62079.36,0,0.0,62079.36,Net Banking,Returned,1
103373,2023-08-03,CUST4085,Krishna Agarwal,T-Shirt,Fashion,West,Ahmedabad,2,1680.63,3361.26,15,504.19,2857.07,Credit Card,Returned,1
103374,2024-02-14,CUST3144,Aadhya Patel,Watch,Fashion,North,Delhi,3,7775.81,23327.43,5,1166.37,22161.06,Net Banking,Returned,1
103375,2022-12-25,CUST1424,Diya Patel,Keyboard,Electronics,North,Lucknow,5,1900.61,9503.05,0,0.0,9503.05,Net Banking,Returned,1
103376,2022-12-07,CUST2157,Amit Malhotra,Camera,Electronics,West,Mumbai,1,29134.91,29134.91,5,1456.75,27678.16,Cash on Delivery,Returned,1
103377,2023-04-13,CUST2011,Sanjay Kumar,Camera,Electronics,West,Ahmedabad,3,39857.9,119573.7,15,17936.06,101637.64,Net Banking,Shipped,0
103378,2024-03-04,CUST4446,Priya Singh,T-Shirt,Fashion,South,Kochi,3,1781.52,5344.56,10,534.46,4810.1,UPI,Shipped,0
103379,2023-03-12,CUST4350,Riya Yadav,T-Shirt,Fashion,East,Patna,4,1564.42,6257.68,20,1251.54,5006.14,Credit Card,Shipped,0
103380,2024-11-11,CUST1978,Reyansh Rao,Shoes,Fashion,South,Kochi,1,4647.08,4647.08,15,697.06,3950.02,Cash on Delivery,Returned,1
103381,2024-02-22,CUST1683,Krishna Kapoor,Headphones,Electronics,East,Bhubaneswar,3,7082.7,21248.1,20,4249.62,16998.48,Cash on Delivery,Shipped,0
103382,2022-08-04,CUST3086,Aditya Desai,Backpack,Accessories,South,Hyderabad,5,2486.25,12431.25,10,1243.12,11188.13,Cash on Delivery,Shipped,0
103383,2022-10-04,CUST4582,Sanjay Verma,Mouse,Electronics,North,Chandigarh,4,1193.18,4772.72,10,477.27,4295.45,Cash on Delivery,Returned,1
103384,2024-01-03,CUST4081,Sara Yadav,Keyboard,Electronics,North,Lucknow,2,4430.26,8860.52,10,886.05,7974.47,UPI,Shipped,0
103385,2022-12-14,CUST2933,Ishaan Yadav,Headphones,Electronics,North,Delhi,1,893.31,893.31,10,89.33,803.98,Net Banking,Delivered,0
103386,2024-04-28,CUST3859,Aadhya Nair,Headphones,Electronics,South,Hyderabad,4,4150.41,16601.64,5,830.08,15771.56,UPI,Delivered,0
103387,2023-09-08,CUST3776,Rakesh Joshi,Mobile,Electronics,North,Jaipur,2,45661.21,91322.42,15,13698.36,77624.06,Credit Card,Delivered,0
103388,2022-04-10,CUST4343,Neha Gupta,T-Shirt,Fashion,South,Hyderabad,1,957.93,957.93,20,191.59,766.34,Net Banking,Returned,1
103389,2023-05-27,CUST3225,Rakesh Iyer,T-Shirt,Fashion,South,Bengaluru,4,499.39,1997.56,0,0.0,1997.56,UPI,Delivered,0
103390,2022-05-04,CUST4075,Amit Rao,Mobile,Electronics,North,Chandigarh,2,68618.31,137236.62,10,13723.66,123512.96,Cash on Delivery,Returned,1
103391,2024-06-07,CUST1726,Ananya Verma,T-Shirt,Fashion,North,Lucknow,2,653.8,1307.6,0,0.0,1307.6,Net Banking,Shipped,0
103392,2023-05-09,CUST4184,Deepa Reddy,Shoes,Fashion,South,Kochi,1,6061.74,6061.74,5,303.09,5758.65,Credit Card,Delivered,0
103393,2024-07-14,CUST1315,Vivaan Mehta,T-Shirt,Fashion,East,Bhubaneswar,2,1758.77,3517.54,10,351.75,3165.79,Credit Card,Returned,1
103394,2022-01-16,CUST4293,Priya Reddy,Mobile,Electronics,West,Ahmedabad,3,78111.62,234334.86,25,58583.71,175751.15,Debit Card,Delivered,0
103395,2024-11-13,CUST3375,Suresh Agarwal,Headphones,Electronics,West,Pune,2,3518.26,7036.52,15,1055.48,5981.04,UPI,Cancelled,0
103396,2022-02-20,CUST2411,Reyansh Bhat,Shoes,Fashion,West,Ahmedabad,2,4950.7,9901.4,5,495.07,9406.33,Debit Card,Returned,1
103397,2023-01-23,CUST4262,Suresh Gupta,Laptop,Electronics,South,Kochi,4,94080.46,376321.84,10,37632.18,338689.66,Cash on Delivery,Returned,1
103398,2022-01-02,CUST1759,Deepa Agarwal,Watch,Fashion,North,Jaipur,1,20101.62,20101.62,25,5025.4,15076.22,Debit Card,Shipped,0
103399,2023-07-24,CUST3510,Aditya Bhat,Mobile,Electronics,North,Jaipur,4,16678.24,66712.96,10,6671.3,60041.66,Credit Card,Delivered,0
103400,2023-04-06,CUST4705,Aarav Reddy,Headphones,Electronics,South,Chennai,1,6313.92,6313.92,0,0.0,6313.92,Debit Card,Delivered,0
103401,2024-07-03,CUST4896,Riya Bhat,Headphones,Electronics,South,Kochi,2,3149.96,6299.92,5,315.0,5984.92,Net Banking,Shipped,0
103402,2022-07-09,CUST4192,Reyansh Kumar,Mouse,Electronics,South,Bengaluru,2,2045.05,4090.1,10,409.01,3681.09,UPI,Returned,1
103403,2023-03-07,CUST2583,Rohan Pillai,Mobile,Electronics,North,Chandigarh,1,52731.47,52731.47,20,10546.29,42185.18,Credit Card,Delivered,0
103404,2024-12-02,CUST2618,Meera Joshi,Backpack,Accessories,East,Bhubaneswar,1,2526.23,2526.23,20,505.25,2020.98,Net Banking,Delivered,0
103405,2023-08-25,CUST1422,Isha Verma,Shoes,Fashion,West,Pune,2,1336.99,2673.98,5,133.7,2540.28,Cash on Delivery,Cancelled,0
103406,2024-04-09,CUST1201,Rohan Yadav,Shoes,Fashion,North,Chandigarh,5,1752.59,8762.95,15,1314.44,7448.51,Debit Card,Cancelled,0
103407,2024-06-06,CUST2040,Rakesh Iyer,T-Shirt,Fashion,West,Ahmedabad,4,1317.86,5271.44,5,263.57,5007.87,Cash on Delivery,Returned,1
103408,2023-04-27,CUST2767,Sanjay Agarwal,Keyboard,Electronics,West,Mumbai,1,880.07,880.07,15,132.01,748.06,Cash on Delivery,Delivered,0
103409,2022-01-06,CUST2858,Anika Mehta,Headphones,Electronics,West,Pune,2,3412.4,6824.8,5,341.24,6483.56,Cash on Delivery,Delivered,0
103410,2024-11-13,CUST2748,Rohan Kapoor,Watch,Fashion,West,Surat,1,22502.54,22502.54,10,2250.25,20252.29,Cash on Delivery,Returned,1
103411,2022-01-13,CUST3421,Rohan Rao,Camera,Electronics,North,Chandigarh,3,44590.92,133772.76,15,20065.91,113706.85,Debit Card,Cancelled,0
103412,2024-02-17,CUST4692,Vikram Kumar,Backpack,Accessories,East,Guwahati,1,2718.28,2718.28,5,135.91,2582.37,Net Banking,Shipped,0
103413,2024-08-21,CUST4474,Deepa Iyer,Laptop,Electronics,South,Bengaluru,2,88251.35,176502.7,10,17650.27,158852.43,Credit Card,Delivered,0
103414,2023-03-10,CUST3343,Sanjay Kapoor,Headphones,Electronics,West,Surat,2,7098.93,14197.86,20,2839.57,11358.29,Credit Card,Shipped,0
103415,2022-02-01,CUST4096,Amit Pillai,Keyboard,Electronics,South,Hyderabad,4,555.94,2223.76,0,0.0,2223.76,Cash on Delivery,Returned,1
103416,2022-03-04,CUST2776,Priya Rao,Headphones,Electronics,East,Patna,1,2555.96,2555.96,15,383.39,2172.57,Credit Card,Returned,1
103417,2022-06-15,CUST3354,Ishaan Pillai,Shoes,Fashion,North,Jaipur,1,2145.3,2145.3,5,107.27,2038.03,Cash on Delivery,Delivered,0
103418,2022-12-31,CUST4361,Sai Sharma,Mobile,Electronics,South,Bengaluru,1,83447.93,83447.93,20,16689.59,66758.34,Debit Card,Delivered,0
103419,2023-12-27,CUST4460,Arjun Gupta,Headphones,Electronics,South,Bengaluru,2,5505.74,11011.48,0,0.0,11011.48,Net Banking,Cancelled,0
103420,2022-04-04,CUST4109,Deepa Mehta,Shoes,Fashion,West,Mumbai,1,5465.94,5465.94,10,546.59,4919.35,UPI,Shipped,0
103421,2023-08-28,CUST2011,Krishna Verma,Backpack,Accessories,South,Chennai,5,1512.5,7562.5,15,1134.38,6428.12,Net Banking,Shipped,0
103422,2024-11-01,CUST1193,Rohan Joshi,Headphones,Electronics,South,Chennai,2,5122.55,10245.1,20,2049.02,8196.08,Debit Card,Returned,1
103423,2023-12-31,CUST1078,Pooja Kapoor,Keyboard,Electronics,South,Kochi,2,1341.95,2683.9,10,268.39,2415.51,Credit Card,Shipped,0
103424,2023-05-19,CUST3419,Priya Kumar,Keyboard,Electronics,North,Delhi,2,3062.26,6124.52,20,1224.9,4899.62,Credit Card,Returned,1
103425,2022-08-05,CUST1113,Ananya Malhotra,Backpack,Accessories,South,Bengaluru,2,1331.62,2663.24,20,532.65,2130.59,Net Banking,Cancelled,0
103426,2024-09-16,CUST2053,Ishaan Joshi,Mobile,Electronics,North,Lucknow,5,46796.58,233982.9,5,11699.15,222283.75,Cash on Delivery,Returned,1
103427,2022-01-21,CUST3908,Aarav Reddy,Shoes,Fashion,East,Bhubaneswar,3,4774.16,14322.48,10,1432.25,12890.23,UPI,Cancelled,0
103428,2024-09-07,CUST3452,Rohan Nair,Laptop,Electronics,South,Hyderabad,5,80046.37,400231.85,5,20011.59,380220.26,UPI,Returned,1
103429,2024-08-20,CUST1606,Ishaan Gupta,Mouse,Electronics,South,Bengaluru,2,782.07,1564.14,10,156.41,1407.73,Cash on Delivery,Returned,1
103430,2022-09-29,CUST3778,Rakesh Bhat,Backpack,Accessories,South,Bengaluru,1,2388.54,2388.54,5,119.43,2269.11,Debit Card,Delivered,0
103431,2022-10-08,CUST4170,Isha Yadav,Watch,Fashion,East,Kolkata,2,15024.57,30049.14,15,4507.37,25541.77,Cash on Delivery,Delivered,0
103432,2022-04-16,CUST2750,Reyansh Gupta,Mobile,Electronics,South,Kochi,2,64885.21,129770.42,10,12977.04,116793.38,Net Banking,Delivered,0
103433,2023-11-24,CUST2578,Krishna Desai,Keyboard,Electronics,South,Bengaluru,2,1097.88,2195.76,20,439.15,1756.61,Net Banking,Shipped,0
103434,2024-01-03,CUST2501,Krishna Yadav,Laptop,Electronics,North,Lucknow,4,53718.15,214872.6,5,10743.63,204128.97,Net Banking,Returned,1
103435,2024-08-16,CUST2188,Vikram Iyer,Headphones,Electronics,East,Guwahati,1,5504.94,5504.94,25,1376.23,4128.71,Debit Card,Shipped,0
103436,2023-11-05,CUST1826,Ishaan Desai,Backpack,Accessories,North,Jaipur,3,2585.54,7756.62,20,1551.32,6205.3,Credit Card,Delivered,0
103437,2024-07-28,CUST3470,Anika Patel,Shoes,Fashion,West,Mumbai,1,4195.4,4195.4,15,629.31,3566.09,Net Banking,Cancelled,0
103438,2024-02-28,CUST3716,Vihaan Verma,Laptop,Electronics,South,Kochi,5,63593.32,317966.6,10,31796.66,286169.94,UPI,Shipped,0
103439,2022-07-17,CUST3125,Suresh Verma,Keyboard,Electronics,West,Ahmedabad,1,2380.57,2380.57,20,476.11,1904.46,UPI,Returned,1
103440,2023-07-24,CUST1129,Vikram Reddy,Backpack,Accessories,South,Bengaluru,3,2342.9,7028.7,20,1405.74,5622.96,UPI,Returned,1
103441,2024-07-18,CUST3774,Rakesh Patel,Shoes,Fashion,West,Pune,4,5927.92,23711.68,10,2371.17,21340.51,Net Banking,Delivered,0
103442,2022-05-24,CUST2080,Vihaan Verma,Mouse,Electronics,West,Mumbai,2,1413.86,2827.72,5,141.39,2686.33,UPI,Shipped,0
103443,2024-02-28,CUST3843,Ananya Desai,T-Shirt,Fashion,West,Surat,5,1679.94,8399.7,10,839.97,7559.73,Cash on Delivery,Cancelled,0
103444,2024-10-01,CUST3555,Sanjay Bhat,Headphones,Electronics,South,Bengaluru,3,1833.71,5501.13,15,825.17,4675.96,Cash on Delivery,Shipped,0
103445,2022-02-22,CUST2196,Rahul Kapoor,T-Shirt,Fashion,South,Chennai,1,1735.16,1735.16,10,173.52,1561.64,Net Banking,Cancelled,0
103446,2023-04-10,CUST1878,Vivaan Nair,Camera,Electronics,East,Patna,3,37410.37,112231.11,5,5611.56,106619.55,Credit Card,Shipped,0
103447,2022-09-10,CUST4418,Kavya Yadav,Shoes,Fashion,West,Pune,1,2696.84,2696.84,10,269.68,2427.16,UPI,Shipped,0
103448,2024-06-29,CUST1184,Diya Rao,Laptop,Electronics,North,Delhi,1,60961.19,60961.19,0,0.0,60961.19,Credit Card,Shipped,0
103449,2024-09-22,CUST2683,Sai Malhotra,Headphones,Electronics,North,Delhi,1,3844.22,3844.22,25,961.05,2883.17,Cash on Delivery,Delivered,0
103450,2023-02-27,CUST2059,Pooja Nair,T-Shirt,Fashion,East,Bhubaneswar,3,1079.79,3239.37,20,647.87,2591.5,Credit Card,Shipped,0
103451,2023-02-04,CUST2670,Rakesh Rao,Watch,Fashion,East,Bhubaneswar,4,10121.05,40484.2,15,6072.63,34411.57,Net Banking,Delivered,0
103452,2023-05-14,CUST4726,Amit Desai,Mobile,Electronics,West,Surat,3,38664.24,115992.72,20,23198.54,92794.18,UPI,Cancelled,0
103453,2022-04-23,CUST3839,Rakesh Rao,Camera,Electronics,West,Ahmedabad,1,38478.77,38478.77,15,5771.82,32706.95,Credit Card,Returned,1
103454,2023-04-05,CUST2053,Neha Sharma,Shoes,Fashion,South,Hyderabad,1,3147.29,3147.29,15,472.09,2675.2,Cash on Delivery,Delivered,0
103455,2022-07-23,CUST4468,Kavya Agarwal,Backpack,Accessories,West,Pune,2,3394.41,6788.82,0,0.0,6788.82,Credit Card,Shipped,0
103456,2024-08-17,CUST2761,Vihaan Pillai,Shoes,Fashion,South,Chennai,2,6498.1,12996.2,10,1299.62,11696.58,Debit Card,Cancelled,0
103457,2024-07-28,CUST3951,Sai Malhotra,Keyboard,Electronics,East,Patna,1,3993.38,3993.38,15,599.01,3394.37,Debit Card,Cancelled,0
103458,2022-10-05,CUST4474,Suresh Singh,Watch,Fashion,West,Ahmedabad,1,14236.64,14236.64,0,0.0,14236.64,UPI,Delivered,0
103459,2023-10-15,CUST2724,Sara Joshi,Shoes,Fashion,North,Jaipur,2,6224.23,12448.46,10,1244.85,11203.61,Debit Card,Returned,1
103460,2024-11-15,CUST3793,Sai Verma,Laptop,Electronics,West,Pune,2,39605.21,79210.42,5,3960.52,75249.9,UPI,Cancelled,0
103461,2023-01-14,CUST1973,Isha Patel,Keyboard,Electronics,South,Bengaluru,2,4132.19,8264.38,5,413.22,7851.16,Credit Card,Shipped,0
103462,2024-06-03,CUST2783,Isha Pillai,Laptop,Electronics,North,Chandigarh,1,108536.69,108536.69,5,5426.83,103109.86,Cash on Delivery,Cancelled,0
103463,2022-08-22,CUST3315,Neha Rao,Mouse,Electronics,West,Ahmedabad,3,1013.51,3040.53,15,456.08,2584.45,Debit Card,Delivered,0
103464,2024-08-13,CUST2497,Anika Sharma,Laptop,Electronics,North,Lucknow,3,115329.04,345987.12,10,34598.71,311388.41,UPI,Cancelled,0
103465,2022-08-26,CUST4177,Krishna Agarwal,T-Shirt,Fashion,West,Pune,5,1102.98,5514.9,25,1378.72,4136.18,UPI,Shipped,0
103466,2022-09-02,CUST1045,Aarav Pillai,Shoes,Fashion,West,Surat,1,2760.59,2760.59,10,276.06,2484.53,UPI,Shipped,0
103467,2024-03-27,CUST4643,Anika Desai,Mobile,Electronics,East,Guwahati,1,87085.6,87085.6,5,4354.28,82731.32,Credit Card,Shipped,0
103468,2024-06-07,CUST4820,Rahul Singh,Laptop,Electronics,South,Chennai,4,64212.19,256848.76,15,38527.31,218321.45,Net Banking,Cancelled,0
103469,2023-01-19,CUST1257,Ananya Chopra,Mobile,Electronics,South,Chennai,4,28967.24,115868.96,10,11586.9,104282.06,Cash on Delivery,Delivered,0
103470,2024-12-02,CUST2370,Ishaan Malhotra,Mobile,Electronics,North,Chandigarh,3,38421.76,115265.28,20,23053.06,92212.22,Debit Card,Delivered,0
103471,2023-11-16,CUST3740,Sara Sharma,Keyboard,Electronics,North,Lucknow,2,1291.54,2583.08,15,387.46,2195.62,Credit Card,Cancelled,0
103472,2022-07-02,CUST3798,Isha Nair,Camera,Electronics,East,Guwahati,2,21380.14,42760.28,5,2138.01,40622.27,Credit Card,Delivered,0
103473,2022-10-17,CUST4698,Arjun Nair,Mouse,Electronics,North,Lucknow,5,2069.97,10349.85,10,1034.98,9314.87,Credit Card,Shipped,0
103474,2024-06-25,CUST3287,Aditya Yadav,Shoes,Fashion,North,Delhi,5,913.5,4567.5,5,228.38,4339.12,Cash on Delivery,Shipped,0
103475,2022-09-02,CUST4662,Rakesh Kumar,T-Shirt,Fashion,South,Hyderabad,1,1463.68,1463.68,25,365.92,1097.76,Net Banking,Returned,1
103476,2022-02-07,CUST3219,Ananya Kapoor,Mouse,Electronics,South,Kochi,4,1623.24,6492.96,0,0.0,6492.96,Cash on Delivery,Returned,1
103477,2023-07-03,CUST1887,Aarav Reddy,Watch,Fashion,East,Kolkata,2,16774.35,33548.7,25,8387.17,25161.53,Cash on Delivery,Returned,1
103478,2022-04-09,CUST4886,Ananya Agarwal,Laptop,Electronics,East,Kolkata,2,37833.16,75666.32,20,15133.26,60533.06,Cash on Delivery,Returned,1
103479,2023-04-29,CUST2683,Aditya Gupta,Keyboard,Electronics,South,Kochi,4,2865.24,11460.96,0,0.0,11460.96,Debit Card,Cancelled,0
103480,2023-08-19,CUST4943,Vikram Rao,Mouse,Electronics,South,Kochi,1,601.61,601.61,15,90.24,511.37,Debit Card,Cancelled,0
103481,2023-01-25,CUST1211,Isha Singh,Shoes,Fashion,West,Ahmedabad,1,1542.61,1542.61,15,231.39,1311.22,Credit Card,Returned,1
103482,2023-10-20,CUST4470,Meera Patel,Shoes,Fashion,West,Ahmedabad,3,5512.07,16536.21,15,2480.43,14055.78,Credit Card,Returned,1
103483,2024-01-27,CUST3029,Kavya Chopra,Headphones,Electronics,South,Chennai,1,2413.46,2413.46,15,362.02,2051.44,Credit Card,Returned,1
103484,2023-08-08,CUST2414,Riya Yadav,Camera,Electronics,East,Guwahati,2,49024.83,98049.66,20,19609.93,78439.73,Cash on Delivery,Shipped,0
103485,2022-10-23,CUST4594,Vikram Malhotra,Backpack,Accessories,South,Kochi,1,1430.98,1430.98,5,71.55,1359.43,Cash on Delivery,Returned,1
103486,2024-09-28,CUST1385,Isha Nair,Mobile,Electronics,North,Lucknow,4,77608.61,310434.44,0,0.0,310434.44,Debit Card,Cancelled,0
103487,2023-10-19,CUST1485,Anika Agarwal,Headphones,Electronics,South,Chennai,3,4893.28,14679.84,20,2935.97,11743.87,Credit Card,Delivered,0
103488,2024-01-26,CUST4442,Ishaan Nair,T-Shirt,Fashion,East,Patna,4,640.11,2560.44,5,128.02,2432.42,Cash on Delivery,Delivered,0
103489,2022-12-19,CUST3506,Aarav Rao,Headphones,Electronics,East,Guwahati,2,3340.67,6681.34,10,668.13,6013.21,Net Banking,Shipped,0
103490,2024-06-11,CUST1568,Neha Singh,Mouse,Electronics,South,Chennai,1,1761.47,1761.47,10,176.15,1585.32,Debit Card,Cancelled,0
103491,2023-02-26,CUST3882,Meera Yadav,Keyboard,Electronics,South,Chennai,1,1196.07,1196.07,5,59.8,1136.27,Credit Card,Shipped,0
103492,2022-10-02,CUST1072,Vikram Kapoor,Mobile,Electronics,West,Surat,4,75516.47,302065.88,15,45309.88,256756.0,Cash on Delivery,Shipped,0
103493,2022-02-06,CUST3705,Arjun Agarwal,Camera,Electronics,West,Surat,1,53926.39,53926.39,10,5392.64,48533.75,Net Banking,Delivered,0
103494,2023-08-01,CUST3544,Neha Iyer,Watch,Fashion,South,Kochi,1,9881.15,9881.15,5,494.06,9387.09,Cash on Delivery,Cancelled,0
103495,2024-05-24,CUST3609,Myra Malhotra,Camera,Electronics,North,Lucknow,1,24533.33,24533.33,15,3680.0,20853.33,Net Banking,Delivered,0
103496,2022-10-06,CUST3918,Sanjay Verma,Backpack,Accessories,West,Surat,3,3407.31,10221.93,5,511.1,9710.83,UPI,Returned,1
103497,2022-12-22,CUST4245,Isha Sharma,Camera,Electronics,North,Delhi,1,37052.17,37052.17,10,3705.22,33346.95,Debit Card,Returned,1
103498,2023-01-21,CUST1583,Deepa Joshi,Camera,Electronics,East,Guwahati,2,34027.12,68054.24,15,10208.14,57846.1,Credit Card,Returned,1
103499,2024-10-05,CUST4153,Aadhya Pillai,Headphones,Electronics,South,Chennai,5,1733.64,8668.2,5,433.41,8234.79,Credit Card,Cancelled,0
103500,2024-12-03,CUST1764,Sara Chopra,Headphones,Electronics,South,Hyderabad,2,5656.06,11312.12,0,0.0,11312.12,Cash on Delivery,Returned,1
103501,2023-04-17,CUST3914,Riya Agarwal,Camera,Electronics,North,Jaipur,2,32279.04,64558.08,0,0.0,64558.08,UPI,Shipped,0
103502,2023-05-21,CUST4242,Diya Kapoor,T-Shirt,Fashion,South,Hyderabad,1,1486.47,1486.47,15,222.97,1263.5,Credit Card,Delivered,0
103503,2022-12-30,CUST1988,Sara Mehta,Watch,Fashion,South,Kochi,1,10322.99,10322.99,15,1548.45,8774.54,Debit Card,Returned,1
103504,2024-05-09,CUST3425,Neha Desai,Headphones,Electronics,East,Kolkata,1,7808.11,7808.11,5,390.41,7417.7,UPI,Shipped,0
103505,2024-11-24,CUST1881,Rakesh Rao,Laptop,Electronics,South,Kochi,3,79653.83,238961.49,15,35844.22,203117.27,Net Banking,Cancelled,0
103506,2023-11-03,CUST1553,Rakesh Malhotra,Mouse,Electronics,East,Kolkata,4,2213.4,8853.6,5,442.68,8410.92,Credit Card,Cancelled,0
103507,2022-04-16,CUST2150,Aditya Yadav,Camera,Electronics,North,Jaipur,3,21916.66,65749.98,25,16437.49,49312.49,Credit Card,Cancelled,0
103508,2024-02-16,CUST2196,Vikram Chopra,Shoes,Fashion,North,Chandigarh,3,1670.78,5012.34,15,751.85,4260.49,Net Banking,Cancelled,0
103509,2022-11-11,CUST1083,Rakesh Kumar,Watch,Fashion,West,Surat,3,14770.58,44311.74,15,6646.76,37664.98,Net Banking,Returned,1
103510,2024-04-15,CUST3441,Amit Rao,Backpack,Accessories,South,Bengaluru,1,1269.36,1269.36,15,190.4,1078.96,Debit Card,Delivered,0
103511,2022-03-29,CUST2823,Riya Agarwal,Backpack,Accessories,South,Hyderabad,1,2323.42,2323.42,10,232.34,2091.08,Cash on Delivery,Shipped,0
103512,2024-09-17,CUST2117,Vikram Singh,Camera,Electronics,East,Kolkata,3,15316.9,45950.7,15,6892.6,39058.1,Credit Card,Delivered,0
103513,2024-05-17,CUST3536,Diya Kumar,Headphones,Electronics,East,Guwahati,4,7278.61,29114.44,5,1455.72,27658.72,Net Banking,Cancelled,0
103514,2024-08-09,CUST1261,Arjun Mehta,Laptop,Electronics,West,Pune,4,115737.31,462949.24,5,23147.46,439801.78,UPI,Shipped,0
103515,2024-07-05,CUST3038,Amit Desai,Headphones,Electronics,East,Patna,1,7589.65,7589.65,5,379.48,7210.17,UPI,Delivered,0
103516,2023-02-28,CUST1037,Amit Patel,Shoes,Fashion,North,Lucknow,2,5564.67,11129.34,5,556.47,10572.87,UPI,Delivered,0
103517,2023-01-09,CUST1122,Deepa Kapoor,Laptop,Electronics,East,Guwahati,3,56824.66,170473.98,10,17047.4,153426.58,UPI,Shipped,0
103518,2024-10-15,CUST2943,Priya Nair,Mouse,Electronics,North,Delhi,2,881.24,1762.48,10,176.25,1586.23,UPI,Returned,1
103519,2024-05-16,CUST4205,Sara Iyer,Headphones,Electronics,West,Mumbai,2,6205.03,12410.06,5,620.5,11789.56,Debit Card,Delivered,0
103520,2022-10-23,CUST2334,Vikram Chopra,Backpack,Accessories,North,Jaipur,4,2089.77,8359.08,25,2089.77,6269.31,Net Banking,Delivered,0
103521,2022-04-24,CUST1720,Amit Desai,T-Shirt,Fashion,South,Kochi,2,814.26,1628.52,0,0.0,1628.52,Net Banking,Returned,1
103522,2022-05-28,CUST1361,Sai Agarwal,T-Shirt,Fashion,East,Patna,4,1569.65,6278.6,5,313.93,5964.67,UPI,Returned,1
103523,2024-06-22,CUST3859,Ananya Agarwal,Laptop,Electronics,East,Bhubaneswar,3,91965.25,275895.75,5,13794.79,262100.96,Net Banking,Delivered,0
103524,2024-04-01,CUST1252,Reyansh Sharma,Laptop,Electronics,North,Delhi,3,40408.81,121226.43,15,18183.96,103042.47,Credit Card,Delivered,0
103525,2024-03-07,CUST2824,Ishaan Verma,Mouse,Electronics,North,Lucknow,3,559.86,1679.58,25,419.89,1259.69,Credit Card,Returned,1
103526,2024-01-16,CUST4578,Sanjay Reddy,T-Shirt,Fashion,South,Bengaluru,4,1566.95,6267.8,10,626.78,5641.02,Cash on Delivery,Shipped,0
103527,2023-10-12,CUST2607,Riya Bhat,Shoes,Fashion,East,Bhubaneswar,3,2943.39,8830.17,5,441.51,8388.66,Debit Card,Returned,1
103528,2023-01-09,CUST4768,Neha Malhotra,Shoes,Fashion,South,Bengaluru,2,2569.92,5139.84,10,513.98,4625.86,Cash on Delivery,Delivered,0
103529,2022-09-18,CUST1888,Riya Iyer,Watch,Fashion,South,Bengaluru,2,17950.51,35901.02,5,1795.05,34105.97,UPI,Shipped,0
103530,2022-11-17,CUST2779,Aditya Iyer,Camera,Electronics,North,Lucknow,2,37877.14,75754.28,10,7575.43,68178.85,Credit Card,Delivered,0
103531,2022-05-19,CUST1707,Sara Nair,T-Shirt,Fashion,West,Ahmedabad,1,1074.6,1074.6,0,0.0,1074.6,Debit Card,Returned,1
103532,2022-11-17,CUST3837,Arjun Iyer,Mobile,Electronics,North,Jaipur,4,69983.95,279935.8,10,27993.58,251942.22,Credit Card,Delivered,0
103533,2024-06-14,CUST4210,Reyansh Sharma,Mobile,Electronics,South,Chennai,3,35176.24,105528.72,10,10552.87,94975.85,Cash on Delivery,Cancelled,0
103534,2024-06-17,CUST3039,Sara Yadav,Headphones,Electronics,East,Bhubaneswar,3,2404.14,7212.42,5,360.62,6851.8,Debit Card,Returned,1
103535,2022-11-17,CUST3720,Kavya Kapoor,Camera,Electronics,South,Chennai,2,51218.01,102436.02,15,15365.4,87070.62,Credit Card,Delivered,0
103536,2022-11-06,CUST2005,Vikram Kapoor,Laptop,Electronics,West,Surat,1,58543.34,58543.34,10,5854.33,52689.01,Cash on Delivery,Delivered,0
103537,2022-04-11,CUST2966,Suresh Bhat,Camera,Electronics,East,Kolkata,5,52967.59,264837.95,15,39725.69,225112.26,Cash on Delivery,Returned,1
103538,2022-01-25,CUST1043,Ananya Kapoor,Mobile,Electronics,South,Hyderabad,4,85299.04,341196.16,15,51179.42,290016.74,Credit Card,Returned,1
103539,2022-06-12,CUST2829,Riya Reddy,Camera,Electronics,North,Chandigarh,2,34672.9,69345.8,25,17336.45,52009.35,Credit Card,Delivered,0
103540,2023-11-08,CUST1958,Krishna Iyer,T-Shirt,Fashion,West,Surat,2,1553.61,3107.22,15,466.08,2641.14,Credit Card,Delivered,0
103541,2022-10-30,CUST4767,Arjun Rao,Laptop,Electronics,West,Surat,1,83796.42,83796.42,25,20949.1,62847.32,Debit Card,Cancelled,0
103542,2024-10-18,CUST2282,Krishna Joshi,Headphones,Electronics,South,Bengaluru,2,2105.49,4210.98,10,421.1,3789.88,Debit Card,Returned,1
103543,2022-09-25,CUST1108,Sanjay Rao,Backpack,Accessories,South,Chennai,1,1866.52,1866.52,5,93.33,1773.19,Cash on Delivery,Shipped,0
103544,2023-04-29,CUST1065,Kavya Agarwal,Watch,Fashion,South,Kochi,1,3009.64,3009.64,10,300.96,2708.68,Net Banking,Delivered,0
103545,2023-04-20,CUST2494,Isha Rao,Watch,Fashion,South,Hyderabad,3,15634.66,46903.98,0,0.0,46903.98,Credit Card,Delivered,0
103546,2023-12-11,CUST2854,Vikram Chopra,Keyboard,Electronics,East,Patna,2,3724.96,7449.92,10,744.99,6704.93,Net Banking,Returned,1
103547,2022-05-13,CUST1995,Suresh Rao,Camera,Electronics,North,Jaipur,5,25557.84,127789.2,15,19168.38,108620.82,Net Banking,Cancelled,0
103548,2022-11-20,CUST1910,Aditya Kumar,Watch,Fashion,South,Hyderabad,2,12563.83,25127.66,10,2512.77,22614.89,Debit Card,Delivered,0
103549,2024-11-29,CUST2529,Aadhya Mehta,T-Shirt,Fashion,South,Kochi,2,906.06,1812.12,20,362.42,1449.7,Net Banking,Shipped,0
103550,2023-10-25,CUST2309,Riya Sharma,Shoes,Fashion,East,Bhubaneswar,1,1949.43,1949.43,10,194.94,1754.49,Cash on Delivery,Cancelled,0
103551,2022-05-18,CUST2135,Riya Iyer,Laptop,Electronics,South,Bengaluru,2,67281.64,134563.28,10,13456.33,121106.95,Credit Card,Shipped,0
103552,2022-10-03,CUST1959,Reyansh Yadav,Laptop,Electronics,West,Ahmedabad,2,108076.96,216153.92,15,32423.09,183730.83,UPI,Shipped,0
103553,2023-02-03,CUST3508,Vikram Chopra,Keyboard,Electronics,West,Mumbai,4,3552.01,14208.04,5,710.4,13497.64,Debit Card,Delivered,0
103554,2022-09-03,CUST4752,Meera Agarwal,Shoes,Fashion,South,Bengaluru,3,6486.18,19458.54,5,972.93,18485.61,Debit Card,Returned,1
103555,2024-09-02,CUST4489,Reyansh Pillai,Backpack,Accessories,South,Kochi,4,1948.0,7792.0,10,779.2,7012.8,Net Banking,Shipped,0
103556,2024-02-28,CUST3331,Kavya Sharma,Mouse,Electronics,North,Chandigarh,2,1578.3,3156.6,20,631.32,2525.28,Debit Card,Cancelled,0
103557,2022-04-24,CUST2136,Amit Joshi,Shoes,Fashion,East,Guwahati,2,2725.06,5450.12,5,272.51,5177.61,Cash on Delivery,Cancelled,0
103558,2022-02-25,CUST1070,Amit Patel,Mobile,Electronics,East,Guwahati,3,57648.71,172946.13,5,8647.31,164298.82,Net Banking,Cancelled,0
103559,2023-12-09,CUST1973,Rohan Agarwal,Shoes,Fashion,East,Bhubaneswar,3,1726.36,5179.08,10,517.91,4661.17,UPI,Delivered,0
103560,2024-06-24,CUST3392,Ananya Reddy,Backpack,Accessories,South,Hyderabad,3,2897.02,8691.06,10,869.11,7821.95,Cash on Delivery,Shipped,0
103561,2024-07-31,CUST3072,Amit Verma,T-Shirt,Fashion,West,Surat,1,1512.24,1512.24,5,75.61,1436.63,Cash on Delivery,Returned,1
103562,2024-01-17,CUST2387,Reyansh Agarwal,T-Shirt,Fashion,South,Kochi,2,807.36,1614.72,5,80.74,1533.98,Net Banking,Cancelled,0
103563,2024-07-17,CUST2430,Pooja Sharma,Watch,Fashion,East,Bhubaneswar,2,6362.82,12725.64,15,1908.85,10816.79,Credit Card,Shipped,0
103564,2023-10-13,CUST1992,Isha Bhat,Camera,Electronics,West,Mumbai,2,31616.31,63232.62,5,3161.63,60070.99,Debit Card,Returned,1
103565,2023-04-05,CUST4593,Myra Malhotra,T-Shirt,Fashion,South,Bengaluru,4,615.58,2462.32,20,492.46,1969.86,Net Banking,Cancelled,0
103566,2024-08-26,CUST1988,Vihaan Desai,T-Shirt,Fashion,West,Mumbai,1,1742.58,1742.58,10,174.26,1568.32,Credit Card,Shipped,0
103567,2023-03-18,CUST3290,Vivaan Rao,Backpack,Accessories,West,Surat,3,2502.62,7507.86,20,1501.57,6006.29,Net Banking,Delivered,0
103568,2024-05-17,CUST1814,Myra Singh,Laptop,Electronics,East,Bhubaneswar,5,71129.4,355647.0,25,88911.75,266735.25,Net Banking,Cancelled,0
103569,2023-12-18,CUST2838,Riya Chopra,T-Shirt,Fashion,South,Hyderabad,3,416.6,1249.8,10,124.98,1124.82,UPI,Delivered,0
103570,2022-09-25,CUST2202,Diya Sharma,Keyboard,Electronics,East,Patna,1,3743.54,3743.54,5,187.18,3556.36,UPI,Delivered,0
103571,2022-11-06,CUST2984,Reyansh Mehta,Backpack,Accessories,North,Delhi,1,2443.33,2443.33,5,122.17,2321.16,Credit Card,Returned,1
103572,2022-08-22,CUST1350,Aarav Joshi,T-Shirt,Fashion,South,Hyderabad,4,1262.46,5049.84,0,0.0,5049.84,Cash on Delivery,Shipped,0
103573,2024-02-16,CUST3748,Aarav Kapoor,Mobile,Electronics,North,Chandigarh,3,84841.88,254525.64,5,12726.28,241799.36,Debit Card,Shipped,0
103574,2023-08-06,CUST2804,Aarav Nair,Camera,Electronics,South,Bengaluru,1,40408.48,40408.48,15,6061.27,34347.21,UPI,Shipped,0
103575,2022-10-10,CUST1094,Arjun Desai,Mobile,Electronics,North,Delhi,4,34263.04,137052.16,10,13705.22,123346.94,Cash on Delivery,Cancelled,0
103576,2023-11-12,CUST4027,Kavya Chopra,Mouse,Electronics,West,Mumbai,5,1145.74,5728.7,15,859.3,4869.4,Credit Card,Returned,1
103577,2022-10-14,CUST2246,Deepa Singh,T-Shirt,Fashion,West,Pune,4,920.93,3683.72,10,368.37,3315.35,UPI,Delivered,0
103578,2023-08-31,CUST2067,Deepa Singh,Mobile,Electronics,South,Bengaluru,2,51442.19,102884.38,5,5144.22,97740.16,Credit Card,Shipped,0
103579,2023-06-17,CUST3423,Diya Reddy,Laptop,Electronics,East,Guwahati,2,56061.7,112123.4,15,16818.51,95304.89,Cash on Delivery,Returned,1
103580,2024-02-11,CUST1208,Vihaan Pillai,T-Shirt,Fashion,North,Chandigarh,2,590.29,1180.58,5,59.03,1121.55,Credit Card,Shipped,0
103581,2022-08-25,CUST4971,Vikram Agarwal,Watch,Fashion,East,Guwahati,1,13048.03,13048.03,0,0.0,13048.03,Net Banking,Delivered,0
103582,2022-08-11,CUST3250,Amit Singh,Mouse,Electronics,West,Mumbai,1,339.2,339.2,20,67.84,271.36,Net Banking,Delivered,0
103583,2024-01-28,CUST1457,Myra Iyer,Camera,Electronics,South,Bengaluru,2,28020.6,56041.2,25,14010.3,42030.9,UPI,Cancelled,0
103584,2022-12-19,CUST4222,Sanjay Singh,Headphones,Electronics,West,Pune,2,1716.06,3432.12,10,343.21,3088.91,Net Banking,Delivered,0
103585,2022-03-18,CUST3584,Anika Verma,Watch,Fashion,South,Kochi,4,16405.24,65620.96,25,16405.24,49215.72,UPI,Delivered,0
103586,2024-10-12,CUST1150,Vihaan Rao,Watch,Fashion,East,Guwahati,1,22709.09,22709.09,15,3406.36,19302.73,Cash on Delivery,Returned,1
103587,2023-11-13,CUST2075,Vivaan Nair,Laptop,Electronics,North,Delhi,1,112199.64,112199.64,5,5609.98,106589.66,Cash on Delivery,Cancelled,0
103588,2022-10-21,CUST4025,Meera Rao,Camera,Electronics,South,Kochi,1,53741.83,53741.83,15,8061.27,45680.56,Net Banking,Returned,1
103589,2024-08-06,CUST2041,Anika Verma,Watch,Fashion,South,Hyderabad,1,16904.66,16904.66,20,3380.93,13523.73,Cash on Delivery,Cancelled,0
103590,2024-03-14,CUST4014,Suresh Mehta,Watch,Fashion,South,Kochi,1,15549.98,15549.98,20,3110.0,12439.98,Debit Card,Delivered,0
103591,2022-09-05,CUST2071,Rohan Rao,Headphones,Electronics,South,Chennai,4,5624.85,22499.4,0,0.0,22499.4,UPI,Delivered,0
103592,2023-12-25,CUST1353,Ananya Agarwal,Laptop,Electronics,North,Lucknow,2,45537.81,91075.62,10,9107.56,81968.06,Credit Card,Shipped,0
103593,2024-01-08,CUST4450,Diya Patel,T-Shirt,Fashion,North,Chandigarh,3,1555.13,4665.39,5,233.27,4432.12,Credit Card,Cancelled,0
103594,2024-09-12,CUST2506,Ananya Sharma,Backpack,Accessories,East,Patna,1,1504.81,1504.81,25,376.2,1128.61,Credit Card,Cancelled,0
103595,2024-06-17,CUST1294,Sai Desai,Mouse,Electronics,West,Mumbai,2,902.51,1805.02,20,361.0,1444.02,Debit Card,Returned,1
103596,2024-12-20,CUST4003,Suresh Gupta,Headphones,Electronics,South,Chennai,2,5784.32,11568.64,5,578.43,10990.21,Net Banking,Shipped,0
103597,2024-07-04,CUST2798,Suresh Rao,Keyboard,Electronics,North,Chandigarh,1,1489.83,1489.83,5,74.49,1415.34,UPI,Shipped,0
103598,2023-08-23,CUST3201,Sanjay Agarwal,Laptop,Electronics,South,Hyderabad,5,102446.86,512234.3,20,102446.86,409787.44,Net Banking,Returned,1
103599,2023-02-02,CUST1824,Rakesh Patel,Shoes,Fashion,East,Guwahati,4,4167.99,16671.96,5,833.6,15838.36,Net Banking,Delivered,0
103600,2023-06-18,CUST4948,Neha Yadav,Mouse,Electronics,South,Kochi,1,2205.93,2205.93,15,330.89,1875.04,UPI,Delivered,0
103601,2023-01-18,CUST1309,Vivaan Reddy,Backpack,Accessories,West,Ahmedabad,1,2693.01,2693.01,20,538.6,2154.41,Net Banking,Shipped,0
103602,2022-03-26,CUST3271,Suresh Reddy,Mouse,Electronics,North,Lucknow,4,1364.06,5456.24,10,545.62,4910.62,Credit Card,Shipped,0
103603,2022-08-04,CUST2145,Isha Agarwal,T-Shirt,Fashion,North,Lucknow,1,812.4,812.4,25,203.1,609.3,Cash on Delivery,Delivered,0
103604,2023-03-31,CUST4426,Sara Kapoor,T-Shirt,Fashion,West,Pune,1,546.0,546.0,0,0.0,546.0,Cash on Delivery,Cancelled,0
103605,2022-07-13,CUST2007,Diya Desai,Watch,Fashion,East,Patna,5,2912.71,14563.55,10,1456.36,13107.19,Debit Card,Returned,1
103606,2024-05-10,CUST1965,Deepa Singh,Laptop,Electronics,West,Ahmedabad,3,42179.08,126537.24,15,18980.59,107556.65,UPI,Shipped,0
103607,2023-09-29,CUST3261,Deepa Desai,Mouse,Electronics,South,Hyderabad,2,2391.26,4782.52,10,478.25,4304.27,Debit Card,Cancelled,0
103608,2024-05-22,CUST4861,Rahul Gupta,Watch,Fashion,North,Jaipur,1,19807.33,19807.33,25,4951.83,14855.5,Debit Card,Cancelled,0
103609,2024-09-10,CUST4645,Deepa Yadav,Keyboard,Electronics,South,Kochi,1,741.38,741.38,5,37.07,704.31,Cash on Delivery,Delivered,0
103610,2024-09-05,CUST1753,Rahul Chopra,Watch,Fashion,South,Bengaluru,2,18076.5,36153.0,20,7230.6,28922.4,Cash on Delivery,Shipped,0
103611,2024-03-12,CUST1465,Anika Singh,Mouse,Electronics,South,Kochi,5,409.16,2045.8,10,204.58,1841.22,UPI,Returned,1
103612,2023-07-29,CUST3369,Sanjay Reddy,Laptop,Electronics,North,Lucknow,2,51657.0,103314.0,10,10331.4,92982.6,UPI,Shipped,0
103613,2024-03-12,CUST4260,Sai Agarwal,Backpack,Accessories,North,Delhi,3,3394.32,10182.96,0,0.0,10182.96,Cash on Delivery,Delivered,0
103614,2024-07-08,CUST3933,Meera Kapoor,Backpack,Accessories,South,Chennai,5,3352.22,16761.1,10,1676.11,15084.99,Net Banking,Cancelled,0
103615,2022-12-23,CUST4214,Arjun Yadav,T-Shirt,Fashion,West,Pune,1,593.95,593.95,5,29.7,564.25,Cash on Delivery,Cancelled,0
103616,2023-08-31,CUST3255,Riya Iyer,Keyboard,Electronics,North,Chandigarh,3,1198.62,3595.86,15,539.38,3056.48,Credit Card,Shipped,0
103617,2024-01-10,CUST2861,Meera Nair,Laptop,Electronics,South,Hyderabad,1,89475.13,89475.13,10,8947.51,80527.62,UPI,Cancelled,0
103618,2023-03-20,CUST3452,Isha Rao,T-Shirt,Fashion,North,Chandigarh,4,1555.18,6220.72,10,622.07,5598.65,Credit Card,Returned,1
103619,2023-11-20,CUST3210,Anika Iyer,T-Shirt,Fashion,North,Jaipur,2,1275.86,2551.72,10,255.17,2296.55,Cash on Delivery,Delivered,0
103620,2022-04-22,CUST1473,Pooja Reddy,Shoes,Fashion,South,Bengaluru,4,3698.89,14795.56,10,1479.56,13316.0,Cash on Delivery,Returned,1
103621,2024-10-21,CUST1790,Aarav Joshi,Shoes,Fashion,West,Mumbai,3,1335.7,4007.1,5,200.35,3806.75,Credit Card,Cancelled,0
103622,2023-10-02,CUST1371,Isha Sharma,Keyboard,Electronics,North,Jaipur,3,2822.75,8468.25,5,423.41,8044.84,Cash on Delivery,Shipped,0
103623,2024-02-24,CUST1848,Vivaan Malhotra,Watch,Fashion,East,Bhubaneswar,2,1369.8,2739.6,25,684.9,2054.7,Debit Card,Cancelled,0
103624,2024-02-16,CUST1214,Vihaan Joshi,Camera,Electronics,West,Ahmedabad,1,30453.17,30453.17,20,6090.63,24362.54,Debit Card,Shipped,0
103625,2023-08-28,CUST4773,Ananya Pillai,T-Shirt,Fashion,West,Pune,1,442.52,442.52,0,0.0,442.52,UPI,Shipped,0
103626,2022-01-24,CUST2691,Aarav Mehta,Laptop,Electronics,North,Delhi,3,89131.37,267394.11,10,26739.41,240654.7,Net Banking,Shipped,0
103627,2024-01-26,CUST4275,Aditya Desai,Shoes,Fashion,West,Pune,3,1780.87,5342.61,10,534.26,4808.35,Debit Card,Delivered,0
103628,2024-12-15,CUST2961,Rakesh Agarwal,Mouse,Electronics,North,Lucknow,1,827.58,827.58,25,206.9,620.68,Debit Card,Returned,1
103629,2023-01-31,CUST2803,Diya Pillai,Camera,Electronics,North,Chandigarh,2,31937.26,63874.52,5,3193.73,60680.79,Net Banking,Shipped,0
103630,2022-09-21,CUST4537,Neha Desai,Shoes,Fashion,South,Hyderabad,3,2956.37,8869.11,0,0.0,8869.11,Credit Card,Shipped,0
103631,2023-10-09,CUST4866,Sara Pillai,Watch,Fashion,West,Surat,3,17329.01,51987.03,5,2599.35,49387.68,UPI,Cancelled,0
103632,2022-08-05,CUST1383,Ananya Gupta,T-Shirt,Fashion,East,Kolkata,2,1406.61,2813.22,20,562.64,2250.58,Cash on Delivery,Delivered,0
103633,2023-09-18,CUST1888,Kavya Pillai,Camera,Electronics,North,Jaipur,1,26710.51,26710.51,20,5342.1,21368.41,Credit Card,Cancelled,0
103634,2022-01-02,CUST2647,Amit Rao,Camera,Electronics,West,Pune,2,51923.56,103847.12,10,10384.71,93462.41,Credit Card,Shipped,0
103635,2022-01-16,CUST3660,Vikram Gupta,Watch,Fashion,South,Hyderabad,3,14117.42,42352.26,10,4235.23,38117.03,Cash on Delivery,Shipped,0
103636,2022-03-17,CUST3752,Vihaan Gupta,Camera,Electronics,West,Surat,4,18573.41,74293.64,0,0.0,74293.64,Cash on Delivery,Shipped,0
103637,2022-03-02,CUST2925,Krishna Mehta,Headphones,Electronics,South,Chennai,4,5585.6,22342.4,10,2234.24,20108.16,Cash on Delivery,Delivered,0
103638,2022-09-23,CUST3960,Sanjay Agarwal,Watch,Fashion,South,Kochi,1,1929.53,1929.53,10,192.95,1736.58,Credit Card,Delivered,0
103639,2023-07-28,CUST4122,Reyansh Nair,Backpack,Accessories,East,Guwahati,3,3406.31,10218.93,20,2043.79,8175.14,Cash on Delivery,Shipped,0
103640,2024-03-21,CUST2125,Kavya Kumar,Headphones,Electronics,South,Bengaluru,4,2625.05,10500.2,25,2625.05,7875.15,Credit Card,Cancelled,0
103641,2022-05-31,CUST2731,Rakesh Patel,T-Shirt,Fashion,North,Lucknow,5,440.55,2202.75,10,220.28,1982.47,Credit Card,Shipped,0
103642,2023-11-24,CUST1975,Meera Kumar,T-Shirt,Fashion,North,Delhi,1,1519.71,1519.71,25,379.93,1139.78,Credit Card,Shipped,0
103643,2023-06-11,CUST4118,Ananya Reddy,Laptop,Electronics,West,Surat,2,47483.3,94966.6,20,18993.32,75973.28,UPI,Delivered,0
103644,2023-10-25,CUST1423,Rahul Joshi,Keyboard,Electronics,North,Chandigarh,4,1581.35,6325.4,15,948.81,5376.59,Cash on Delivery,Delivered,0
103645,2023-08-19,CUST4042,Rahul Rao,Camera,Electronics,East,Bhubaneswar,2,54976.42,109952.84,15,16492.93,93459.91,Debit Card,Returned,1
103646,2024-05-27,CUST2854,Riya Mehta,Keyboard,Electronics,East,Kolkata,5,2673.29,13366.45,20,2673.29,10693.16,Cash on Delivery,Returned,1
103647,2023-07-24,CUST3000,Rahul Joshi,Mouse,Electronics,North,Lucknow,5,903.44,4517.2,15,677.58,3839.62,Credit Card,Returned,1
103648,2024-06-03,CUST2957,Sanjay Yadav,Laptop,Electronics,West,Pune,1,94681.42,94681.42,10,9468.14,85213.28,Net Banking,Delivered,0
103649,2022-06-06,CUST4264,Amit Desai,Backpack,Accessories,North,Chandigarh,2,2028.58,4057.16,20,811.43,3245.73,Credit Card,Cancelled,0
103650,2024-03-25,CUST3852,Anika Malhotra,Mobile,Electronics,North,Delhi,4,26355.6,105422.4,0,0.0,105422.4,Cash on Delivery,Delivered,0
103651,2023-12-27,CUST2434,Vivaan Yadav,Shoes,Fashion,North,Delhi,3,2907.43,8722.29,10,872.23,7850.06,Credit Card,Returned,1
103652,2024-10-31,CUST4876,Vivaan Agarwal,Shoes,Fashion,West,Pune,2,3871.57,7743.14,10,774.31,6968.83,Debit Card,Delivered,0
103653,2023-07-06,CUST1727,Vivaan Agarwal,Keyboard,Electronics,East,Bhubaneswar,1,2204.08,2204.08,15,330.61,1873.47,Cash on Delivery,Returned,1
103654,2023-02-17,CUST1614,Aditya Gupta,Shoes,Fashion,South,Bengaluru,2,3883.35,7766.7,15,1165.01,6601.69,Cash on Delivery,Delivered,0
103655,2022-06-16,CUST2598,Sai Mehta,Camera,Electronics,South,Hyderabad,3,50127.88,150383.64,0,0.0,150383.64,Debit Card,Shipped,0
103656,2024-05-28,CUST1716,Vihaan Rao,Shoes,Fashion,South,Hyderabad,1,4764.73,4764.73,20,952.95,3811.78,Net Banking,Cancelled,0
103657,2023-02-17,CUST1952,Ananya Desai,Shoes,Fashion,East,Patna,1,2463.9,2463.9,5,123.19,2340.71,UPI,Shipped,0
103658,2023-06-02,CUST2799,Sai Verma,Shoes,Fashion,West,Pune,5,1466.9,7334.5,20,1466.9,5867.6,Debit Card,Shipped,0
103659,2023-08-12,CUST1206,Arjun Mehta,Watch,Fashion,North,Chandigarh,1,9996.86,9996.86,10,999.69,8997.17,Cash on Delivery,Returned,1
103660,2024-01-16,CUST3013,Diya Bhat,Mobile,Electronics,West,Pune,3,77600.13,232800.39,5,11640.02,221160.37,Cash on Delivery,Cancelled,0
103661,2023-12-15,CUST1911,Myra Kumar,Shoes,Fashion,East,Bhubaneswar,2,4659.87,9319.74,5,465.99,8853.75,Debit Card,Delivered,0
103662,2022-06-24,CUST1424,Krishna Mehta,T-Shirt,Fashion,East,Kolkata,2,1337.47,2674.94,20,534.99,2139.95,Debit Card,Returned,1
103663,2024-02-03,CUST1729,Sanjay Verma,Camera,Electronics,East,Kolkata,1,23299.09,23299.09,0,0.0,23299.09,UPI,Delivered,0
103664,2022-10-13,CUST1742,Priya Kumar,Laptop,Electronics,South,Hyderabad,5,105744.27,528721.35,20,105744.27,422977.08,Cash on Delivery,Shipped,0
103665,2024-08-29,CUST2246,Vivaan Malhotra,Keyboard,Electronics,West,Mumbai,3,3641.41,10924.23,10,1092.42,9831.81,Credit Card,Cancelled,0
103666,2024-06-19,CUST2964,Sara Reddy,Keyboard,Electronics,East,Kolkata,1,547.75,547.75,10,54.77,492.98,Credit Card,Returned,1
103667,2024-02-09,CUST3112,Rahul Verma,Watch,Fashion,North,Lucknow,5,3856.23,19281.15,20,3856.23,15424.92,Net Banking,Shipped,0
103668,2023-09-10,CUST3230,Ishaan Yadav,Backpack,Accessories,East,Bhubaneswar,2,2056.47,4112.94,15,616.94,3496.0,Cash on Delivery,Cancelled,0
103669,2023-04-19,CUST1392,Anika Gupta,T-Shirt,Fashion,West,Pune,2,636.15,1272.3,15,190.84,1081.46,UPI,Cancelled,0
103670,2024-01-21,CUST1127,Ananya Joshi,Keyboard,Electronics,West,Surat,1,1500.83,1500.83,5,75.04,1425.79,Debit Card,Delivered,0
103671,2024-11-05,CUST4498,Sara Kumar,Shoes,Fashion,West,Mumbai,1,6017.12,6017.12,20,1203.42,4813.7,Credit Card,Returned,1
103672,2023-04-21,CUST1237,Sara Mehta,Keyboard,Electronics,West,Mumbai,3,3616.22,10848.66,0,0.0,10848.66,Net Banking,Cancelled,0
103673,2024-11-21,CUST1897,Aadhya Chopra,Headphones,Electronics,East,Patna,2,5059.23,10118.46,10,1011.85,9106.61,Debit Card,Cancelled,0
103674,2022-03-10,CUST2561,Myra Sharma,Shoes,Fashion,North,Jaipur,2,2550.81,5101.62,5,255.08,4846.54,Debit Card,Shipped,0
103675,2023-04-23,CUST3347,Aditya Gupta,Mouse,Electronics,South,Kochi,1,2258.37,2258.37,15,338.76,1919.61,Debit Card,Returned,1
103676,2022-02-22,CUST3007,Meera Iyer,Camera,Electronics,East,Kolkata,5,54568.34,272841.7,10,27284.17,245557.53,Credit Card,Returned,1
103677,2024-08-13,CUST2989,Aarav Reddy,Keyboard,Electronics,East,Bhubaneswar,1,728.29,728.29,10,72.83,655.46,Net Banking,Shipped,0
103678,2022-01-30,CUST3119,Rohan Chopra,Watch,Fashion,East,Bhubaneswar,1,3521.04,3521.04,10,352.1,3168.94,Debit Card,Cancelled,0
103679,2023-09-04,CUST2767,Arjun Joshi,Headphones,Electronics,North,Lucknow,4,3616.31,14465.24,20,2893.05,11572.19,UPI,Cancelled,0
103680,2024-05-19,CUST3357,Ananya Kumar,T-Shirt,Fashion,South,Kochi,1,872.27,872.27,15,130.84,741.43,Credit Card,Shipped,0
103681,2024-07-11,CUST3545,Sai Verma,Watch,Fashion,North,Lucknow,2,22981.61,45963.22,10,4596.32,41366.9,Cash on Delivery,Shipped,0
103682,2022-07-22,CUST4086,Riya Yadav,Mobile,Electronics,South,Bengaluru,4,34415.89,137663.56,25,34415.89,103247.67,Credit Card,Shipped,0
103683,2022-06-12,CUST2079,Priya Pillai,Mouse,Electronics,South,Hyderabad,1,1257.96,1257.96,25,314.49,943.47,UPI,Cancelled,0
103684,2024-01-28,CUST2719,Suresh Mehta,Laptop,Electronics,West,Mumbai,5,57125.5,285627.5,25,71406.88,214220.62,Credit Card,Cancelled,0
103685,2023-10-10,CUST3783,Meera Yadav,Shoes,Fashion,West,Ahmedabad,1,5307.56,5307.56,0,0.0,5307.56,UPI,Returned,1
103686,2022-03-10,CUST1213,Diya Bhat,Keyboard,Electronics,North,Delhi,1,4037.06,4037.06,20,807.41,3229.65,Cash on Delivery,Delivered,0
103687,2024-01-06,CUST2054,Rohan Kapoor,Mouse,Electronics,East,Kolkata,3,2154.39,6463.17,15,969.48,5493.69,Credit Card,Cancelled,0
103688,2024-01-05,CUST2892,Ishaan Yadav,Backpack,Accessories,West,Mumbai,1,1875.74,1875.74,0,0.0,1875.74,UPI,Shipped,0
103689,2024-04-12,CUST4666,Aarav Joshi,Mouse,Electronics,South,Chennai,1,2429.09,2429.09,20,485.82,1943.27,Credit Card,Shipped,0
103690,2022-06-20,CUST1161,Reyansh Kapoor,T-Shirt,Fashion,East,Bhubaneswar,4,924.66,3698.64,0,0.0,3698.64,UPI,Delivered,0
103691,2024-02-26,CUST3790,Diya Singh,Shoes,Fashion,East,Kolkata,1,3740.0,3740.0,5,187.0,3553.0,Cash on Delivery,Cancelled,0
103692,2022-02-14,CUST4178,Myra Patel,Mobile,Electronics,North,Delhi,2,35721.99,71443.98,0,0.0,71443.98,Debit Card,Shipped,0
103693,2022-07-27,CUST3829,Rahul Verma,Shoes,Fashion,North,Chandigarh,3,3593.75,10781.25,20,2156.25,8625.0,UPI,Cancelled,0
103694,2024-01-12,CUST1408,Rohan Agarwal,Keyboard,Electronics,West,Pune,3,986.56,2959.68,10,295.97,2663.71,UPI,Shipped,0
103695,2023-01-04,CUST1344,Ishaan Joshi,Mouse,Electronics,South,Hyderabad,1,1606.17,1606.17,5,80.31,1525.86,Net Banking,Returned,1
103696,2023-07-11,CUST4143,Pooja Nair,T-Shirt,Fashion,North,Delhi,4,1591.46,6365.84,15,954.88,5410.96,UPI,Returned,1
103697,2023-06-30,CUST4978,Suresh Joshi,Shoes,Fashion,West,Pune,4,3462.33,13849.32,15,2077.4,11771.92,Net Banking,Shipped,0
103698,2023-06-07,CUST1961,Vikram Agarwal,T-Shirt,Fashion,West,Ahmedabad,1,357.2,357.2,15,53.58,303.62,UPI,Delivered,0
103699,2024-09-03,CUST2959,Sanjay Iyer,Watch,Fashion,North,Jaipur,3,21263.42,63790.26,10,6379.03,57411.23,Net Banking,Shipped,0
103700,2022-04-03,CUST2123,Ananya Iyer,Mouse,Electronics,East,Guwahati,2,860.22,1720.44,10,172.04,1548.4,Debit Card,Delivered,0
103701,2023-09-20,CUST4304,Myra Rao,Headphones,Electronics,South,Bengaluru,4,4072.96,16291.84,10,1629.18,14662.66,Net Banking,Returned,1
103702,2024-01-18,CUST4434,Sai Agarwal,Shoes,Fashion,South,Kochi,4,4775.6,19102.4,0,0.0,19102.4,Cash on Delivery,Returned,1
103703,2023-12-29,CUST2304,Kavya Pillai,Laptop,Electronics,North,Lucknow,1,71994.42,71994.42,10,7199.44,64794.98,Cash on Delivery,Returned,1
103704,2024-05-01,CUST3709,Aadhya Verma,Watch,Fashion,North,Jaipur,4,11578.5,46314.0,15,6947.1,39366.9,Net Banking,Returned,1
103705,2023-12-29,CUST4464,Rakesh Pillai,Laptop,Electronics,West,Surat,2,75912.06,151824.12,20,30364.82,121459.3,Cash on Delivery,Delivered,0
103706,2024-01-08,CUST2048,Diya Joshi,Shoes,Fashion,West,Mumbai,1,2945.06,2945.06,25,736.26,2208.8,Cash on Delivery,Returned,1
103707,2023-07-02,CUST2102,Suresh Bhat,Watch,Fashion,South,Hyderabad,2,8905.71,17811.42,10,1781.14,16030.28,Debit Card,Delivered,0
103708,2023-11-24,CUST4979,Neha Nair,Mobile,Electronics,South,Hyderabad,3,62014.15,186042.45,10,18604.24,167438.21,UPI,Shipped,0
103709,2024-07-09,CUST4803,Sai Desai,Headphones,Electronics,North,Jaipur,1,4870.11,4870.11,5,243.51,4626.6,Debit Card,Cancelled,0
103710,2023-07-13,CUST4012,Priya Singh,Shoes,Fashion,North,Lucknow,2,4101.99,8203.98,15,1230.6,6973.38,Net Banking,Delivered,0
103711,2023-01-19,CUST2782,Sanjay Pillai,Mouse,Electronics,West,Mumbai,1,2335.28,2335.28,20,467.06,1868.22,Net Banking,Shipped,0
103712,2024-01-09,CUST4934,Vivaan Verma,Laptop,Electronics,North,Lucknow,3,100473.29,301419.87,25,75354.97,226064.9,Credit Card,Shipped,0
103713,2024-08-14,CUST2048,Amit Kapoor,Shoes,Fashion,East,Guwahati,4,3321.17,13284.68,5,664.23,12620.45,UPI,Cancelled,0
103714,2023-01-31,CUST3383,Amit Rao,Headphones,Electronics,South,Bengaluru,2,2873.07,5746.14,25,1436.54,4309.6,Net Banking,Shipped,0
103715,2022-06-01,CUST3511,Diya Rao,Mobile,Electronics,North,Chandigarh,4,36791.69,147166.76,5,7358.34,139808.42,Cash on Delivery,Shipped,0
103716,2022-05-10,CUST4089,Reyansh Reddy,Shoes,Fashion,South,Kochi,3,1694.77,5084.31,0,0.0,5084.31,Cash on Delivery,Shipped,0
103717,2024-06-04,CUST4104,Riya Singh,Laptop,Electronics,West,Mumbai,1,115490.06,115490.06,10,11549.01,103941.05,Debit Card,Shipped,0
103718,2022-08-30,CUST3344,Vihaan Singh,Laptop,Electronics,East,Kolkata,3,42674.39,128023.17,10,12802.32,115220.85,Net Banking,Returned,1
103719,2022-07-13,CUST4747,Ishaan Rao,Laptop,Electronics,South,Hyderabad,1,40794.56,40794.56,0,0.0,40794.56,Debit Card,Returned,1
103720,2022-05-02,CUST4899,Diya Yadav,Mobile,Electronics,East,Kolkata,5,61935.48,309677.4,0,0.0,309677.4,Debit Card,Cancelled,0
103721,2023-03-02,CUST2463,Pooja Desai,Mouse,Electronics,West,Surat,3,858.38,2575.14,5,128.76,2446.38,Credit Card,Cancelled,0
103722,2023-10-27,CUST1039,Vivaan Iyer,Laptop,Electronics,West,Ahmedabad,2,75293.81,150587.62,10,15058.76,135528.86,Credit Card,Returned,1
103723,2022-06-02,CUST2465,Isha Singh,Headphones,Electronics,West,Surat,4,5723.25,22893.0,0,0.0,22893.0,UPI,Returned,1
103724,2023-09-18,CUST2007,Amit Kapoor,Backpack,Accessories,West,Ahmedabad,2,1563.26,3126.52,10,312.65,2813.87,Net Banking,Shipped,0
103725,2024-12-14,CUST4525,Riya Nair,Shoes,Fashion,North,Chandigarh,4,3629.53,14518.12,20,2903.62,11614.5,Net Banking,Cancelled,0
103726,2023-06-11,CUST2571,Aadhya Bhat,Watch,Fashion,North,Lucknow,4,24227.05,96908.2,10,9690.82,87217.38,Net Banking,Delivered,0
103727,2024-02-20,CUST4419,Ananya Singh,Watch,Fashion,North,Jaipur,1,10229.72,10229.72,20,2045.94,8183.78,Debit Card,Returned,1
103728,2022-02-11,CUST3885,Ishaan Patel,Laptop,Electronics,North,Jaipur,2,41316.23,82632.46,10,8263.25,74369.21,Debit Card,Shipped,0
103729,2023-05-24,CUST4792,Myra Verma,Backpack,Accessories,South,Bengaluru,3,1509.7,4529.1,15,679.37,3849.73,Credit Card,Shipped,0
103730,2023-10-13,CUST3385,Aarav Patel,Headphones,Electronics,South,Kochi,2,1517.77,3035.54,15,455.33,2580.21,Debit Card,Cancelled,0
103731,2024-01-27,CUST4454,Isha Pillai,Keyboard,Electronics,South,Bengaluru,3,621.4,1864.2,0,0.0,1864.2,Credit Card,Delivered,0
103732,2024-08-02,CUST1780,Ishaan Malhotra,Keyboard,Electronics,West,Mumbai,4,2408.6,9634.4,15,1445.16,8189.24,Cash on Delivery,Cancelled,0
103733,2022-08-01,CUST1872,Neha Pillai,Camera,Electronics,West,Surat,2,53062.99,106125.98,20,21225.2,84900.78,Debit Card,Shipped,0
103734,2023-08-16,CUST2694,Riya Singh,Shoes,Fashion,North,Chandigarh,4,4590.2,18360.8,0,0.0,18360.8,Cash on Delivery,Shipped,0
103735,2022-01-01,CUST1854,Kavya Patel,Headphones,Electronics,North,Lucknow,5,1946.9,9734.5,15,1460.17,8274.33,Credit Card,Shipped,0
103736,2023-10-04,CUST4997,Deepa Patel,T-Shirt,Fashion,South,Hyderabad,4,1210.66,4842.64,25,1210.66,3631.98,Cash on Delivery,Shipped,0
103737,2022-03-05,CUST4919,Rakesh Verma,Laptop,Electronics,North,Delhi,4,105437.03,421748.12,0,0.0,421748.12,Net Banking,Returned,1
103738,2023-11-03,CUST1238,Meera Rao,Laptop,Electronics,South,Bengaluru,4,98440.6,393762.4,25,98440.6,295321.8,Cash on Delivery,Returned,1
103739,2024-06-14,CUST4470,Kavya Verma,Headphones,Electronics,South,Chennai,4,5860.04,23440.16,5,1172.01,22268.15,UPI,Cancelled,0
103740,2023-09-27,CUST4101,Isha Nair,Mobile,Electronics,North,Jaipur,2,34662.76,69325.52,5,3466.28,65859.24,Credit Card,Shipped,0
103741,2024-10-04,CUST4603,Ananya Nair,Backpack,Accessories,South,Hyderabad,3,2792.17,8376.51,10,837.65,7538.86,Cash on Delivery,Cancelled,0
103742,2022-07-18,CUST2511,Isha Verma,Camera,Electronics,East,Bhubaneswar,2,34959.96,69919.92,15,10487.99,59431.93,Credit Card,Returned,1
103743,2022-03-28,CUST2644,Anika Singh,T-Shirt,Fashion,North,Delhi,3,1323.19,3969.57,20,793.91,3175.66,Credit Card,Cancelled,0
103744,2022-07-07,CUST4711,Vikram Joshi,Shoes,Fashion,East,Guwahati,4,2726.15,10904.6,0,0.0,10904.6,Credit Card,Returned,1
103745,2022-05-05,CUST4473,Neha Chopra,Laptop,Electronics,East,Patna,4,98641.19,394564.76,10,39456.48,355108.28,Cash on Delivery,Returned,1
103746,2023-06-01,CUST4880,Vikram Yadav,Backpack,Accessories,North,Delhi,1,2738.89,2738.89,15,410.83,2328.06,Debit Card,Delivered,0
103747,2022-11-03,CUST2823,Deepa Sharma,Shoes,Fashion,North,Lucknow,1,3201.49,3201.49,10,320.15,2881.34,Net Banking,Shipped,0
103748,2023-03-27,CUST3362,Kavya Chopra,Mouse,Electronics,East,Kolkata,2,323.34,646.68,10,64.67,582.01,Cash on Delivery,Cancelled,0
103749,2022-04-08,CUST1497,Ananya Nair,Shoes,Fashion,North,Lucknow,3,4543.12,13629.36,10,1362.94,12266.42,UPI,Returned,1
103750,2024-07-25,CUST3909,Diya Gupta,Shoes,Fashion,West,Ahmedabad,1,5360.59,5360.59,10,536.06,4824.53,Cash on Delivery,Returned,1
103751,2024-01-24,CUST2789,Diya Pillai,T-Shirt,Fashion,West,Mumbai,4,1673.25,6693.0,10,669.3,6023.7,Debit Card,Delivered,0
103752,2022-07-09,CUST4270,Meera Singh,Camera,Electronics,South,Kochi,5,34288.75,171443.75,0,0.0,171443.75,UPI,Delivered,0
103753,2022-11-06,CUST1648,Vihaan Chopra,Headphones,Electronics,South,Chennai,1,7021.77,7021.77,5,351.09,6670.68,Cash on Delivery,Cancelled,0
103754,2023-07-29,CUST4667,Rakesh Verma,Shoes,Fashion,West,Ahmedabad,3,3894.52,11683.56,5,584.18,11099.38,UPI,Cancelled,0
103755,2023-08-10,CUST3572,Neha Pillai,T-Shirt,Fashion,East,Kolkata,1,1467.02,1467.02,5,73.35,1393.67,Net Banking,Cancelled,0
103756,2022-05-05,CUST2699,Anika Reddy,Mouse,Electronics,East,Kolkata,1,1776.58,1776.58,5,88.83,1687.75,UPI,Cancelled,0
103757,2022-12-11,CUST4011,Neha Verma,Camera,Electronics,East,Kolkata,1,34635.57,34635.57,15,5195.34,29440.23,Cash on Delivery,Cancelled,0
103758,2022-08-05,CUST2603,Ananya Gupta,Mouse,Electronics,East,Guwahati,1,2283.36,2283.36,25,570.84,1712.52,Net Banking,Delivered,0
103759,2023-12-13,CUST4783,Anika Agarwal,Shoes,Fashion,West,Mumbai,2,3214.76,6429.52,25,1607.38,4822.14,UPI,Cancelled,0
103760,2023-01-21,CUST4315,Suresh Kumar,Keyboard,Electronics,South,Bengaluru,1,1938.98,1938.98,25,484.75,1454.23,UPI,Delivered,0
103761,2022-02-10,CUST2098,Isha Yadav,Backpack,Accessories,East,Bhubaneswar,2,1834.59,3669.18,0,0.0,3669.18,Net Banking,Cancelled,0
103762,2022-07-18,CUST4746,Priya Bhat,Backpack,Accessories,East,Guwahati,4,3091.42,12365.68,20,2473.14,9892.54,Net Banking,Delivered,0
103763,2023-10-23,CUST3110,Anika Joshi,Keyboard,Electronics,East,Patna,4,3518.68,14074.72,25,3518.68,10556.04,Cash on Delivery,Delivered,0
103764,2022-01-12,CUST1253,Ishaan Rao,Laptop,Electronics,West,Pune,4,99195.96,396783.84,15,59517.58,337266.26,Debit Card,Cancelled,0
103765,2024-10-13,CUST2572,Vikram Verma,Keyboard,Electronics,East,Patna,4,3358.27,13433.08,0,0.0,13433.08,Net Banking,Returned,1
103766,2022-04-15,CUST4062,Rahul Mehta,Laptop,Electronics,South,Chennai,2,88024.6,176049.2,0,0.0,176049.2,Credit Card,Delivered,0
103767,2022-11-24,CUST2742,Deepa Pillai,T-Shirt,Fashion,West,Mumbai,1,371.4,371.4,10,37.14,334.26,Net Banking,Returned,1
103768,2022-08-31,CUST3234,Vikram Yadav,Laptop,Electronics,South,Chennai,1,115244.25,115244.25,0,0.0,115244.25,Cash on Delivery,Cancelled,0
103769,2023-01-04,CUST1099,Aadhya Joshi,Mobile,Electronics,West,Ahmedabad,1,25989.83,25989.83,10,2598.98,23390.85,Cash on Delivery,Returned,1
103770,2023-01-12,CUST3840,Aarav Chopra,Mouse,Electronics,North,Lucknow,2,2024.93,4049.86,10,404.99,3644.87,Credit Card,Delivered,0
103771,2022-11-18,CUST1330,Ishaan Pillai,Headphones,Electronics,West,Ahmedabad,1,6863.92,6863.92,20,1372.78,5491.14,Cash on Delivery,Shipped,0
103772,2022-09-04,CUST3601,Vikram Kapoor,Camera,Electronics,West,Surat,3,54211.83,162635.49,5,8131.77,154503.72,Credit Card,Shipped,0
103773,2022-01-07,CUST3588,Aadhya Nair,Laptop,Electronics,North,Delhi,2,42869.99,85739.98,5,4287.0,81452.98,Debit Card,Shipped,0
103774,2022-11-12,CUST3867,Aadhya Rao,Backpack,Accessories,West,Ahmedabad,1,2183.99,2183.99,15,327.6,1856.39,Debit Card,Shipped,0
103775,2024-08-11,CUST1831,Priya Yadav,Watch,Fashion,North,Chandigarh,3,22460.29,67380.87,10,6738.09,60642.78,UPI,Shipped,0
103776,2022-04-15,CUST1813,Diya Rao,Backpack,Accessories,South,Chennai,3,1609.79,4829.37,5,241.47,4587.9,Cash on Delivery,Delivered,0
103777,2023-02-25,CUST3521,Meera Joshi,Mouse,Electronics,West,Surat,1,963.67,963.67,20,192.73,770.94,Cash on Delivery,Shipped,0
103778,2023-08-12,CUST2764,Deepa Reddy,Camera,Electronics,North,Jaipur,2,47564.06,95128.12,10,9512.81,85615.31,UPI,Delivered,0
103779,2023-10-08,CUST4993,Neha Yadav,Laptop,Electronics,North,Chandigarh,2,93934.05,187868.1,0,0.0,187868.1,Credit Card,Cancelled,0
103780,2022-08-11,CUST2562,Suresh Joshi,Laptop,Electronics,South,Kochi,3,44973.96,134921.88,0,0.0,134921.88,Net Banking,Returned,1
103781,2023-05-07,CUST1527,Amit Verma,Keyboard,Electronics,West,Mumbai,2,2969.48,5938.96,10,593.9,5345.06,UPI,Cancelled,0
103782,2023-05-06,CUST2583,Vihaan Malhotra,Keyboard,Electronics,North,Lucknow,4,1340.76,5363.04,20,1072.61,4290.43,Net Banking,Returned,1
103783,2022-01-12,CUST2004,Aarav Joshi,Backpack,Accessories,East,Patna,1,2870.45,2870.45,15,430.57,2439.88,UPI,Shipped,0
103784,2024-03-07,CUST2900,Vivaan Singh,T-Shirt,Fashion,West,Surat,2,789.66,1579.32,0,0.0,1579.32,UPI,Returned,1
103785,2024-09-21,CUST1237,Reyansh Kapoor,Mobile,Electronics,South,Kochi,5,25405.52,127027.6,10,12702.76,114324.84,Credit Card,Shipped,0
103786,2022-12-14,CUST3047,Rohan Pillai,T-Shirt,Fashion,West,Pune,1,1630.25,1630.25,0,0.0,1630.25,UPI,Shipped,0
103787,2024-11-04,CUST4438,Amit Rao,Backpack,Accessories,East,Guwahati,2,2404.37,4808.74,25,1202.18,3606.56,Debit Card,Shipped,0
103788,2024-03-04,CUST2549,Aarav Sharma,Keyboard,Electronics,South,Chennai,2,3100.68,6201.36,20,1240.27,4961.09,Net Banking,Cancelled,0
103789,2022-12-01,CUST3229,Diya Singh,Mouse,Electronics,West,Mumbai,4,651.18,2604.72,10,260.47,2344.25,Credit Card,Returned,1
103790,2023-08-08,CUST3497,Vihaan Yadav,Laptop,Electronics,South,Bengaluru,2,100980.59,201961.18,15,30294.18,171667.0,Net Banking,Shipped,0
103791,2022-01-09,CUST4744,Meera Bhat,Shoes,Fashion,West,Surat,1,1590.54,1590.54,10,159.05,1431.49,Net Banking,Shipped,0
103792,2023-07-11,CUST2010,Vikram Bhat,Mobile,Electronics,West,Ahmedabad,1,51987.31,51987.31,10,5198.73,46788.58,Net Banking,Shipped,0
103793,2023-01-10,CUST1287,Vihaan Reddy,Keyboard,Electronics,North,Jaipur,2,4171.75,8343.5,10,834.35,7509.15,Debit Card,Delivered,0
103794,2024-09-02,CUST1911,Rahul Joshi,T-Shirt,Fashion,East,Guwahati,3,1434.16,4302.48,10,430.25,3872.23,Cash on Delivery,Delivered,0
103795,2023-05-09,CUST1519,Myra Gupta,Backpack,Accessories,South,Bengaluru,4,1686.79,6747.16,10,674.72,6072.44,Credit Card,Returned,1
103796,2022-07-21,CUST1820,Krishna Pillai,Mouse,Electronics,East,Guwahati,1,2484.5,2484.5,0,0.0,2484.5,Credit Card,Delivered,0
103797,2022-10-09,CUST3433,Ishaan Desai,Camera,Electronics,South,Chennai,5,19777.67,98888.35,10,9888.83,88999.52,Credit Card,Delivered,0
103798,2023-04-08,CUST2441,Pooja Verma,Watch,Fashion,South,Hyderabad,1,21074.59,21074.59,10,2107.46,18967.13,Net Banking,Shipped,0
103799,2024-04-01,CUST4129,Ishaan Sharma,Watch,Fashion,South,Kochi,1,13763.47,13763.47,20,2752.69,11010.78,UPI,Returned,1
103800,2024-09-21,CUST4450,Sara Mehta,Camera,Electronics,South,Kochi,1,53820.97,53820.97,0,0.0,53820.97,Net Banking,Returned,1
103801,2024-05-14,CUST1714,Isha Pillai,Mouse,Electronics,South,Chennai,2,1055.93,2111.86,20,422.37,1689.49,Debit Card,Shipped,0
103802,2023-07-10,CUST3728,Vivaan Rao,Watch,Fashion,North,Delhi,5,5056.01,25280.05,25,6320.01,18960.04,UPI,Delivered,0
103803,2024-12-12,CUST3523,Reyansh Iyer,Backpack,Accessories,North,Jaipur,1,2388.56,2388.56,10,238.86,2149.7,Debit Card,Returned,1
103804,2024-05-12,CUST2688,Sai Malhotra,Headphones,Electronics,West,Surat,1,3378.69,3378.69,20,675.74,2702.95,UPI,Returned,1
103805,2023-10-02,CUST3669,Reyansh Desai,Mouse,Electronics,West,Mumbai,1,1183.18,1183.18,10,118.32,1064.86,Net Banking,Shipped,0
103806,2022-03-06,CUST1608,Vivaan Patel,Camera,Electronics,East,Bhubaneswar,2,34241.6,68483.2,15,10272.48,58210.72,Cash on Delivery,Returned,1
103807,2022-03-16,CUST1026,Riya Patel,Mouse,Electronics,South,Hyderabad,4,1700.73,6802.92,0,0.0,6802.92,UPI,Shipped,0
103808,2023-09-29,CUST1158,Suresh Iyer,Backpack,Accessories,East,Guwahati,2,3119.42,6238.84,10,623.88,5614.96,Credit Card,Delivered,0
103809,2022-11-17,CUST4732,Rakesh Sharma,Backpack,Accessories,North,Jaipur,4,1499.67,5998.68,15,899.8,5098.88,UPI,Returned,1
103810,2023-02-09,CUST4169,Vivaan Desai,Mobile,Electronics,North,Lucknow,2,63657.39,127314.78,10,12731.48,114583.3,UPI,Returned,1
103811,2022-08-06,CUST1242,Vivaan Pillai,Keyboard,Electronics,North,Chandigarh,5,1994.07,9970.35,15,1495.55,8474.8,UPI,Returned,1
103812,2023-06-02,CUST2464,Aarav Kumar,T-Shirt,Fashion,East,Guwahati,4,445.3,1781.2,0,0.0,1781.2,UPI,Shipped,0
103813,2023-06-11,CUST4408,Krishna Joshi,Backpack,Accessories,West,Surat,1,1539.7,1539.7,10,153.97,1385.73,UPI,Cancelled,0
103814,2023-10-18,CUST3044,Reyansh Joshi,Watch,Fashion,East,Guwahati,2,23039.2,46078.4,15,6911.76,39166.64,Credit Card,Shipped,0
103815,2023-12-23,CUST3201,Reyansh Bhat,Shoes,Fashion,East,Patna,1,6477.42,6477.42,0,0.0,6477.42,Net Banking,Delivered,0
103816,2022-05-23,CUST4611,Amit Chopra,Shoes,Fashion,South,Kochi,5,4057.17,20285.85,15,3042.88,17242.97,Cash on Delivery,Shipped,0
103817,2023-07-15,CUST1083,Pooja Iyer,Mobile,Electronics,North,Lucknow,4,13028.44,52113.76,20,10422.75,41691.01,UPI,Cancelled,0
103818,2023-08-12,CUST4177,Krishna Iyer,Keyboard,Electronics,East,Bhubaneswar,3,2480.03,7440.09,15,1116.01,6324.08,Credit Card,Returned,1
103819,2023-08-02,CUST2208,Vikram Verma,Headphones,Electronics,East,Patna,2,4087.15,8174.3,10,817.43,7356.87,UPI,Returned,1
103820,2024-09-11,CUST1864,Arjun Kapoor,Shoes,Fashion,West,Pune,1,4464.16,4464.16,10,446.42,4017.74,Credit Card,Cancelled,0
103821,2024-06-24,CUST2194,Anika Joshi,Laptop,Electronics,North,Delhi,2,88364.62,176729.24,15,26509.39,150219.85,Cash on Delivery,Shipped,0
103822,2022-09-21,CUST2735,Sara Kumar,Headphones,Electronics,East,Bhubaneswar,3,2582.94,7748.82,10,774.88,6973.94,Credit Card,Shipped,0
103823,2022-05-27,CUST3634,Aarav Mehta,Mobile,Electronics,South,Kochi,5,13075.33,65376.65,20,13075.33,52301.32,Debit Card,Delivered,0
103824,2023-12-20,CUST2434,Vikram Agarwal,Mobile,Electronics,South,Bengaluru,2,77738.15,155476.3,10,15547.63,139928.67,Credit Card,Shipped,0
103825,2024-11-18,CUST2697,Sanjay Sharma,Camera,Electronics,East,Bhubaneswar,1,51765.0,51765.0,5,2588.25,49176.75,UPI,Returned,1
103826,2023-07-06,CUST3536,Deepa Mehta,Keyboard,Electronics,North,Lucknow,3,2941.4,8824.2,5,441.21,8382.99,Credit Card,Cancelled,0
103827,2022-07-26,CUST1747,Rakesh Patel,Backpack,Accessories,East,Bhubaneswar,5,2874.94,14374.7,0,0.0,14374.7,Net Banking,Shipped,0
103828,2024-10-12,CUST3390,Anika Kapoor,Mouse,Electronics,South,Chennai,1,1752.02,1752.02,0,0.0,1752.02,Credit Card,Shipped,0
103829,2024-01-30,CUST3615,Rahul Sharma,Keyboard,Electronics,East,Guwahati,1,732.96,732.96,20,146.59,586.37,UPI,Shipped,0
103830,2023-02-19,CUST2370,Arjun Rao,Mouse,Electronics,West,Surat,3,708.1,2124.3,10,212.43,1911.87,Credit Card,Returned,1
103831,2023-05-10,CUST4787,Myra Yadav,Shoes,Fashion,North,Chandigarh,3,1194.43,3583.29,15,537.49,3045.8,Cash on Delivery,Delivered,0
103832,2023-02-04,CUST4299,Isha Malhotra,T-Shirt,Fashion,South,Hyderabad,1,1757.26,1757.26,5,87.86,1669.4,Net Banking,Returned,1
103833,2023-04-05,CUST2852,Sara Chopra,Camera,Electronics,West,Ahmedabad,2,25708.24,51416.48,20,10283.3,41133.18,Net Banking,Returned,1
103834,2023-12-22,CUST3471,Vihaan Mehta,Watch,Fashion,North,Lucknow,2,4694.02,9388.04,15,1408.21,7979.83,Cash on Delivery,Delivered,0
103835,2024-01-10,CUST4008,Rahul Mehta,Watch,Fashion,South,Kochi,5,11822.73,59113.65,20,11822.73,47290.92,UPI,Cancelled,0
103836,2023-03-13,CUST4347,Rahul Joshi,Keyboard,Electronics,North,Lucknow,1,3090.4,3090.4,10,309.04,2781.36,Debit Card,Shipped,0
103837,2024-02-17,CUST1583,Diya Verma,Shoes,Fashion,South,Kochi,4,4351.06,17404.24,10,1740.42,15663.82,Cash on Delivery,Cancelled,0
103838,2024-01-01,CUST3745,Vikram Kapoor,Camera,Electronics,West,Mumbai,4,21861.19,87444.76,10,8744.48,78700.28,Credit Card,Returned,1
103839,2022-04-20,CUST1791,Deepa Rao,Shoes,Fashion,North,Delhi,2,4464.4,8928.8,25,2232.2,6696.6,Debit Card,Delivered,0
103840,2023-03-03,CUST2915,Sai Bhat,Camera,Electronics,East,Kolkata,2,23630.63,47261.26,10,4726.13,42535.13,UPI,Cancelled,0
103841,2023-01-02,CUST3770,Isha Kapoor,Watch,Fashion,West,Pune,3,23227.46,69682.38,10,6968.24,62714.14,UPI,Cancelled,0
103842,2023-02-27,CUST1548,Anika Desai,Watch,Fashion,South,Chennai,1,18975.28,18975.28,5,948.76,18026.52,Credit Card,Returned,1
103843,2023-07-03,CUST3431,Rakesh Gupta,Backpack,Accessories,South,Kochi,3,2885.68,8657.04,5,432.85,8224.19,Credit Card,Shipped,0
103844,2023-06-23,CUST3264,Amit Reddy,Watch,Fashion,South,Hyderabad,2,17349.07,34698.14,25,8674.53,26023.61,UPI,Shipped,0
103845,2023-04-14,CUST3162,Amit Rao,Laptop,Electronics,North,Lucknow,4,72974.23,291896.92,15,43784.54,248112.38,Credit Card,Delivered,0
103846,2022-08-31,CUST4840,Rakesh Sharma,Mobile,Electronics,North,Chandigarh,1,63586.41,63586.41,20,12717.28,50869.13,Debit Card,Delivered,0
103847,2023-07-23,CUST2696,Priya Chopra,Keyboard,Electronics,North,Chandigarh,2,4488.87,8977.74,10,897.77,8079.97,Net Banking,Shipped,0
103848,2022-07-08,CUST1223,Pooja Mehta,Mouse,Electronics,West,Mumbai,3,2073.24,6219.72,15,932.96,5286.76,UPI,Cancelled,0
103849,2024-02-15,CUST2890,Neha Joshi,Laptop,Electronics,North,Delhi,4,35085.75,140343.0,5,7017.15,133325.85,Credit Card,Delivered,0
103850,2024-09-03,CUST1342,Aadhya Joshi,Mobile,Electronics,South,Kochi,2,46096.5,92193.0,5,4609.65,87583.35,Debit Card,Returned,1
103851,2022-04-22,CUST4650,Meera Joshi,Backpack,Accessories,South,Kochi,2,2612.91,5225.82,15,783.87,4441.95,Debit Card,Shipped,0
103852,2024-02-08,CUST1902,Priya Mehta,Mouse,Electronics,East,Bhubaneswar,1,1846.54,1846.54,15,276.98,1569.56,UPI,Cancelled,0
103853,2022-01-01,CUST1287,Aadhya Kapoor,Shoes,Fashion,North,Delhi,2,5245.76,10491.52,20,2098.3,8393.22,Debit Card,Returned,1
103854,2022-04-26,CUST4516,Aadhya Gupta,Mouse,Electronics,North,Lucknow,1,1566.1,1566.1,15,234.91,1331.19,Cash on Delivery,Delivered,0
103855,2022-05-01,CUST1489,Ishaan Gupta,Backpack,Accessories,South,Bengaluru,2,1325.54,2651.08,10,265.11,2385.97,UPI,Shipped,0
103856,2023-08-07,CUST1132,Kavya Pillai,Shoes,Fashion,East,Guwahati,2,3312.15,6624.3,5,331.21,6293.09,Net Banking,Returned,1
103857,2022-11-01,CUST4534,Arjun Yadav,Watch,Fashion,West,Surat,3,14278.2,42834.6,5,2141.73,40692.87,UPI,Cancelled,0
103858,2024-10-30,CUST4185,Arjun Nair,T-Shirt,Fashion,North,Chandigarh,2,800.91,1601.82,10,160.18,1441.64,Net Banking,Returned,1
103859,2024-07-04,CUST1767,Ishaan Kapoor,Keyboard,Electronics,South,Kochi,5,3463.25,17316.25,10,1731.62,15584.63,UPI,Cancelled,0
103860,2023-11-13,CUST1065,Riya Chopra,Keyboard,Electronics,North,Delhi,3,2261.1,6783.3,20,1356.66,5426.64,Credit Card,Delivered,0
103861,2022-06-29,CUST2564,Aditya Mehta,Camera,Electronics,West,Pune,4,47074.48,188297.92,5,9414.9,178883.02,UPI,Cancelled,0
103862,2024-04-10,CUST3631,Rohan Yadav,Shoes,Fashion,East,Kolkata,1,3899.93,3899.93,20,779.99,3119.94,Debit Card,Cancelled,0
103863,2022-12-10,CUST3706,Amit Reddy,Camera,Electronics,East,Guwahati,1,46685.07,46685.07,0,0.0,46685.07,Credit Card,Returned,1
103864,2022-05-09,CUST3099,Diya Gupta,Camera,Electronics,South,Kochi,3,33767.34,101302.02,10,10130.2,91171.82,Debit Card,Shipped,0
103865,2023-09-15,CUST2152,Kavya Joshi,Camera,Electronics,East,Guwahati,4,47133.16,188532.64,0,0.0,188532.64,UPI,Returned,1
103866,2023-06-07,CUST3025,Suresh Kumar,Watch,Fashion,North,Jaipur,3,14202.68,42608.04,5,2130.4,40477.64,Net Banking,Returned,1
103867,2022-11-25,CUST3443,Kavya Bhat,T-Shirt,Fashion,South,Bengaluru,5,1369.82,6849.1,25,1712.28,5136.82,Net Banking,Cancelled,0
103868,2023-08-20,CUST2756,Rohan Patel,Backpack,Accessories,North,Chandigarh,5,1314.95,6574.75,10,657.48,5917.27,Net Banking,Shipped,0
103869,2023-07-24,CUST2676,Sai Sharma,Mouse,Electronics,West,Surat,1,1349.2,1349.2,10,134.92,1214.28,Debit Card,Cancelled,0
103870,2022-01-24,CUST3652,Ishaan Yadav,Shoes,Fashion,North,Delhi,2,3805.72,7611.44,25,1902.86,5708.58,Net Banking,Shipped,0
103871,2023-02-09,CUST1264,Aditya Chopra,Shoes,Fashion,South,Hyderabad,3,1889.18,5667.54,25,1416.88,4250.66,Cash on Delivery,Shipped,0
103872,2023-09-28,CUST3595,Meera Joshi,T-Shirt,Fashion,West,Mumbai,2,1204.74,2409.48,15,361.42,2048.06,Debit Card,Cancelled,0
103873,2023-01-06,CUST3453,Diya Patel,Shoes,Fashion,South,Bengaluru,3,4202.86,12608.58,20,2521.72,10086.86,Net Banking,Cancelled,0
103874,2022-10-02,CUST4765,Arjun Pillai,Watch,Fashion,North,Delhi,1,21696.61,21696.61,10,2169.66,19526.95,Debit Card,Shipped,0
103875,2022-12-19,CUST3698,Krishna Yadav,Shoes,Fashion,East,Guwahati,1,2733.29,2733.29,5,136.66,2596.63,Debit Card,Delivered,0
103876,2024-12-06,CUST1480,Rahul Sharma,Mobile,Electronics,East,Patna,1,31538.87,31538.87,10,3153.89,28384.98,Debit Card,Shipped,0
103877,2022-07-30,CUST3235,Reyansh Yadav,Camera,Electronics,South,Hyderabad,2,39080.82,78161.64,15,11724.25,66437.39,Credit Card,Cancelled,0
103878,2023-03-18,CUST1992,Meera Desai,Mobile,Electronics,West,Pune,1,84742.62,84742.62,10,8474.26,76268.36,Cash on Delivery,Delivered,0
103879,2023-04-26,CUST1393,Ishaan Kumar,Camera,Electronics,South,Chennai,4,20986.14,83944.56,25,20986.14,62958.42,Debit Card,Shipped,0
103880,2022-01-14,CUST4631,Aadhya Reddy,Keyboard,Electronics,South,Kochi,4,4043.39,16173.56,5,808.68,15364.88,UPI,Shipped,0
103881,2022-04-01,CUST4202,Vikram Joshi,Keyboard,Electronics,South,Bengaluru,2,1536.11,3072.22,15,460.83,2611.39,Credit Card,Returned,1
103882,2024-01-19,CUST3136,Pooja Chopra,T-Shirt,Fashion,North,Jaipur,1,1593.98,1593.98,10,159.4,1434.58,Net Banking,Delivered,0
103883,2022-11-19,CUST4559,Rahul Chopra,Shoes,Fashion,East,Bhubaneswar,4,5095.26,20381.04,0,0.0,20381.04,UPI,Cancelled,0
103884,2022-10-06,CUST4095,Kavya Kumar,T-Shirt,Fashion,West,Pune,2,1109.19,2218.38,10,221.84,1996.54,Net Banking,Shipped,0
103885,2024-01-28,CUST3604,Reyansh Kumar,Keyboard,Electronics,West,Mumbai,5,4474.47,22372.35,10,2237.24,20135.11,Cash on Delivery,Shipped,0
103886,2024-06-27,CUST4101,Aadhya Mehta,Shoes,Fashion,East,Bhubaneswar,4,5195.07,20780.28,20,4156.06,16624.22,Credit Card,Cancelled,0
103887,2024-08-25,CUST1127,Aarav Kapoor,Mouse,Electronics,West,Surat,1,1372.62,1372.62,5,68.63,1303.99,UPI,Cancelled,0
103888,2022-11-04,CUST3699,Rahul Iyer,Mobile,Electronics,North,Lucknow,2,56249.27,112498.54,15,16874.78,95623.76,Cash on Delivery,Cancelled,0
103889,2024-03-07,CUST2360,Ishaan Joshi,Watch,Fashion,South,Hyderabad,2,18996.54,37993.08,20,7598.62,30394.46,UPI,Cancelled,0
103890,2023-02-25,CUST4160,Rakesh Nair,Camera,Electronics,North,Jaipur,5,21187.49,105937.45,5,5296.87,100640.58,Cash on Delivery,Returned,1
103891,2024-11-26,CUST1307,Vivaan Pillai,Mouse,Electronics,West,Ahmedabad,4,589.32,2357.28,10,235.73,2121.55,UPI,Shipped,0
103892,2023-06-23,CUST1151,Ananya Patel,T-Shirt,Fashion,East,Guwahati,1,1406.89,1406.89,10,140.69,1266.2,Debit Card,Returned,1
103893,2024-11-23,CUST1060,Pooja Agarwal,Mouse,Electronics,East,Bhubaneswar,2,634.32,1268.64,0,0.0,1268.64,UPI,Shipped,0
103894,2023-05-18,CUST3596,Kavya Reddy,Laptop,Electronics,East,Guwahati,2,94593.38,189186.76,15,28378.01,160808.75,Cash on Delivery,Returned,1
103895,2022-03-12,CUST2570,Amit Malhotra,Backpack,Accessories,South,Hyderabad,3,2696.17,8088.51,10,808.85,7279.66,Debit Card,Delivered,0
103896,2022-01-04,CUST4643,Amit Bhat,Watch,Fashion,South,Chennai,1,5201.05,5201.05,10,520.11,4680.94,Net Banking,Returned,1
103897,2023-08-02,CUST4744,Meera Singh,T-Shirt,Fashion,East,Guwahati,4,1111.66,4446.64,0,0.0,4446.64,Cash on Delivery,Delivered,0
103898,2024-11-01,CUST4203,Rohan Nair,Keyboard,Electronics,East,Kolkata,1,4392.79,4392.79,10,439.28,3953.51,Net Banking,Returned,1
103899,2024-10-09,CUST1870,Aadhya Rao,Laptop,Electronics,North,Chandigarh,1,44599.0,44599.0,5,2229.95,42369.05,UPI,Cancelled,0
103900,2023-09-16,CUST4653,Krishna Kapoor,T-Shirt,Fashion,West,Pune,4,455.35,1821.4,10,182.14,1639.26,Net Banking,Shipped,0
103901,2024-02-09,CUST1723,Sara Nair,Laptop,Electronics,East,Kolkata,4,118586.76,474347.04,10,47434.7,426912.34,UPI,Delivered,0
103902,2022-07-07,CUST1429,Neha Iyer,Camera,Electronics,South,Bengaluru,1,36024.38,36024.38,15,5403.66,30620.72,Credit Card,Delivered,0
103903,2022-09-26,CUST1437,Amit Reddy,Camera,Electronics,North,Chandigarh,2,42670.12,85340.24,5,4267.01,81073.23,Cash on Delivery,Shipped,0
103904,2024-10-08,CUST3154,Deepa Mehta,Headphones,Electronics,North,Delhi,2,6208.61,12417.22,5,620.86,11796.36,Debit Card,Cancelled,0
103905,2023-06-20,CUST2409,Vihaan Agarwal,T-Shirt,Fashion,South,Bengaluru,2,1236.0,2472.0,5,123.6,2348.4,UPI,Shipped,0
103906,2023-12-06,CUST4826,Krishna Gupta,Headphones,Electronics,West,Pune,4,1443.9,5775.6,20,1155.12,4620.48,Cash on Delivery,Shipped,0
103907,2024-03-23,CUST1639,Deepa Singh,Backpack,Accessories,North,Delhi,2,2715.27,5430.54,5,271.53,5159.01,Credit Card,Shipped,0
103908,2022-07-06,CUST2276,Priya Yadav,Keyboard,Electronics,South,Bengaluru,1,3150.02,3150.02,25,787.5,2362.52,Debit Card,Shipped,0
103909,2022-03-15,CUST3028,Suresh Pillai,Backpack,Accessories,North,Jaipur,2,2091.29,4182.58,20,836.52,3346.06,Debit Card,Cancelled,0
103910,2022-01-15,CUST3825,Kavya Reddy,Headphones,Electronics,West,Pune,1,6149.54,6149.54,10,614.95,5534.59,Net Banking,Cancelled,0
103911,2023-10-29,CUST2279,Aditya Verma,Mobile,Electronics,North,Lucknow,2,18074.83,36149.66,10,3614.97,32534.69,Debit Card,Delivered,0
103912,2023-11-24,CUST1906,Vihaan Reddy,Watch,Fashion,South,Bengaluru,2,2044.79,4089.58,20,817.92,3271.66,Cash on Delivery,Cancelled,0
103913,2022-11-03,CUST2956,Rohan Sharma,Headphones,Electronics,North,Chandigarh,2,1196.79,2393.58,20,478.72,1914.86,Net Banking,Cancelled,0
103914,2022-04-13,CUST1922,Krishna Agarwal,Laptop,Electronics,North,Lucknow,2,88700.13,177400.26,10,17740.03,159660.23,Credit Card,Shipped,0
103915,2024-10-29,CUST1113,Aarav Sharma,T-Shirt,Fashion,West,Ahmedabad,2,640.89,1281.78,15,192.27,1089.51,Net Banking,Delivered,0
103916,2024-05-31,CUST3655,Sara Iyer,T-Shirt,Fashion,South,Kochi,1,896.93,896.93,10,89.69,807.24,Cash on Delivery,Returned,1
103917,2024-01-29,CUST3092,Deepa Chopra,Camera,Electronics,North,Jaipur,1,48214.65,48214.65,0,0.0,48214.65,Net Banking,Shipped,0
103918,2023-03-14,CUST1388,Sai Sharma,Laptop,Electronics,South,Hyderabad,3,39985.62,119956.86,10,11995.69,107961.17,Net Banking,Shipped,0
103919,2022-08-18,CUST4136,Deepa Desai,Mouse,Electronics,West,Mumbai,3,1504.6,4513.8,15,677.07,3836.73,UPI,Returned,1
103920,2024-08-03,CUST4286,Aadhya Chopra,Mobile,Electronics,North,Jaipur,1,88633.11,88633.11,10,8863.31,79769.8,Debit Card,Delivered,0
103921,2023-08-05,CUST3760,Reyansh Yadav,Backpack,Accessories,South,Bengaluru,4,2689.26,10757.04,15,1613.56,9143.48,Net Banking,Returned,1
103922,2024-09-22,CUST4393,Aditya Sharma,Mouse,Electronics,South,Kochi,4,662.27,2649.08,0,0.0,2649.08,Cash on Delivery,Shipped,0
103923,2022-10-20,CUST1471,Pooja Desai,Keyboard,Electronics,South,Hyderabad,1,2451.55,2451.55,15,367.73,2083.82,Cash on Delivery,Shipped,0
103924,2022-02-01,CUST1203,Anika Verma,Watch,Fashion,West,Ahmedabad,2,2733.35,5466.7,5,273.33,5193.37,Net Banking,Delivered,0
103925,2023-10-08,CUST1553,Kavya Nair,Headphones,Electronics,East,Kolkata,5,5976.07,29880.35,10,2988.03,26892.32,UPI,Shipped,0
103926,2024-12-02,CUST2324,Sai Nair,Shoes,Fashion,East,Patna,1,4423.45,4423.45,0,0.0,4423.45,Net Banking,Shipped,0
103927,2023-02-10,CUST2800,Kavya Sharma,Backpack,Accessories,East,Kolkata,1,2190.39,2190.39,5,109.52,2080.87,Cash on Delivery,Shipped,0
103928,2023-02-19,CUST1770,Amit Patel,Laptop,Electronics,North,Delhi,4,36084.1,144336.4,5,7216.82,137119.58,Debit Card,Delivered,0
103929,2022-05-22,CUST2089,Aadhya Chopra,Laptop,Electronics,East,Guwahati,2,119486.19,238972.38,10,23897.24,215075.14,Net Banking,Delivered,0
103930,2022-12-04,CUST2825,Anika Gupta,Backpack,Accessories,North,Lucknow,5,2233.0,11165.0,0,0.0,11165.0,Net Banking,Shipped,0
103931,2022-12-02,CUST2733,Rakesh Malhotra,Keyboard,Electronics,East,Bhubaneswar,4,2943.92,11775.68,10,1177.57,10598.11,Cash on Delivery,Shipped,0
103932,2023-07-23,CUST4427,Pooja Rao,Mobile,Electronics,South,Bengaluru,1,13933.45,13933.45,20,2786.69,11146.76,UPI,Delivered,0
103933,2023-12-24,CUST3657,Vivaan Patel,Shoes,Fashion,South,Kochi,3,2891.37,8674.11,5,433.71,8240.4,Cash on Delivery,Returned,1
103934,2024-11-19,CUST1033,Kavya Gupta,Laptop,Electronics,North,Lucknow,2,110036.89,220073.78,20,44014.76,176059.02,Net Banking,Cancelled,0
103935,2023-11-15,CUST2008,Arjun Sharma,Headphones,Electronics,South,Hyderabad,4,1570.89,6283.56,5,314.18,5969.38,Debit Card,Delivered,0
103936,2024-12-19,CUST1760,Vivaan Chopra,Headphones,Electronics,West,Surat,2,4863.82,9727.64,10,972.76,8754.88,Cash on Delivery,Cancelled,0
103937,2022-01-31,CUST1921,Pooja Bhat,T-Shirt,Fashion,West,Mumbai,4,841.35,3365.4,0,0.0,3365.4,UPI,Delivered,0
103938,2022-10-19,CUST3382,Neha Patel,Backpack,Accessories,North,Jaipur,1,2896.53,2896.53,15,434.48,2462.05,UPI,Cancelled,0
103939,2023-12-26,CUST4979,Aadhya Joshi,Camera,Electronics,East,Patna,1,34584.29,34584.29,0,0.0,34584.29,UPI,Shipped,0
103940,2023-05-22,CUST4270,Sara Pillai,Laptop,Electronics,South,Hyderabad,1,72101.94,72101.94,25,18025.49,54076.45,Cash on Delivery,Cancelled,0
103941,2024-02-03,CUST2739,Kavya Desai,Mouse,Electronics,South,Hyderabad,1,1997.76,1997.76,25,499.44,1498.32,Credit Card,Returned,1
103942,2024-09-01,CUST4945,Reyansh Singh,Watch,Fashion,South,Kochi,3,14604.07,43812.21,5,2190.61,41621.6,UPI,Shipped,0
103943,2022-03-24,CUST2660,Ananya Rao,Laptop,Electronics,West,Surat,4,51205.69,204822.76,20,40964.55,163858.21,Net Banking,Shipped,0
103944,2024-07-07,CUST3670,Isha Kapoor,Mobile,Electronics,East,Kolkata,5,30510.32,152551.6,15,22882.74,129668.86,Credit Card,Shipped,0
103945,2023-12-27,CUST3388,Rakesh Patel,Keyboard,Electronics,North,Chandigarh,2,3280.68,6561.36,0,0.0,6561.36,UPI,Shipped,0
103946,2024-06-23,CUST2894,Ishaan Reddy,Camera,Electronics,South,Bengaluru,1,25721.05,25721.05,20,5144.21,20576.84,UPI,Returned,1
103947,2023-01-21,CUST3931,Diya Desai,Keyboard,Electronics,South,Bengaluru,1,800.98,800.98,25,200.25,600.73,Debit Card,Delivered,0
103948,2022-12-16,CUST1839,Aarav Pillai,Camera,Electronics,West,Pune,2,17615.18,35230.36,15,5284.55,29945.81,Credit Card,Delivered,0
103949,2023-10-25,CUST4250,Suresh Chopra,Laptop,Electronics,South,Kochi,4,98759.53,395038.12,15,59255.72,335782.4,Credit Card,Shipped,0
103950,2024-11-14,CUST3426,Anika Mehta,Mouse,Electronics,West,Surat,5,2477.61,12388.05,0,0.0,12388.05,Cash on Delivery,Cancelled,0
103951,2023-07-04,CUST1796,Krishna Bhat,Headphones,Electronics,South,Chennai,2,6028.3,12056.6,0,0.0,12056.6,Net Banking,Cancelled,0
103952,2024-06-06,CUST3168,Aarav Kapoor,Backpack,Accessories,North,Jaipur,2,2892.34,5784.68,20,1156.94,4627.74,UPI,Delivered,0
103953,2024-04-03,CUST3276,Rakesh Singh,Backpack,Accessories,West,Ahmedabad,4,2368.99,9475.96,15,1421.39,8054.57,Debit Card,Delivered,0
103954,2024-07-25,CUST4418,Reyansh Rao,T-Shirt,Fashion,West,Surat,1,647.58,647.58,15,97.14,550.44,Cash on Delivery,Cancelled,0
103955,2023-02-17,CUST2251,Sara Sharma,Keyboard,Electronics,North,Lucknow,3,2565.12,7695.36,5,384.77,7310.59,Debit Card,Returned,1
103956,2022-08-18,CUST2645,Rahul Patel,Mobile,Electronics,North,Lucknow,1,81746.06,81746.06,10,8174.61,73571.45,Debit Card,Delivered,0
103957,2022-07-16,CUST4792,Reyansh Iyer,Laptop,Electronics,South,Hyderabad,3,96655.15,289965.45,5,14498.27,275467.18,UPI,Returned,1
103958,2024-01-16,CUST3699,Diya Reddy,Shoes,Fashion,East,Bhubaneswar,3,5435.05,16305.15,15,2445.77,13859.38,Cash on Delivery,Returned,1
103959,2022-04-16,CUST2000,Rahul Iyer,Watch,Fashion,North,Lucknow,1,5362.77,5362.77,5,268.14,5094.63,UPI,Shipped,0
103960,2022-01-30,CUST2694,Aadhya Singh,T-Shirt,Fashion,South,Kochi,4,1009.86,4039.44,0,0.0,4039.44,Net Banking,Delivered,0
103961,2022-06-02,CUST3091,Sai Kapoor,Laptop,Electronics,South,Bengaluru,1,94060.92,94060.92,5,4703.05,89357.87,Cash on Delivery,Delivered,0
103962,2022-04-29,CUST4656,Sanjay Bhat,Keyboard,Electronics,South,Chennai,3,2660.19,7980.57,20,1596.11,6384.46,Net Banking,Shipped,0
103963,2023-12-15,CUST2297,Krishna Malhotra,Headphones,Electronics,West,Pune,4,5452.99,21811.96,10,2181.2,19630.76,Credit Card,Delivered,0
103964,2022-12-09,CUST4335,Rahul Joshi,Keyboard,Electronics,West,Surat,3,3416.48,10249.44,5,512.47,9736.97,Debit Card,Shipped,0
103965,2022-04-17,CUST3041,Priya Agarwal,T-Shirt,Fashion,South,Bengaluru,2,1509.67,3019.34,15,452.9,2566.44,Debit Card,Shipped,0
103966,2022-01-02,CUST2792,Ishaan Joshi,T-Shirt,Fashion,North,Jaipur,2,404.24,808.48,0,0.0,808.48,Cash on Delivery,Cancelled,0
103967,2024-07-03,CUST2350,Rohan Kapoor,Camera,Electronics,West,Pune,1,37473.65,37473.65,15,5621.05,31852.6,Debit Card,Delivered,0
103968,2023-03-30,CUST4267,Rakesh Kumar,Mouse,Electronics,North,Chandigarh,2,2445.35,4890.7,10,489.07,4401.63,Cash on Delivery,Delivered,0
103969,2023-11-11,CUST3891,Rahul Patel,Shoes,Fashion,South,Kochi,1,3229.68,3229.68,15,484.45,2745.23,Net Banking,Cancelled,0
103970,2023-05-30,CUST4924,Rahul Iyer,Keyboard,Electronics,South,Bengaluru,2,3590.42,7180.84,5,359.04,6821.8,UPI,Returned,1
103971,2022-06-25,CUST2115,Vikram Kapoor,Mouse,Electronics,South,Chennai,3,1346.38,4039.14,20,807.83,3231.31,Credit Card,Delivered,0
103972,2023-07-21,CUST1957,Ananya Kapoor,Mobile,Electronics,North,Chandigarh,2,66872.52,133745.04,20,26749.01,106996.03,Credit Card,Returned,1
103973,2024-02-12,CUST1534,Vivaan Joshi,Mouse,Electronics,North,Lucknow,2,986.52,1973.04,20,394.61,1578.43,Debit Card,Shipped,0
103974,2024-09-08,CUST1708,Rakesh Kapoor,Laptop,Electronics,North,Delhi,1,105771.36,105771.36,10,10577.14,95194.22,Cash on Delivery,Shipped,0
103975,2024-04-21,CUST3412,Reyansh Singh,Watch,Fashion,South,Bengaluru,5,19264.77,96323.85,15,14448.58,81875.27,Debit Card,Delivered,0
103976,2022-01-20,CUST2305,Sara Agarwal,Laptop,Electronics,North,Delhi,2,76721.97,153443.94,0,0.0,153443.94,Debit Card,Delivered,0
103977,2022-01-07,CUST4473,Deepa Desai,Mobile,Electronics,West,Mumbai,2,71912.61,143825.22,0,0.0,143825.22,Net Banking,Delivered,0
103978,2024-08-22,CUST3408,Rakesh Chopra,T-Shirt,Fashion,North,Lucknow,3,690.62,2071.86,15,310.78,1761.08,Cash on Delivery,Shipped,0
103979,2024-08-30,CUST2548,Rohan Kapoor,Laptop,Electronics,North,Delhi,1,114940.11,114940.11,10,11494.01,103446.1,Credit Card,Delivered,0
103980,2024-03-18,CUST2288,Vivaan Mehta,Keyboard,Electronics,East,Kolkata,5,3241.94,16209.7,15,2431.45,13778.25,Cash on Delivery,Cancelled,0
103981,2024-02-17,CUST2671,Priya Gupta,Shoes,Fashion,North,Jaipur,1,4104.57,4104.57,0,0.0,4104.57,Cash on Delivery,Returned,1
103982,2024-02-07,CUST2896,Isha Yadav,Camera,Electronics,East,Bhubaneswar,5,32620.21,163101.05,10,16310.1,146790.95,Debit Card,Delivered,0
103983,2024-07-13,CUST2361,Ananya Pillai,Watch,Fashion,North,Delhi,1,6677.41,6677.41,15,1001.61,5675.8,UPI,Cancelled,0
103984,2024-02-03,CUST4567,Reyansh Iyer,Mobile,Electronics,North,Delhi,2,24433.57,48867.14,15,7330.07,41537.07,Debit Card,Delivered,0
103985,2022-04-13,CUST3104,Anika Gupta,T-Shirt,Fashion,South,Hyderabad,3,1203.79,3611.37,10,361.14,3250.23,UPI,Delivered,0
103986,2023-09-19,CUST2065,Sara Pillai,Shoes,Fashion,East,Kolkata,1,2519.11,2519.11,0,0.0,2519.11,UPI,Cancelled,0
103987,2022-12-04,CUST1853,Sai Yadav,Mobile,Electronics,North,Chandigarh,1,54664.22,54664.22,5,2733.21,51931.01,UPI,Returned,1
103988,2023-02-09,CUST2353,Ishaan Mehta,Backpack,Accessories,East,Patna,1,3370.63,3370.63,0,0.0,3370.63,Debit Card,Shipped,0
103989,2024-09-20,CUST1235,Arjun Iyer,Shoes,Fashion,East,Kolkata,5,3562.59,17812.95,5,890.65,16922.3,UPI,Cancelled,0
103990,2024-01-29,CUST2166,Vihaan Verma,Mouse,Electronics,East,Guwahati,2,2199.74,4399.48,25,1099.87,3299.61,UPI,Returned,1
103991,2023-02-18,CUST3947,Pooja Kumar,Camera,Electronics,North,Chandigarh,2,53175.78,106351.56,25,26587.89,79763.67,Net Banking,Delivered,0
103992,2024-07-13,CUST4313,Riya Gupta,Headphones,Electronics,South,Kochi,2,4168.98,8337.96,10,833.8,7504.16,UPI,Delivered,0
103993,2023-07-23,CUST1833,Vikram Joshi,Headphones,Electronics,North,Jaipur,2,5624.12,11248.24,25,2812.06,8436.18,Net Banking,Returned,1
103994,2023-04-28,CUST2584,Amit Agarwal,T-Shirt,Fashion,West,Pune,2,1202.61,2405.22,10,240.52,2164.7,Credit Card,Cancelled,0
103995,2024-11-29,CUST3122,Sanjay Desai,Shoes,Fashion,North,Chandigarh,4,4284.28,17137.12,10,1713.71,15423.41,Net Banking,Cancelled,0
103996,2022-03-20,CUST2168,Pooja Yadav,Mouse,Electronics,North,Delhi,5,953.44,4767.2,10,476.72,4290.48,Debit Card,Delivered,0
103997,2022-10-10,CUST2116,Diya Joshi,Watch,Fashion,North,Jaipur,4,7397.81,29591.24,5,1479.56,28111.68,UPI,Shipped,0
103998,2022-12-01,CUST2135,Anika Desai,Mobile,Electronics,East,Guwahati,3,14163.25,42489.75,15,6373.46,36116.29,Credit Card,Delivered,0
103999,2022-01-15,CUST3236,Krishna Pillai,Backpack,Accessories,South,Bengaluru,4,1765.08,7060.32,0,0.0,7060.32,Credit Card,Delivered,0
104000,2022-02-08,CUST3191,Anika Chopra,Headphones,Electronics,West,Mumbai,1,3780.12,3780.12,25,945.03,2835.09,Net Banking,Returned,1
104001,2023-03-18,CUST3571,Priya Yadav,Shoes,Fashion,South,Bengaluru,4,3530.27,14121.08,0,0.0,14121.08,Debit Card,Returned,1
104002,2023-09-16,CUST4336,Sanjay Agarwal,Headphones,Electronics,West,Surat,5,4053.32,20266.6,15,3039.99,17226.61,UPI,Returned,1
104003,2024-06-19,CUST2684,Pooja Kapoor,Keyboard,Electronics,North,Chandigarh,4,768.19,3072.76,10,307.28,2765.48,UPI,Delivered,0
104004,2022-01-22,CUST4048,Reyansh Kumar,Camera,Electronics,South,Chennai,4,45624.15,182496.6,10,18249.66,164246.94,Net Banking,Shipped,0
104005,2023-07-21,CUST2853,Riya Desai,Mouse,Electronics,North,Chandigarh,2,1642.09,3284.18,10,328.42,2955.76,Credit Card,Cancelled,0
104006,2023-11-21,CUST1540,Rohan Gupta,Backpack,Accessories,West,Pune,2,1818.76,3637.52,25,909.38,2728.14,Debit Card,Cancelled,0
104007,2024-12-23,CUST4673,Meera Iyer,Camera,Electronics,East,Guwahati,1,51202.17,51202.17,15,7680.33,43521.84,Cash on Delivery,Returned,1
104008,2022-02-08,CUST4516,Diya Iyer,Laptop,Electronics,West,Pune,2,112955.46,225910.92,15,33886.64,192024.28,Net Banking,Shipped,0
104009,2022-03-20,CUST3462,Suresh Patel,Mouse,Electronics,South,Hyderabad,3,1178.65,3535.95,10,353.6,3182.35,UPI,Returned,1
104010,2023-07-12,CUST4800,Vikram Gupta,Headphones,Electronics,West,Pune,1,7324.15,7324.15,0,0.0,7324.15,Credit Card,Shipped,0
104011,2024-05-04,CUST3669,Deepa Patel,Mobile,Electronics,East,Patna,2,30618.17,61236.34,20,12247.27,48989.07,UPI,Delivered,0
104012,2023-09-29,CUST1081,Vikram Kumar,Headphones,Electronics,South,Chennai,4,2428.64,9714.56,20,1942.91,7771.65,UPI,Cancelled,0
104013,2022-12-25,CUST4445,Vikram Malhotra,Camera,Electronics,South,Hyderabad,4,32909.9,131639.6,25,32909.9,98729.7,Cash on Delivery,Delivered,0
104014,2024-09-24,CUST3737,Vikram Iyer,Mobile,Electronics,North,Chandigarh,1,10125.07,10125.07,0,0.0,10125.07,Credit Card,Shipped,0
104015,2024-01-12,CUST4062,Rohan Rao,Headphones,Electronics,East,Patna,4,2326.04,9304.16,15,1395.62,7908.54,UPI,Delivered,0
104016,2022-12-22,CUST2239,Kavya Nair,Camera,Electronics,North,Delhi,1,45372.38,45372.38,5,2268.62,43103.76,UPI,Delivered,0
104017,2023-11-15,CUST4590,Reyansh Mehta,Backpack,Accessories,North,Lucknow,3,2373.31,7119.93,15,1067.99,6051.94,Credit Card,Returned,1
104018,2024-05-15,CUST3033,Rakesh Sharma,Laptop,Electronics,West,Ahmedabad,3,116940.07,350820.21,10,35082.02,315738.19,Net Banking,Returned,1
104019,2022-05-30,CUST4172,Krishna Nair,T-Shirt,Fashion,North,Lucknow,4,1798.73,7194.92,5,359.75,6835.17,UPI,Cancelled,0
104020,2022-10-11,CUST1212,Amit Nair,Backpack,Accessories,South,Hyderabad,3,2356.88,7070.64,15,1060.6,6010.04,Cash on Delivery,Delivered,0
104021,2022-02-17,CUST1445,Amit Rao,Mobile,Electronics,East,Patna,4,42831.1,171324.4,10,17132.44,154191.96,Debit Card,Shipped,0
104022,2022-01-03,CUST2292,Krishna Gupta,Camera,Electronics,East,Patna,4,33173.33,132693.32,15,19904.0,112789.32,Debit Card,Delivered,0
104023,2022-09-19,CUST3817,Anika Sharma,T-Shirt,Fashion,South,Hyderabad,1,1457.54,1457.54,15,218.63,1238.91,Credit Card,Cancelled,0
104024,2023-12-28,CUST4915,Suresh Verma,Mobile,Electronics,North,Delhi,1,89175.68,89175.68,15,13376.35,75799.33,Debit Card,Shipped,0
104025,2022-03-19,CUST3596,Krishna Nair,Shoes,Fashion,South,Chennai,1,5671.04,5671.04,15,850.66,4820.38,Net Banking,Shipped,0
104026,2024-01-24,CUST4847,Neha Chopra,Keyboard,Electronics,West,Pune,4,1068.75,4275.0,20,855.0,3420.0,Credit Card,Returned,1
104027,2023-03-26,CUST3434,Priya Iyer,Mouse,Electronics,West,Ahmedabad,3,1117.23,3351.69,15,502.75,2848.94,UPI,Returned,1
104028,2024-10-30,CUST4120,Sara Chopra,Keyboard,Electronics,East,Patna,1,617.94,617.94,15,92.69,525.25,Cash on Delivery,Cancelled,0
104029,2023-01-04,CUST1992,Pooja Kapoor,Shoes,Fashion,South,Chennai,4,3864.35,15457.4,20,3091.48,12365.92,Net Banking,Delivered,0
104030,2024-01-11,CUST4511,Rahul Malhotra,Watch,Fashion,South,Chennai,1,21523.75,21523.75,10,2152.38,19371.37,Net Banking,Delivered,0
104031,2023-10-17,CUST3622,Amit Agarwal,T-Shirt,Fashion,South,Bengaluru,4,1442.84,5771.36,5,288.57,5482.79,UPI,Shipped,0
104032,2024-12-01,CUST1218,Myra Mehta,Shoes,Fashion,North,Lucknow,5,3406.05,17030.25,25,4257.56,12772.69,Net Banking,Delivered,0
104033,2024-03-30,CUST4732,Rakesh Malhotra,Watch,Fashion,South,Bengaluru,3,2022.44,6067.32,5,303.37,5763.95,Debit Card,Shipped,0
104034,2023-05-30,CUST1778,Aadhya Desai,Backpack,Accessories,West,Ahmedabad,1,1248.0,1248.0,10,124.8,1123.2,Credit Card,Cancelled,0
104035,2024-09-05,CUST3351,Krishna Gupta,Watch,Fashion,North,Lucknow,1,20107.35,20107.35,20,4021.47,16085.88,Credit Card,Shipped,0
104036,2023-01-04,CUST4010,Meera Patel,Shoes,Fashion,North,Delhi,1,1912.9,1912.9,15,286.94,1625.96,UPI,Delivered,0
104037,2024-05-10,CUST1271,Ishaan Desai,Mouse,Electronics,East,Patna,5,2265.06,11325.3,0,0.0,11325.3,UPI,Delivered,0
104038,2022-02-21,CUST1435,Anika Iyer,Backpack,Accessories,South,Chennai,2,2218.83,4437.66,10,443.77,3993.89,Debit Card,Cancelled,0
104039,2022-07-05,CUST3329,Ananya Singh,Keyboard,Electronics,North,Delhi,1,2045.03,2045.03,15,306.75,1738.28,Net Banking,Shipped,0
104040,2023-07-03,CUST3252,Reyansh Verma,Backpack,Accessories,North,Chandigarh,1,3056.88,3056.88,10,305.69,2751.19,UPI,Returned,1
104041,2023-03-11,CUST2564,Arjun Joshi,Mouse,Electronics,North,Jaipur,1,2186.12,2186.12,5,109.31,2076.81,UPI,Delivered,0
104042,2023-05-01,CUST3164,Aadhya Pillai,Laptop,Electronics,West,Surat,1,67366.28,67366.28,15,10104.94,57261.34,Cash on Delivery,Delivered,0
104043,2022-02-22,CUST2928,Sara Nair,T-Shirt,Fashion,West,Pune,1,527.26,527.26,0,0.0,527.26,Cash on Delivery,Delivered,0
104044,2023-07-10,CUST4031,Myra Rao,Watch,Fashion,West,Mumbai,3,16796.2,50388.6,10,5038.86,45349.74,Credit Card,Returned,1
104045,2023-04-06,CUST4566,Isha Pillai,Mobile,Electronics,South,Hyderabad,2,38537.48,77074.96,10,7707.5,69367.46,Debit Card,Cancelled,0
104046,2023-03-22,CUST3167,Pooja Desai,Mobile,Electronics,East,Patna,4,84464.95,337859.8,25,84464.95,253394.85,Cash on Delivery,Cancelled,0
104047,2023-03-15,CUST4592,Reyansh Nair,Laptop,Electronics,South,Kochi,2,53463.05,106926.1,0,0.0,106926.1,Cash on Delivery,Delivered,0
104048,2024-08-17,CUST2072,Diya Mehta,Keyboard,Electronics,North,Lucknow,1,2352.03,2352.03,0,0.0,2352.03,Cash on Delivery,Shipped,0
104049,2022-10-13,CUST1426,Ananya Patel,Shoes,Fashion,South,Kochi,4,5323.45,21293.8,0,0.0,21293.8,UPI,Shipped,0
104050,2022-07-03,CUST2590,Aadhya Singh,Shoes,Fashion,West,Pune,4,4454.07,17816.28,0,0.0,17816.28,Credit Card,Delivered,0
104051,2022-01-27,CUST3922,Anika Kapoor,Keyboard,Electronics,East,Kolkata,2,4127.53,8255.06,15,1238.26,7016.8,Credit Card,Returned,1
104052,2023-04-20,CUST2304,Vivaan Agarwal,Mouse,Electronics,West,Mumbai,1,1997.9,1997.9,10,199.79,1798.11,Credit Card,Delivered,0
104053,2022-01-02,CUST4686,Riya Kapoor,Shoes,Fashion,West,Pune,1,1647.82,1647.82,0,0.0,1647.82,UPI,Delivered,0
104054,2023-11-15,CUST2982,Arjun Rao,Camera,Electronics,West,Surat,5,51012.04,255060.2,25,63765.05,191295.15,Credit Card,Shipped,0
104055,2024-12-13,CUST2122,Rahul Rao,Keyboard,Electronics,West,Surat,1,549.98,549.98,15,82.5,467.48,UPI,Returned,1
104056,2024-05-25,CUST2374,Anika Malhotra,Mouse,Electronics,West,Ahmedabad,1,1339.85,1339.85,5,66.99,1272.86,Net Banking,Cancelled,0
104057,2024-10-03,CUST4322,Neha Desai,Keyboard,Electronics,East,Patna,5,1871.17,9355.85,5,467.79,8888.06,UPI,Cancelled,0
104058,2023-05-26,CUST4029,Amit Desai,Keyboard,Electronics,East,Patna,1,3005.95,3005.95,10,300.6,2705.35,Debit Card,Returned,1
104059,2022-06-07,CUST3543,Diya Gupta,Backpack,Accessories,North,Delhi,4,2011.76,8047.04,15,1207.06,6839.98,Cash on Delivery,Returned,1
104060,2024-05-07,CUST2480,Aditya Patel,Watch,Fashion,West,Pune,1,2579.32,2579.32,5,128.97,2450.35,UPI,Shipped,0
104061,2022-07-07,CUST4784,Isha Kumar,Watch,Fashion,West,Ahmedabad,3,16168.84,48506.52,5,2425.33,46081.19,Net Banking,Cancelled,0
104062,2024-04-16,CUST3710,Isha Verma,Watch,Fashion,East,Kolkata,2,14231.49,28462.98,15,4269.45,24193.53,Cash on Delivery,Delivered,0
104063,2023-07-16,CUST1838,Priya Malhotra,Keyboard,Electronics,North,Delhi,2,835.39,1670.78,10,167.08,1503.7,Credit Card,Cancelled,0
104064,2023-05-25,CUST1593,Rohan Desai,Mouse,Electronics,North,Chandigarh,2,1823.24,3646.48,25,911.62,2734.86,UPI,Delivered,0
104065,2024-10-02,CUST1988,Pooja Joshi,Laptop,Electronics,West,Ahmedabad,1,71074.37,71074.37,10,7107.44,63966.93,Cash on Delivery,Cancelled,0
104066,2023-04-29,CUST3140,Pooja Joshi,Backpack,Accessories,East,Patna,2,1500.11,3000.22,15,450.03,2550.19,Debit Card,Delivered,0
104067,2022-03-24,CUST2427,Anika Joshi,Shoes,Fashion,North,Lucknow,3,2779.36,8338.08,10,833.81,7504.27,Debit Card,Returned,1
104068,2023-01-19,CUST1393,Ananya Kapoor,Laptop,Electronics,South,Chennai,2,72236.64,144473.28,20,28894.66,115578.62,Debit Card,Shipped,0
104069,2024-06-24,CUST2070,Deepa Nair,Headphones,Electronics,East,Guwahati,2,3697.47,7394.94,5,369.75,7025.19,Credit Card,Cancelled,0
104070,2023-11-10,CUST2688,Sanjay Gupta,Shoes,Fashion,South,Chennai,4,1622.72,6490.88,10,649.09,5841.79,Net Banking,Delivered,0
104071,2023-09-01,CUST3631,Ananya Nair,Watch,Fashion,North,Chandigarh,2,12180.72,24361.44,5,1218.07,23143.37,Debit Card,Returned,1
104072,2023-11-13,CUST4911,Neha Kapoor,Shoes,Fashion,North,Jaipur,1,1028.85,1028.85,20,205.77,823.08,UPI,Shipped,0
104073,2023-05-27,CUST2868,Vihaan Singh,Backpack,Accessories,South,Kochi,2,2257.15,4514.3,5,225.72,4288.58,Debit Card,Returned,1
104074,2024-01-13,CUST4383,Arjun Joshi,Mouse,Electronics,North,Lucknow,1,1634.62,1634.62,10,163.46,1471.16,Debit Card,Cancelled,0
104075,2024-09-24,CUST2275,Kavya Chopra,T-Shirt,Fashion,South,Kochi,4,1311.87,5247.48,20,1049.5,4197.98,Debit Card,Delivered,0
104076,2022-07-24,CUST4540,Rohan Pillai,Mouse,Electronics,North,Jaipur,1,1718.41,1718.41,10,171.84,1546.57,Cash on Delivery,Shipped,0
104077,2023-10-04,CUST2153,Sara Nair,Keyboard,Electronics,South,Bengaluru,3,3813.26,11439.78,10,1143.98,10295.8,Debit Card,Cancelled,0
104078,2024-09-30,CUST4745,Neha Gupta,T-Shirt,Fashion,West,Mumbai,3,545.27,1635.81,10,163.58,1472.23,Debit Card,Cancelled,0
104079,2024-07-12,CUST2996,Rohan Nair,Mobile,Electronics,South,Hyderabad,1,76537.89,76537.89,0,0.0,76537.89,Net Banking,Shipped,0
104080,2022-11-24,CUST3601,Sai Malhotra,Watch,Fashion,West,Ahmedabad,1,13722.63,13722.63,15,2058.39,11664.24,Cash on Delivery,Cancelled,0
104081,2023-08-29,CUST3844,Vivaan Kumar,Backpack,Accessories,West,Ahmedabad,4,2591.55,10366.2,15,1554.93,8811.27,Credit Card,Returned,1
104082,2022-09-23,CUST4804,Sara Sharma,Watch,Fashion,North,Chandigarh,1,4216.6,4216.6,10,421.66,3794.94,Credit Card,Returned,1
104083,2024-01-18,CUST1105,Riya Bhat,Headphones,Electronics,North,Chandigarh,2,2084.62,4169.24,10,416.92,3752.32,Cash on Delivery,Returned,1
104084,2022-11-11,CUST4544,Anika Agarwal,Camera,Electronics,West,Mumbai,1,24897.16,24897.16,0,0.0,24897.16,Debit Card,Delivered,0
104085,2023-01-26,CUST1288,Aarav Pillai,T-Shirt,Fashion,East,Bhubaneswar,4,1300.69,5202.76,15,780.41,4422.35,Cash on Delivery,Cancelled,0
104086,2024-08-15,CUST1685,Isha Agarwal,Backpack,Accessories,West,Mumbai,4,2175.43,8701.72,15,1305.26,7396.46,Debit Card,Shipped,0
104087,2022-05-02,CUST4434,Myra Sharma,Camera,Electronics,South,Bengaluru,2,54115.03,108230.06,0,0.0,108230.06,Net Banking,Cancelled,0
104088,2022-11-13,CUST2674,Amit Bhat,Headphones,Electronics,South,Chennai,3,1999.98,5999.94,20,1199.99,4799.95,Net Banking,Delivered,0
104089,2024-09-25,CUST3522,Rahul Nair,Keyboard,Electronics,South,Chennai,2,1169.98,2339.96,20,467.99,1871.97,Debit Card,Returned,1
104090,2024-01-07,CUST3065,Diya Kapoor,Mobile,Electronics,South,Bengaluru,1,20404.44,20404.44,15,3060.67,17343.77,Debit Card,Cancelled,0
104091,2022-07-19,CUST1334,Vikram Rao,Mobile,Electronics,South,Chennai,4,61606.18,246424.72,5,12321.24,234103.48,Debit Card,Returned,1
104092,2022-11-03,CUST1353,Riya Rao,Watch,Fashion,North,Jaipur,5,14411.09,72055.45,10,7205.55,64849.9,Cash on Delivery,Returned,1
104093,2024-05-27,CUST2342,Myra Malhotra,Laptop,Electronics,East,Kolkata,5,109395.97,546979.85,20,109395.97,437583.88,Net Banking,Delivered,0
104094,2023-06-24,CUST1331,Suresh Bhat,Headphones,Electronics,East,Bhubaneswar,2,6421.39,12842.78,10,1284.28,11558.5,Cash on Delivery,Delivered,0
104095,2024-09-17,CUST2054,Ishaan Malhotra,Camera,Electronics,South,Bengaluru,2,21469.47,42938.94,5,2146.95,40791.99,Net Banking,Delivered,0
104096,2022-02-15,CUST3690,Vikram Desai,Backpack,Accessories,West,Pune,2,2471.04,4942.08,15,741.31,4200.77,UPI,Delivered,0
104097,2024-10-16,CUST4950,Rohan Reddy,Headphones,Electronics,West,Mumbai,3,5566.42,16699.26,10,1669.93,15029.33,Cash on Delivery,Shipped,0
104098,2024-05-13,CUST3876,Sara Sharma,Mobile,Electronics,South,Chennai,3,58969.52,176908.56,5,8845.43,168063.13,Credit Card,Cancelled,0
104099,2023-03-09,CUST2119,Isha Kumar,T-Shirt,Fashion,North,Delhi,1,842.22,842.22,15,126.33,715.89,Cash on Delivery,Shipped,0
104100,2022-03-23,CUST4703,Isha Pillai,Headphones,Electronics,South,Hyderabad,4,5684.36,22737.44,0,0.0,22737.44,Credit Card,Shipped,0
104101,2022-11-23,CUST3181,Priya Joshi,Headphones,Electronics,South,Hyderabad,4,1164.44,4657.76,25,1164.44,3493.32,UPI,Returned,1
104102,2024-06-19,CUST3470,Arjun Bhat,Shoes,Fashion,South,Kochi,2,6234.82,12469.64,25,3117.41,9352.23,Net Banking,Shipped,0
104103,2024-07-31,CUST3068,Rohan Patel,Backpack,Accessories,West,Mumbai,4,2750.94,11003.76,0,0.0,11003.76,UPI,Shipped,0
104104,2024-09-03,CUST2870,Vikram Chopra,Backpack,Accessories,West,Pune,1,1554.16,1554.16,5,77.71,1476.45,Credit Card,Cancelled,0
104105,2024-02-14,CUST2474,Diya Pillai,Keyboard,Electronics,North,Chandigarh,5,3598.53,17992.65,15,2698.9,15293.75,Net Banking,Cancelled,0
104106,2024-05-22,CUST2095,Sanjay Agarwal,Mobile,Electronics,South,Hyderabad,2,54153.35,108306.7,25,27076.67,81230.03,Net Banking,Delivered,0
104107,2022-04-03,CUST1719,Vivaan Verma,T-Shirt,Fashion,South,Chennai,3,799.33,2397.99,25,599.5,1798.49,UPI,Shipped,0
104108,2024-11-09,CUST3396,Diya Kumar,Mobile,Electronics,South,Kochi,3,36586.32,109758.96,5,5487.95,104271.01,Credit Card,Delivered,0
104109,2023-11-05,CUST1868,Amit Agarwal,Laptop,Electronics,East,Patna,1,35514.5,35514.5,20,7102.9,28411.6,Credit Card,Delivered,0
104110,2024-03-17,CUST1810,Rahul Gupta,Keyboard,Electronics,South,Kochi,3,1839.45,5518.35,0,0.0,5518.35,Cash on Delivery,Returned,1
104111,2024-12-10,CUST2008,Vihaan Reddy,T-Shirt,Fashion,East,Patna,3,854.97,2564.91,10,256.49,2308.42,Debit Card,Shipped,0
104112,2022-08-10,CUST2808,Neha Agarwal,Headphones,Electronics,South,Kochi,4,7210.98,28843.92,15,4326.59,24517.33,Cash on Delivery,Delivered,0
104113,2024-11-30,CUST1635,Ananya Yadav,Shoes,Fashion,South,Chennai,2,5547.0,11094.0,10,1109.4,9984.6,Cash on Delivery,Cancelled,0
104114,2023-02-25,CUST4176,Rahul Joshi,Shoes,Fashion,North,Jaipur,1,3227.51,3227.51,15,484.13,2743.38,UPI,Shipped,0
104115,2024-12-14,CUST4297,Amit Desai,Shoes,Fashion,South,Chennai,3,3240.31,9720.93,10,972.09,8748.84,Cash on Delivery,Returned,1
104116,2024-04-28,CUST1665,Rahul Mehta,Shoes,Fashion,South,Hyderabad,2,1212.28,2424.56,5,121.23,2303.33,Cash on Delivery,Cancelled,0
104117,2023-02-01,CUST1549,Amit Patel,Camera,Electronics,West,Surat,4,44442.21,177768.84,15,26665.33,151103.51,Cash on Delivery,Cancelled,0
104118,2023-09-11,CUST3544,Suresh Mehta,Mouse,Electronics,North,Jaipur,3,1378.2,4134.6,0,0.0,4134.6,Net Banking,Returned,1
104119,2024-05-01,CUST1930,Sara Patel,Mobile,Electronics,South,Kochi,2,35000.73,70001.46,10,7000.15,63001.31,Cash on Delivery,Returned,1
104120,2023-09-21,CUST4017,Vihaan Singh,Backpack,Accessories,South,Chennai,2,1682.32,3364.64,15,504.7,2859.94,Debit Card,Delivered,0
104121,2022-04-25,CUST2183,Pooja Singh,Keyboard,Electronics,East,Patna,2,3367.21,6734.42,5,336.72,6397.7,Credit Card,Returned,1
104122,2024-08-10,CUST2363,Ishaan Reddy,Mobile,Electronics,South,Kochi,1,17231.56,17231.56,10,1723.16,15508.4,Debit Card,Cancelled,0
104123,2022-04-23,CUST1408,Arjun Reddy,Camera,Electronics,West,Ahmedabad,3,35572.97,106718.91,10,10671.89,96047.02,Debit Card,Delivered,0
104124,2024-09-19,CUST4401,Isha Iyer,Shoes,Fashion,North,Delhi,1,5064.22,5064.22,0,0.0,5064.22,UPI,Shipped,0
104125,2023-03-03,CUST2630,Krishna Chopra,Laptop,Electronics,South,Chennai,1,70285.09,70285.09,5,3514.25,66770.84,UPI,Cancelled,0
104126,2022-12-17,CUST1387,Ananya Kumar,Laptop,Electronics,North,Chandigarh,3,85355.56,256066.68,10,25606.67,230460.01,UPI,Shipped,0
104127,2022-07-15,CUST3660,Aadhya Kumar,Mobile,Electronics,East,Kolkata,1,60826.14,60826.14,15,9123.92,51702.22,Credit Card,Cancelled,0
104128,2022-12-14,CUST3594,Isha Verma,Keyboard,Electronics,East,Patna,1,3420.89,3420.89,15,513.13,2907.76,Credit Card,Returned,1
104129,2023-10-17,CUST4288,Suresh Chopra,Headphones,Electronics,West,Pune,2,5516.99,11033.98,5,551.7,10482.28,Debit Card,Shipped,0
104130,2023-06-30,CUST4738,Diya Kapoor,Keyboard,Electronics,North,Chandigarh,4,4344.79,17379.16,25,4344.79,13034.37,Net Banking,Shipped,0
104131,2024-02-06,CUST4255,Kavya Bhat,Watch,Fashion,North,Jaipur,4,5130.1,20520.4,5,1026.02,19494.38,Net Banking,Delivered,0
104132,2024-12-12,CUST3279,Sanjay Kumar,Keyboard,Electronics,North,Jaipur,5,2107.38,10536.9,10,1053.69,9483.21,Net Banking,Returned,1
104133,2023-12-09,CUST3000,Neha Chopra,Laptop,Electronics,West,Surat,1,102167.64,102167.64,10,10216.76,91950.88,Cash on Delivery,Shipped,0
104134,2024-03-06,CUST3759,Aarav Malhotra,Keyboard,Electronics,West,Pune,5,513.19,2565.95,15,384.89,2181.06,Debit Card,Delivered,0
104135,2022-02-01,CUST3782,Ananya Rao,Laptop,Electronics,North,Jaipur,2,112266.97,224533.94,0,0.0,224533.94,UPI,Cancelled,0
104136,2023-10-24,CUST4553,Anika Agarwal,Mouse,Electronics,South,Hyderabad,2,1983.72,3967.44,15,595.12,3372.32,Cash on Delivery,Returned,1
104137,2022-05-06,CUST3827,Isha Iyer,Watch,Fashion,South,Chennai,1,5227.91,5227.91,5,261.4,4966.51,Credit Card,Shipped,0
104138,2023-05-20,CUST2392,Isha Iyer,Camera,Electronics,East,Kolkata,4,49103.06,196412.24,10,19641.22,176771.02,Cash on Delivery,Returned,1
104139,2022-11-12,CUST1445,Anika Agarwal,Watch,Fashion,North,Delhi,4,24572.66,98290.64,0,0.0,98290.64,Cash on Delivery,Cancelled,0
104140,2022-09-27,CUST4808,Rahul Joshi,Headphones,Electronics,West,Pune,1,3760.33,3760.33,20,752.07,3008.26,Cash on Delivery,Shipped,0
104141,2023-04-19,CUST4170,Neha Kumar,Mobile,Electronics,South,Chennai,1,57164.25,57164.25,5,2858.21,54306.04,Debit Card,Shipped,0
104142,2022-11-26,CUST2363,Ishaan Iyer,Backpack,Accessories,North,Delhi,1,2229.46,2229.46,25,557.37,1672.09,Debit Card,Returned,1
104143,2023-10-23,CUST3605,Isha Gupta,Backpack,Accessories,East,Guwahati,3,2842.54,8527.62,5,426.38,8101.24,Debit Card,Returned,1
104144,2024-09-26,CUST2170,Rakesh Agarwal,Shoes,Fashion,West,Pune,3,5907.92,17723.76,15,2658.56,15065.2,Credit Card,Delivered,0
104145,2022-01-08,CUST1001,Anika Reddy,Backpack,Accessories,West,Surat,2,3348.06,6696.12,5,334.81,6361.31,Cash on Delivery,Cancelled,0
104146,2023-01-20,CUST3954,Suresh Gupta,Shoes,Fashion,North,Delhi,2,5918.29,11836.58,5,591.83,11244.75,Cash on Delivery,Shipped,0
104147,2022-10-26,CUST4324,Rohan Mehta,Mobile,Electronics,South,Chennai,2,48680.53,97361.06,25,24340.26,73020.8,Debit Card,Delivered,0
104148,2023-02-02,CUST1262,Sara Kumar,Watch,Fashion,East,Guwahati,3,21786.0,65358.0,5,3267.9,62090.1,Debit Card,Returned,1
104149,2022-06-19,CUST4845,Reyansh Kapoor,Laptop,Electronics,South,Chennai,1,119286.89,119286.89,25,29821.72,89465.17,Debit Card,Shipped,0
104150,2022-02-26,CUST4529,Sanjay Malhotra,Mobile,Electronics,North,Lucknow,1,57712.39,57712.39,0,0.0,57712.39,Debit Card,Delivered,0
104151,2023-09-30,CUST1759,Ananya Singh,Laptop,Electronics,West,Mumbai,4,93432.32,373729.28,25,93432.32,280296.96,Credit Card,Shipped,0
104152,2023-03-28,CUST4707,Riya Iyer,Watch,Fashion,West,Ahmedabad,4,10431.32,41725.28,15,6258.79,35466.49,Net Banking,Returned,1
104153,2024-07-29,CUST2443,Ishaan Gupta,Mobile,Electronics,North,Chandigarh,5,65225.16,326125.8,15,48918.87,277206.93,Debit Card,Shipped,0
104154,2022-06-13,CUST1088,Pooja Yadav,Keyboard,Electronics,West,Pune,1,2589.15,2589.15,10,258.92,2330.23,Net Banking,Delivered,0
104155,2023-12-09,CUST3864,Vivaan Kapoor,Mobile,Electronics,North,Delhi,3,69311.09,207933.27,5,10396.66,197536.61,UPI,Delivered,0
104156,2024-09-14,CUST2725,Aarav Bhat,Headphones,Electronics,South,Kochi,1,2109.71,2109.71,15,316.46,1793.25,Debit Card,Shipped,0
104157,2023-12-18,CUST1401,Sai Yadav,Camera,Electronics,South,Hyderabad,2,26919.08,53838.16,15,8075.72,45762.44,Credit Card,Delivered,0
104158,2024-02-20,CUST3722,Riya Kumar,Laptop,Electronics,South,Hyderabad,5,67370.01,336850.05,10,33685.0,303165.05,Net Banking,Returned,1
104159,2023-06-26,CUST4260,Vikram Gupta,Headphones,Electronics,South,Bengaluru,3,3197.17,9591.51,0,0.0,9591.51,Credit Card,Cancelled,0
104160,2023-09-14,CUST2731,Aditya Kumar,Camera,Electronics,East,Kolkata,4,49969.9,199879.6,10,19987.96,179891.64,UPI,Shipped,0
104161,2024-04-03,CUST1145,Rohan Desai,Mouse,Electronics,South,Bengaluru,4,2353.91,9415.64,20,1883.13,7532.51,Cash on Delivery,Returned,1
104162,2022-11-16,CUST2311,Aarav Rao,Keyboard,Electronics,North,Jaipur,1,1656.24,1656.24,15,248.44,1407.8,Debit Card,Cancelled,0
104163,2022-05-01,CUST2959,Neha Reddy,Laptop,Electronics,West,Pune,1,69677.95,69677.95,0,0.0,69677.95,Debit Card,Delivered,0
104164,2024-04-22,CUST3664,Anika Iyer,Camera,Electronics,South,Hyderabad,1,19790.51,19790.51,15,2968.58,16821.93,Credit Card,Returned,1
104165,2024-01-15,CUST2129,Sai Agarwal,Backpack,Accessories,East,Patna,1,3426.55,3426.55,0,0.0,3426.55,Debit Card,Shipped,0
104166,2022-12-01,CUST3569,Sara Rao,Watch,Fashion,South,Kochi,2,2669.37,5338.74,10,533.87,4804.87,UPI,Delivered,0
104167,2022-08-12,CUST4437,Arjun Joshi,Keyboard,Electronics,North,Delhi,2,817.33,1634.66,0,0.0,1634.66,Cash on Delivery,Returned,1
104168,2024-11-08,CUST3934,Aadhya Joshi,Laptop,Electronics,South,Bengaluru,2,86510.1,173020.2,5,8651.01,164369.19,Debit Card,Shipped,0
104169,2023-01-29,CUST3998,Neha Patel,Watch,Fashion,East,Kolkata,1,15103.31,15103.31,20,3020.66,12082.65,Cash on Delivery,Delivered,0
104170,2024-04-28,CUST4637,Rohan Verma,Laptop,Electronics,West,Pune,5,59074.49,295372.45,15,44305.87,251066.58,Cash on Delivery,Returned,1
104171,2023-12-14,CUST1888,Diya Sharma,Laptop,Electronics,North,Delhi,1,38408.58,38408.58,20,7681.72,30726.86,Debit Card,Shipped,0
104172,2024-01-03,CUST2094,Rahul Gupta,Camera,Electronics,South,Kochi,2,16555.87,33111.74,10,3311.17,29800.57,UPI,Delivered,0
104173,2023-06-29,CUST4814,Pooja Kumar,Camera,Electronics,North,Lucknow,2,17878.95,35757.9,10,3575.79,32182.11,Net Banking,Delivered,0
104174,2023-11-17,CUST1324,Vihaan Gupta,Shoes,Fashion,South,Chennai,1,5259.25,5259.25,10,525.92,4733.33,Cash on Delivery,Shipped,0
104175,2022-08-18,CUST1430,Vivaan Agarwal,Mouse,Electronics,North,Chandigarh,4,863.32,3453.28,15,517.99,2935.29,Net Banking,Shipped,0
104176,2023-12-14,CUST4478,Reyansh Gupta,Mouse,Electronics,West,Mumbai,3,2398.31,7194.93,20,1438.99,5755.94,Debit Card,Cancelled,0
104177,2022-03-07,CUST2314,Anika Joshi,Backpack,Accessories,South,Kochi,4,1629.85,6519.4,0,0.0,6519.4,Debit Card,Delivered,0
104178,2022-09-20,CUST4328,Ananya Iyer,Headphones,Electronics,South,Bengaluru,2,3946.08,7892.16,15,1183.82,6708.34,Net Banking,Delivered,0
104179,2022-06-02,CUST1402,Priya Malhotra,Keyboard,Electronics,South,Bengaluru,3,4191.02,12573.06,10,1257.31,11315.75,Net Banking,Returned,1
104180,2024-07-14,CUST4241,Neha Gupta,Laptop,Electronics,West,Mumbai,4,86948.35,347793.4,10,34779.34,313014.06,Debit Card,Cancelled,0
104181,2023-06-11,CUST4278,Meera Kumar,Watch,Fashion,North,Lucknow,2,11849.65,23699.3,20,4739.86,18959.44,Cash on Delivery,Delivered,0
104182,2022-12-22,CUST3181,Aadhya Iyer,Mobile,Electronics,North,Lucknow,1,35792.88,35792.88,0,0.0,35792.88,UPI,Delivered,0
104183,2022-05-24,CUST3316,Sanjay Singh,Mouse,Electronics,East,Guwahati,4,2267.32,9069.28,10,906.93,8162.35,Cash on Delivery,Shipped,0
104184,2024-10-16,CUST1956,Meera Kapoor,Headphones,Electronics,East,Guwahati,1,2751.85,2751.85,0,0.0,2751.85,UPI,Delivered,0
104185,2022-04-21,CUST4245,Sara Yadav,Mouse,Electronics,South,Bengaluru,1,306.7,306.7,15,46.01,260.69,Debit Card,Shipped,0
104186,2024-07-19,CUST1224,Riya Singh,Keyboard,Electronics,East,Kolkata,3,3944.95,11834.85,5,591.74,11243.11,Cash on Delivery,Cancelled,0
104187,2022-02-03,CUST4384,Aditya Pillai,T-Shirt,Fashion,North,Lucknow,4,908.75,3635.0,20,727.0,2908.0,UPI,Returned,1
104188,2024-05-07,CUST4178,Riya Rao,Headphones,Electronics,East,Patna,3,5690.31,17070.93,10,1707.09,15363.84,UPI,Shipped,0
104189,2023-01-05,CUST2601,Amit Desai,Camera,Electronics,West,Mumbai,3,15065.82,45197.46,5,2259.87,42937.59,Cash on Delivery,Returned,1
104190,2023-12-11,CUST2601,Vivaan Agarwal,Shoes,Fashion,North,Chandigarh,1,3860.34,3860.34,5,193.02,3667.32,Debit Card,Shipped,0
104191,2022-02-24,CUST2391,Rahul Verma,Mouse,Electronics,East,Guwahati,2,2042.5,4085.0,5,204.25,3880.75,Cash on Delivery,Returned,1
104192,2024-10-31,CUST2439,Priya Verma,Backpack,Accessories,East,Kolkata,2,1299.02,2598.04,15,389.71,2208.33,Debit Card,Delivered,0
104193,2022-09-17,CUST2711,Ishaan Reddy,Mobile,Electronics,West,Ahmedabad,2,15304.41,30608.82,10,3060.88,27547.94,Credit Card,Cancelled,0
104194,2022-03-28,CUST1377,Myra Agarwal,Camera,Electronics,South,Hyderabad,1,22202.34,22202.34,15,3330.35,18871.99,Net Banking,Returned,1
104195,2024-10-07,CUST3498,Sara Nair,Watch,Fashion,North,Delhi,3,22622.75,67868.25,15,10180.24,57688.01,Net Banking,Shipped,0
104196,2024-09-06,CUST2363,Kavya Pillai,Backpack,Accessories,North,Delhi,2,1841.89,3683.78,20,736.76,2947.02,Cash on Delivery,Cancelled,0
104197,2022-08-04,CUST2451,Ananya Pillai,Mobile,Electronics,North,Delhi,1,75883.96,75883.96,5,3794.2,72089.76,Debit Card,Returned,1
104198,2023-02-10,CUST1872,Riya Verma,Headphones,Electronics,West,Ahmedabad,1,4676.34,4676.34,20,935.27,3741.07,UPI,Shipped,0
104199,2023-10-28,CUST2017,Aditya Mehta,Mouse,Electronics,South,Kochi,2,1092.15,2184.3,10,218.43,1965.87,Credit Card,Cancelled,0
104200,2022-12-16,CUST3235,Vivaan Pillai,Laptop,Electronics,East,Guwahati,1,85868.82,85868.82,0,0.0,85868.82,Cash on Delivery,Delivered,0
104201,2022-10-21,CUST3059,Rakesh Sharma,Backpack,Accessories,East,Kolkata,1,2441.48,2441.48,20,488.3,1953.18,Cash on Delivery,Shipped,0
104202,2022-02-20,CUST2423,Riya Pillai,Headphones,Electronics,West,Ahmedabad,5,6651.74,33258.7,10,3325.87,29932.83,Net Banking,Returned,1
104203,2024-03-22,CUST2088,Ishaan Joshi,Shoes,Fashion,East,Patna,1,3143.08,3143.08,0,0.0,3143.08,Cash on Delivery,Delivered,0
104204,2024-06-08,CUST1512,Rahul Kumar,Watch,Fashion,North,Lucknow,4,8076.52,32306.08,15,4845.91,27460.17,UPI,Returned,1
104205,2024-02-21,CUST3143,Aarav Singh,Headphones,Electronics,West,Surat,1,1553.51,1553.51,5,77.68,1475.83,Cash on Delivery,Shipped,0
104206,2023-10-12,CUST3077,Isha Bhat,Laptop,Electronics,West,Surat,2,63142.8,126285.6,0,0.0,126285.6,Cash on Delivery,Returned,1
104207,2022-05-10,CUST1721,Anika Verma,Mouse,Electronics,West,Pune,4,1771.09,7084.36,10,708.44,6375.92,Credit Card,Delivered,0
104208,2023-04-05,CUST4702,Amit Pillai,Keyboard,Electronics,South,Kochi,2,3639.58,7279.16,5,363.96,6915.2,Credit Card,Shipped,0
104209,2024-08-16,CUST2813,Meera Joshi,Keyboard,Electronics,South,Bengaluru,3,3882.79,11648.37,10,1164.84,10483.53,UPI,Delivered,0
104210,2022-11-21,CUST1679,Rohan Malhotra,Mouse,Electronics,East,Kolkata,2,779.2,1558.4,5,77.92,1480.48,Net Banking,Shipped,0
104211,2022-11-23,CUST3014,Vihaan Rao,Shoes,Fashion,South,Hyderabad,1,2034.91,2034.91,10,203.49,1831.42,Cash on Delivery,Delivered,0
104212,2024-11-01,CUST2825,Vikram Yadav,Mouse,Electronics,East,Guwahati,1,343.41,343.41,25,85.85,257.56,UPI,Cancelled,0
104213,2023-03-24,CUST2026,Anika Mehta,T-Shirt,Fashion,East,Patna,1,885.8,885.8,10,88.58,797.22,Net Banking,Shipped,0
104214,2024-03-28,CUST4619,Reyansh Kapoor,Backpack,Accessories,East,Patna,3,2639.82,7919.46,0,0.0,7919.46,Debit Card,Cancelled,0
104215,2023-06-12,CUST3175,Rohan Yadav,Keyboard,Electronics,East,Guwahati,5,4460.47,22302.35,15,3345.35,18957.0,Cash on Delivery,Returned,1
104216,2023-04-02,CUST2411,Deepa Patel,Mouse,Electronics,West,Pune,3,1189.74,3569.22,5,178.46,3390.76,Debit Card,Shipped,0
104217,2023-08-20,CUST3850,Neha Kapoor,Keyboard,Electronics,North,Delhi,2,2903.69,5807.38,25,1451.85,4355.53,Net Banking,Shipped,0
104218,2023-05-04,CUST4315,Suresh Nair,Shoes,Fashion,South,Bengaluru,1,1247.84,1247.84,15,187.18,1060.66,Debit Card,Cancelled,0
104219,2024-11-06,CUST4189,Reyansh Reddy,Mobile,Electronics,North,Lucknow,3,61293.11,183879.33,5,9193.97,174685.36,Credit Card,Returned,1
104220,2023-12-18,CUST4288,Aarav Pillai,Shoes,Fashion,South,Bengaluru,2,3652.14,7304.28,20,1460.86,5843.42,Credit Card,Shipped,0
104221,2022-04-24,CUST2752,Myra Kapoor,Laptop,Electronics,North,Lucknow,1,51999.95,51999.95,10,5199.99,46799.96,Cash on Delivery,Returned,1
104222,2024-02-25,CUST3671,Neha Verma,Shoes,Fashion,South,Hyderabad,2,1093.57,2187.14,5,109.36,2077.78,Credit Card,Delivered,0
104223,2024-08-24,CUST2459,Ishaan Patel,Keyboard,Electronics,South,Kochi,1,4489.74,4489.74,0,0.0,4489.74,Debit Card,Cancelled,0
104224,2024-11-07,CUST4935,Vikram Singh,Camera,Electronics,West,Pune,1,27639.54,27639.54,10,2763.95,24875.59,Cash on Delivery,Returned,1
104225,2024-01-11,CUST2941,Pooja Desai,Laptop,Electronics,East,Guwahati,2,64071.92,128143.84,10,12814.38,115329.46,Debit Card,Returned,1
104226,2023-06-07,CUST3439,Sanjay Patel,Keyboard,Electronics,North,Chandigarh,1,3981.62,3981.62,10,398.16,3583.46,Cash on Delivery,Delivered,0
104227,2023-02-19,CUST4797,Vikram Mehta,Mouse,Electronics,South,Bengaluru,1,1902.5,1902.5,5,95.12,1807.38,UPI,Returned,1
104228,2024-09-07,CUST2067,Isha Mehta,Watch,Fashion,East,Guwahati,4,11817.4,47269.6,5,2363.48,44906.12,Net Banking,Delivered,0
104229,2023-01-31,CUST3698,Myra Nair,Backpack,Accessories,North,Jaipur,5,2283.53,11417.65,0,0.0,11417.65,Credit Card,Shipped,0
104230,2023-01-06,CUST4740,Riya Iyer,Backpack,Accessories,West,Pune,2,2018.98,4037.96,20,807.59,3230.37,UPI,Cancelled,0
104231,2023-09-17,CUST4096,Riya Kapoor,Mouse,Electronics,South,Kochi,1,1113.64,1113.64,5,55.68,1057.96,Credit Card,Shipped,0
104232,2022-12-14,CUST4506,Sai Verma,Watch,Fashion,North,Chandigarh,2,9721.13,19442.26,5,972.11,18470.15,Credit Card,Returned,1
104233,2023-02-16,CUST1278,Meera Sharma,Watch,Fashion,North,Delhi,2,22273.47,44546.94,10,4454.69,40092.25,UPI,Delivered,0
104234,2023-05-07,CUST2356,Sara Bhat,T-Shirt,Fashion,East,Guwahati,2,1352.29,2704.58,15,405.69,2298.89,UPI,Shipped,0
104235,2023-06-30,CUST1538,Krishna Sharma,Headphones,Electronics,West,Surat,1,7107.3,7107.3,15,1066.1,6041.2,Net Banking,Shipped,0
104236,2022-12-28,CUST1248,Rakesh Nair,Watch,Fashion,East,Guwahati,4,6913.47,27653.88,5,1382.69,26271.19,Credit Card,Cancelled,0
104237,2024-02-28,CUST3913,Neha Yadav,Headphones,Electronics,East,Patna,4,4656.45,18625.8,0,0.0,18625.8,UPI,Delivered,0
104238,2022-12-23,CUST2258,Aadhya Singh,T-Shirt,Fashion,East,Kolkata,2,1004.5,2009.0,5,100.45,1908.55,Credit Card,Cancelled,0
104239,2022-06-24,CUST1502,Ananya Rao,Shoes,Fashion,West,Mumbai,1,3394.41,3394.41,10,339.44,3054.97,UPI,Cancelled,0
104240,2024-10-11,CUST2195,Reyansh Patel,Mouse,Electronics,North,Chandigarh,1,2351.3,2351.3,20,470.26,1881.04,Debit Card,Returned,1
104241,2022-09-04,CUST2272,Kavya Singh,Backpack,Accessories,East,Bhubaneswar,5,2509.08,12545.4,20,2509.08,10036.32,UPI,Delivered,0
104242,2023-01-04,CUST3332,Rohan Pillai,Mouse,Electronics,East,Guwahati,2,2329.57,4659.14,5,232.96,4426.18,Cash on Delivery,Delivered,0
104243,2024-07-22,CUST4449,Vihaan Agarwal,Headphones,Electronics,North,Chandigarh,2,7821.0,15642.0,25,3910.5,11731.5,UPI,Delivered,0
104244,2024-01-29,CUST1787,Neha Singh,Shoes,Fashion,North,Jaipur,2,4096.38,8192.76,10,819.28,7373.48,Debit Card,Delivered,0
104245,2023-04-02,CUST1979,Sanjay Pillai,Mobile,Electronics,West,Mumbai,5,11097.32,55486.6,15,8322.99,47163.61,Credit Card,Returned,1
104246,2023-12-10,CUST3121,Vikram Mehta,Laptop,Electronics,South,Chennai,5,75658.26,378291.3,20,75658.26,302633.04,Cash on Delivery,Cancelled,0
104247,2022-01-04,CUST2780,Myra Sharma,Headphones,Electronics,West,Mumbai,3,6751.9,20255.7,5,1012.78,19242.92,UPI,Shipped,0
104248,2024-03-12,CUST2280,Vikram Joshi,Shoes,Fashion,South,Kochi,5,4292.04,21460.2,20,4292.04,17168.16,Cash on Delivery,Shipped,0
104249,2024-01-09,CUST3844,Krishna Iyer,Keyboard,Electronics,South,Chennai,2,1683.95,3367.9,5,168.4,3199.5,Cash on Delivery,Cancelled,0
104250,2022-05-22,CUST3411,Rohan Malhotra,Headphones,Electronics,West,Mumbai,1,1955.57,1955.57,25,488.89,1466.68,UPI,Delivered,0
104251,2024-05-27,CUST2514,Anika Kumar,Watch,Fashion,South,Kochi,2,6732.85,13465.7,15,2019.86,11445.84,UPI,Shipped,0
104252,2024-03-06,CUST4217,Rakesh Reddy,T-Shirt,Fashion,North,Delhi,1,735.34,735.34,25,183.84,551.5,Credit Card,Delivered,0
104253,2023-10-01,CUST4677,Pooja Joshi,Mouse,Electronics,West,Pune,2,1253.88,2507.76,10,250.78,2256.98,Credit Card,Cancelled,0
104254,2024-07-07,CUST3312,Sanjay Reddy,Watch,Fashion,South,Bengaluru,1,10810.57,10810.57,25,2702.64,8107.93,Debit Card,Cancelled,0
104255,2022-10-15,CUST1366,Sanjay Patel,Headphones,Electronics,East,Guwahati,4,6447.01,25788.04,5,1289.4,24498.64,Net Banking,Delivered,0
104256,2024-09-16,CUST1244,Anika Singh,Watch,Fashion,West,Ahmedabad,2,23976.8,47953.6,15,7193.04,40760.56,Credit Card,Shipped,0
104257,2023-03-18,CUST3962,Sara Kumar,Watch,Fashion,East,Bhubaneswar,2,4398.49,8796.98,0,0.0,8796.98,Debit Card,Cancelled,0
104258,2022-01-06,CUST3546,Sanjay Chopra,Watch,Fashion,East,Bhubaneswar,3,20731.35,62194.05,10,6219.4,55974.65,Cash on Delivery,Shipped,0
104259,2024-03-06,CUST4891,Sara Verma,Mobile,Electronics,West,Surat,5,15368.67,76843.35,10,7684.34,69159.01,Cash on Delivery,Returned,1
104260,2024-12-02,CUST4292,Aarav Patel,Keyboard,Electronics,North,Delhi,1,4389.68,4389.68,15,658.45,3731.23,Credit Card,Cancelled,0
104261,2023-02-06,CUST4012,Sai Gupta,Keyboard,Electronics,North,Jaipur,1,1461.0,1461.0,0,0.0,1461.0,Credit Card,Delivered,0
104262,2022-06-17,CUST3438,Sanjay Desai,Camera,Electronics,North,Jaipur,1,28294.93,28294.93,15,4244.24,24050.69,Net Banking,Shipped,0
104263,2024-05-02,CUST1527,Ananya Malhotra,Camera,Electronics,East,Kolkata,3,17658.41,52975.23,10,5297.52,47677.71,Cash on Delivery,Delivered,0
104264,2022-02-25,CUST2722,Vikram Patel,Backpack,Accessories,West,Ahmedabad,5,1896.05,9480.25,15,1422.04,8058.21,UPI,Shipped,0
104265,2024-02-28,CUST3492,Rohan Reddy,T-Shirt,Fashion,North,Delhi,2,1774.11,3548.22,15,532.23,3015.99,UPI,Shipped,0
104266,2024-04-27,CUST2522,Vivaan Gupta,Laptop,Electronics,South,Chennai,3,111063.06,333189.18,10,33318.92,299870.26,Debit Card,Shipped,0
104267,2023-09-24,CUST3239,Amit Bhat,Keyboard,Electronics,South,Bengaluru,2,1216.27,2432.54,15,364.88,2067.66,UPI,Returned,1
104268,2023-07-20,CUST2321,Anika Mehta,T-Shirt,Fashion,East,Kolkata,4,785.63,3142.52,10,314.25,2828.27,Cash on Delivery,Shipped,0
104269,2023-11-13,CUST4099,Vikram Pillai,Mobile,Electronics,West,Mumbai,3,55183.83,165551.49,5,8277.57,157273.92,Credit Card,Shipped,0
104270,2022-05-31,CUST4335,Neha Agarwal,Laptop,Electronics,North,Lucknow,2,83178.55,166357.1,15,24953.56,141403.54,Debit Card,Delivered,0
104271,2023-11-12,CUST4483,Amit Kapoor,Mouse,Electronics,South,Bengaluru,3,1791.83,5375.49,10,537.55,4837.94,Cash on Delivery,Cancelled,0
104272,2022-03-08,CUST3772,Rakesh Kapoor,Mouse,Electronics,South,Bengaluru,1,2490.13,2490.13,15,373.52,2116.61,Debit Card,Returned,1
104273,2023-02-14,CUST1184,Meera Bhat,T-Shirt,Fashion,East,Bhubaneswar,2,1671.88,3343.76,10,334.38,3009.38,Credit Card,Delivered,0
104274,2024-04-18,CUST3127,Riya Joshi,Keyboard,Electronics,South,Chennai,2,1324.6,2649.2,0,0.0,2649.2,Cash on Delivery,Delivered,0
104275,2023-06-09,CUST2429,Aarav Malhotra,Mobile,Electronics,North,Delhi,2,51160.65,102321.3,25,25580.33,76740.97,Cash on Delivery,Cancelled,0
104276,2024-03-02,CUST4598,Aditya Desai,Camera,Electronics,West,Mumbai,2,44744.96,89489.92,10,8948.99,80540.93,Debit Card,Returned,1
104277,2022-10-04,CUST3725,Amit Reddy,Backpack,Accessories,North,Jaipur,2,2022.97,4045.94,15,606.89,3439.05,Cash on Delivery,Returned,1
104278,2023-11-01,CUST3866,Vikram Iyer,Laptop,Electronics,South,Bengaluru,1,96636.53,96636.53,5,4831.83,91804.7,Credit Card,Shipped,0
104279,2024-07-01,CUST4733,Vivaan Patel,Watch,Fashion,South,Hyderabad,4,11466.45,45865.8,5,2293.29,43572.51,Cash on Delivery,Cancelled,0
104280,2022-08-13,CUST4624,Vihaan Gupta,Backpack,Accessories,East,Bhubaneswar,1,1534.99,1534.99,5,76.75,1458.24,UPI,Cancelled,0
104281,2022-10-05,CUST4331,Suresh Rao,Laptop,Electronics,South,Chennai,1,98761.46,98761.46,0,0.0,98761.46,UPI,Returned,1
104282,2022-05-04,CUST1263,Aarav Patel,Camera,Electronics,North,Chandigarh,4,31517.23,126068.92,15,18910.34,107158.58,Credit Card,Delivered,0
104283,2023-11-22,CUST3664,Diya Agarwal,Headphones,Electronics,East,Bhubaneswar,5,965.1,4825.5,10,482.55,4342.95,Net Banking,Cancelled,0
104284,2023-09-22,CUST1986,Vihaan Joshi,Shoes,Fashion,West,Pune,1,4971.09,4971.09,15,745.66,4225.43,Debit Card,Delivered,0
104285,2022-04-25,CUST3098,Ananya Reddy,Laptop,Electronics,South,Chennai,1,77951.08,77951.08,15,11692.66,66258.42,Credit Card,Returned,1
104286,2022-05-21,CUST1947,Kavya Bhat,Watch,Fashion,West,Mumbai,2,15806.83,31613.66,0,0.0,31613.66,Credit Card,Shipped,0
104287,2023-08-11,CUST4905,Suresh Gupta,Mouse,Electronics,North,Chandigarh,2,488.73,977.46,15,146.62,830.84,UPI,Shipped,0
104288,2024-11-08,CUST2528,Pooja Patel,Backpack,Accessories,West,Ahmedabad,3,3307.62,9922.86,20,1984.57,7938.29,UPI,Cancelled,0
104289,2023-06-09,CUST1575,Krishna Mehta,Mobile,Electronics,South,Hyderabad,3,67172.82,201518.46,15,30227.77,171290.69,Debit Card,Returned,1
104290,2022-12-18,CUST1244,Riya Bhat,Headphones,Electronics,North,Lucknow,1,2999.5,2999.5,5,149.97,2849.53,Net Banking,Delivered,0
104291,2022-08-06,CUST3944,Rahul Iyer,Headphones,Electronics,North,Lucknow,3,5433.57,16300.71,10,1630.07,14670.64,Debit Card,Delivered,0
104292,2023-05-16,CUST2486,Vihaan Joshi,Laptop,Electronics,North,Jaipur,3,106485.76,319457.28,10,31945.73,287511.55,Cash on Delivery,Cancelled,0
104293,2023-03-26,CUST1473,Aarav Sharma,Mouse,Electronics,North,Jaipur,1,781.1,781.1,20,156.22,624.88,Credit Card,Cancelled,0
104294,2024-09-06,CUST4950,Sara Sharma,Camera,Electronics,North,Jaipur,2,48313.52,96627.04,5,4831.35,91795.69,Credit Card,Shipped,0
104295,2022-09-17,CUST4033,Kavya Verma,Mobile,Electronics,South,Chennai,3,81216.71,243650.13,25,60912.53,182737.6,Cash on Delivery,Cancelled,0
104296,2023-01-12,CUST3751,Diya Agarwal,Laptop,Electronics,South,Kochi,3,90292.67,270878.01,15,40631.7,230246.31,Net Banking,Cancelled,0
104297,2023-08-17,CUST2557,Meera Yadav,Watch,Fashion,South,Hyderabad,1,6238.24,6238.24,0,0.0,6238.24,UPI,Returned,1
104298,2022-03-24,CUST4730,Myra Gupta,Shoes,Fashion,North,Chandigarh,3,1964.0,5892.0,10,589.2,5302.8,Net Banking,Shipped,0
104299,2022-09-20,CUST1270,Vivaan Gupta,Camera,Electronics,East,Patna,2,16908.94,33817.88,25,8454.47,25363.41,Credit Card,Returned,1
104300,2024-01-27,CUST3969,Suresh Malhotra,Headphones,Electronics,West,Surat,4,7805.87,31223.48,15,4683.52,26539.96,Debit Card,Shipped,0
104301,2024-04-12,CUST2766,Vikram Patel,Keyboard,Electronics,North,Lucknow,1,2707.63,2707.63,20,541.53,2166.1,Debit Card,Shipped,0
104302,2024-09-25,CUST3472,Vihaan Gupta,Mouse,Electronics,East,Guwahati,2,976.27,1952.54,20,390.51,1562.03,Net Banking,Delivered,0
104303,2024-07-18,CUST3387,Arjun Iyer,T-Shirt,Fashion,West,Ahmedabad,4,1498.12,5992.48,0,0.0,5992.48,UPI,Returned,1
104304,2023-01-08,CUST1533,Isha Joshi,Backpack,Accessories,West,Surat,1,2688.52,2688.52,25,672.13,2016.39,Net Banking,Delivered,0
104305,2023-08-08,CUST4034,Neha Agarwal,Keyboard,Electronics,South,Chennai,3,1709.35,5128.05,15,769.21,4358.84,Net Banking,Returned,1
104306,2022-02-22,CUST2462,Sara Sharma,Watch,Fashion,West,Surat,1,7891.46,7891.46,15,1183.72,6707.74,UPI,Delivered,0
104307,2023-07-26,CUST1639,Vivaan Verma,Shoes,Fashion,East,Kolkata,4,5487.2,21948.8,10,2194.88,19753.92,Credit Card,Returned,1
104308,2024-04-11,CUST4919,Isha Rao,Shoes,Fashion,West,Ahmedabad,1,2618.3,2618.3,5,130.91,2487.39,Net Banking,Cancelled,0
104309,2024-04-13,CUST1691,Aditya Kapoor,Backpack,Accessories,South,Kochi,4,2889.63,11558.52,0,0.0,11558.52,Net Banking,Returned,1
104310,2024-11-26,CUST2535,Pooja Joshi,Shoes,Fashion,East,Bhubaneswar,1,3394.24,3394.24,5,169.71,3224.53,UPI,Delivered,0
104311,2024-11-30,CUST2701,Vihaan Mehta,Headphones,Electronics,South,Chennai,3,2544.95,7634.85,15,1145.23,6489.62,Cash on Delivery,Returned,1
104312,2024-06-16,CUST3608,Meera Pillai,Shoes,Fashion,South,Hyderabad,1,2096.29,2096.29,5,104.81,1991.48,Credit Card,Delivered,0
104313,2024-02-04,CUST1109,Ananya Reddy,Backpack,Accessories,East,Kolkata,2,2216.52,4433.04,0,0.0,4433.04,Credit Card,Returned,1
104314,2023-12-21,CUST1444,Riya Singh,Backpack,Accessories,North,Lucknow,1,3334.64,3334.64,0,0.0,3334.64,UPI,Shipped,0
104315,2022-11-29,CUST3040,Ananya Gupta,Headphones,Electronics,East,Patna,2,5772.7,11545.4,5,577.27,10968.13,Credit Card,Delivered,0
104316,2023-07-07,CUST2260,Reyansh Pillai,Shoes,Fashion,South,Hyderabad,2,1773.67,3547.34,15,532.1,3015.24,Credit Card,Cancelled,0
104317,2024-05-06,CUST2662,Rohan Malhotra,Headphones,Electronics,South,Chennai,4,970.43,3881.72,0,0.0,3881.72,Credit Card,Shipped,0
104318,2024-11-17,CUST1192,Myra Rao,Backpack,Accessories,South,Kochi,2,2842.36,5684.72,25,1421.18,4263.54,Cash on Delivery,Returned,1
104319,2022-08-29,CUST2402,Pooja Malhotra,Watch,Fashion,South,Chennai,2,10099.59,20199.18,0,0.0,20199.18,Debit Card,Cancelled,0
104320,2022-03-27,CUST2590,Isha Malhotra,Mouse,Electronics,East,Bhubaneswar,4,430.26,1721.04,15,258.16,1462.88,UPI,Returned,1
104321,2024-03-23,CUST4714,Ishaan Malhotra,Camera,Electronics,East,Patna,5,35793.46,178967.3,5,8948.36,170018.94,Credit Card,Shipped,0
104322,2024-02-08,CUST4058,Aadhya Agarwal,Laptop,Electronics,North,Delhi,4,102554.74,410218.96,15,61532.84,348686.12,Cash on Delivery,Returned,1
104323,2024-08-12,CUST3467,Ananya Gupta,Backpack,Accessories,South,Kochi,1,3374.84,3374.84,0,0.0,3374.84,Credit Card,Shipped,0
104324,2022-06-15,CUST2107,Ishaan Reddy,Mouse,Electronics,South,Chennai,4,1197.04,4788.16,5,239.41,4548.75,UPI,Delivered,0
104325,2024-07-25,CUST1587,Sai Singh,Headphones,Electronics,North,Chandigarh,4,7295.0,29180.0,5,1459.0,27721.0,Cash on Delivery,Cancelled,0
104326,2022-12-03,CUST1135,Anika Agarwal,T-Shirt,Fashion,South,Hyderabad,5,1171.3,5856.5,15,878.48,4978.02,UPI,Cancelled,0
104327,2023-03-14,CUST4125,Vikram Kapoor,Camera,Electronics,South,Kochi,5,42638.12,213190.6,10,21319.06,191871.54,Net Banking,Delivered,0
104328,2022-11-05,CUST1911,Reyansh Kapoor,T-Shirt,Fashion,North,Delhi,1,649.59,649.59,15,97.44,552.15,Debit Card,Returned,1
104329,2024-12-09,CUST2628,Rakesh Sharma,Mobile,Electronics,West,Pune,1,46702.04,46702.04,5,2335.1,44366.94,Credit Card,Delivered,0
104330,2023-07-25,CUST4793,Deepa Gupta,Keyboard,Electronics,East,Patna,1,3225.06,3225.06,10,322.51,2902.55,Credit Card,Delivered,0
104331,2023-05-23,CUST3338,Reyansh Malhotra,Headphones,Electronics,South,Kochi,3,3438.3,10314.9,15,1547.23,8767.67,Debit Card,Delivered,0
104332,2022-03-13,CUST3741,Rohan Desai,Shoes,Fashion,North,Delhi,4,2567.87,10271.48,10,1027.15,9244.33,UPI,Returned,1
104333,2022-06-19,CUST4103,Riya Verma,Mouse,Electronics,North,Lucknow,5,2186.06,10930.3,15,1639.55,9290.75,Credit Card,Shipped,0
104334,2022-03-09,CUST1842,Ananya Sharma,Laptop,Electronics,North,Chandigarh,4,49191.35,196765.4,15,29514.81,167250.59,UPI,Cancelled,0
104335,2023-07-04,CUST4311,Sanjay Mehta,Mobile,Electronics,South,Chennai,1,45539.39,45539.39,5,2276.97,43262.42,Credit Card,Delivered,0
104336,2024-03-15,CUST1720,Pooja Iyer,Mouse,Electronics,North,Jaipur,4,487.06,1948.24,10,194.82,1753.42,UPI,Delivered,0
104337,2022-08-22,CUST3468,Sai Chopra,Headphones,Electronics,East,Guwahati,3,6275.69,18827.07,0,0.0,18827.07,UPI,Delivered,0
104338,2022-10-26,CUST1581,Arjun Yadav,Headphones,Electronics,East,Bhubaneswar,4,4988.38,19953.52,10,1995.35,17958.17,Credit Card,Cancelled,0
104339,2024-03-10,CUST2659,Aditya Desai,Mobile,Electronics,North,Jaipur,1,44889.48,44889.48,15,6733.42,38156.06,UPI,Cancelled,0
104340,2024-12-01,CUST2785,Deepa Iyer,Mobile,Electronics,East,Bhubaneswar,1,29926.65,29926.65,20,5985.33,23941.32,Credit Card,Cancelled,0
104341,2023-02-03,CUST1893,Aadhya Kapoor,Mouse,Electronics,North,Lucknow,1,1758.36,1758.36,0,0.0,1758.36,Debit Card,Returned,1
104342,2024-04-11,CUST1096,Isha Kapoor,Mouse,Electronics,West,Mumbai,2,1695.94,3391.88,5,169.59,3222.29,UPI,Delivered,0
104343,2022-10-21,CUST1055,Aadhya Chopra,T-Shirt,Fashion,West,Surat,3,954.77,2864.31,5,143.22,2721.09,Cash on Delivery,Shipped,0
104344,2022-03-15,CUST2853,Krishna Iyer,Watch,Fashion,North,Chandigarh,3,1575.0,4725.0,10,472.5,4252.5,Cash on Delivery,Returned,1
104345,2023-04-12,CUST3584,Riya Singh,Camera,Electronics,North,Delhi,1,33890.86,33890.86,10,3389.09,30501.77,Debit Card,Delivered,0
104346,2022-09-15,CUST3985,Meera Iyer,Headphones,Electronics,East,Patna,4,3159.64,12638.56,5,631.93,12006.63,UPI,Returned,1
104347,2024-11-20,CUST4395,Aditya Yadav,Keyboard,Electronics,West,Pune,1,1737.5,1737.5,15,260.62,1476.88,Debit Card,Cancelled,0
104348,2024-11-02,CUST3456,Priya Sharma,Mobile,Electronics,East,Kolkata,3,63033.16,189099.48,25,47274.87,141824.61,Net Banking,Shipped,0
104349,2023-07-05,CUST2348,Sanjay Joshi,T-Shirt,Fashion,South,Bengaluru,1,1256.21,1256.21,5,62.81,1193.4,Debit Card,Delivered,0
104350,2024-09-18,CUST4668,Sai Singh,Headphones,Electronics,North,Jaipur,3,1779.82,5339.46,10,533.95,4805.51,Debit Card,Returned,1
104351,2023-01-20,CUST3321,Sanjay Singh,Headphones,Electronics,North,Jaipur,5,2514.41,12572.05,5,628.6,11943.45,Cash on Delivery,Delivered,0
104352,2024-03-28,CUST4412,Sai Joshi,Shoes,Fashion,North,Delhi,1,4624.57,4624.57,5,231.23,4393.34,Cash on Delivery,Delivered,0
104353,2023-11-30,CUST2325,Priya Pillai,Watch,Fashion,West,Mumbai,1,15029.27,15029.27,10,1502.93,13526.34,Cash on Delivery,Cancelled,0
104354,2022-07-11,CUST1869,Sara Patel,Headphones,Electronics,East,Guwahati,2,2994.75,5989.5,25,1497.38,4492.12,Cash on Delivery,Cancelled,0
104355,2024-03-29,CUST4524,Ananya Chopra,Headphones,Electronics,East,Guwahati,1,6105.09,6105.09,0,0.0,6105.09,Cash on Delivery,Returned,1
104356,2022-05-10,CUST4613,Isha Pillai,Backpack,Accessories,West,Pune,2,2798.64,5597.28,20,1119.46,4477.82,Credit Card,Cancelled,0
104357,2024-02-16,CUST3397,Priya Rao,Mouse,Electronics,East,Patna,2,1661.06,3322.12,15,498.32,2823.8,Cash on Delivery,Cancelled,0
104358,2023-12-13,CUST4471,Amit Gupta,Shoes,Fashion,South,Chennai,1,3018.14,3018.14,25,754.53,2263.61,Net Banking,Returned,1
104359,2022-08-01,CUST1636,Deepa Rao,Laptop,Electronics,North,Delhi,3,51753.69,155261.07,15,23289.16,131971.91,Debit Card,Delivered,0
104360,2022-10-25,CUST3784,Vihaan Singh,Mouse,Electronics,North,Chandigarh,2,1980.69,3961.38,15,594.21,3367.17,Credit Card,Shipped,0
104361,2022-07-09,CUST1115,Amit Malhotra,Laptop,Electronics,North,Delhi,4,102486.48,409945.92,20,81989.18,327956.74,Debit Card,Cancelled,0
104362,2024-01-19,CUST3984,Anika Iyer,Keyboard,Electronics,North,Lucknow,1,1806.65,1806.65,0,0.0,1806.65,Debit Card,Returned,1
104363,2023-10-23,CUST2301,Aditya Reddy,T-Shirt,Fashion,South,Chennai,1,1037.24,1037.24,0,0.0,1037.24,Credit Card,Shipped,0
104364,2022-05-13,CUST1943,Vikram Agarwal,Mouse,Electronics,East,Patna,5,443.96,2219.8,10,221.98,1997.82,Cash on Delivery,Returned,1
104365,2023-03-09,CUST4870,Krishna Kapoor,Keyboard,Electronics,East,Patna,2,840.46,1680.92,10,168.09,1512.83,Credit Card,Cancelled,0
104366,2022-10-29,CUST4780,Vivaan Agarwal,Headphones,Electronics,South,Bengaluru,2,3753.2,7506.4,10,750.64,6755.76,Debit Card,Returned,1
104367,2023-12-11,CUST3761,Myra Gupta,T-Shirt,Fashion,North,Jaipur,2,1149.03,2298.06,0,0.0,2298.06,Net Banking,Cancelled,0
104368,2022-12-27,CUST3444,Diya Joshi,T-Shirt,Fashion,South,Bengaluru,4,1312.52,5250.08,10,525.01,4725.07,Cash on Delivery,Delivered,0
104369,2024-11-25,CUST4222,Kavya Gupta,Watch,Fashion,North,Jaipur,2,18565.69,37131.38,5,1856.57,35274.81,Debit Card,Shipped,0
104370,2023-05-09,CUST3793,Krishna Pillai,Keyboard,Electronics,South,Hyderabad,4,826.94,3307.76,0,0.0,3307.76,Cash on Delivery,Delivered,0
104371,2024-05-05,CUST4945,Meera Chopra,Backpack,Accessories,South,Chennai,2,1379.92,2759.84,10,275.98,2483.86,Credit Card,Delivered,0
104372,2022-01-01,CUST3546,Amit Agarwal,Keyboard,Electronics,West,Pune,1,3657.74,3657.74,20,731.55,2926.19,Net Banking,Delivered,0
104373,2022-12-14,CUST1266,Meera Reddy,Shoes,Fashion,North,Chandigarh,2,1688.53,3377.06,0,0.0,3377.06,Cash on Delivery,Returned,1
104374,2024-02-28,CUST3012,Neha Nair,Watch,Fashion,East,Kolkata,3,22355.08,67065.24,10,6706.52,60358.72,UPI,Delivered,0
104375,2024-07-16,CUST4273,Ananya Mehta,Laptop,Electronics,North,Delhi,3,47224.73,141674.19,10,14167.42,127506.77,Debit Card,Cancelled,0
104376,2024-08-12,CUST2952,Arjun Agarwal,Backpack,Accessories,North,Delhi,2,1878.41,3756.82,5,187.84,3568.98,Credit Card,Shipped,0
104377,2022-09-23,CUST3525,Diya Verma,Mobile,Electronics,South,Kochi,2,56705.44,113410.88,0,0.0,113410.88,Credit Card,Shipped,0
104378,2024-12-06,CUST1474,Sai Reddy,Mobile,Electronics,South,Kochi,3,13554.08,40662.24,10,4066.22,36596.02,Credit Card,Shipped,0
104379,2024-01-06,CUST3529,Anika Chopra,Keyboard,Electronics,North,Chandigarh,2,1364.75,2729.5,20,545.9,2183.6,Credit Card,Shipped,0
104380,2024-03-13,CUST1606,Neha Malhotra,Watch,Fashion,North,Chandigarh,4,12294.07,49176.28,5,2458.81,46717.47,Credit Card,Delivered,0
104381,2024-10-15,CUST2890,Vihaan Patel,Headphones,Electronics,South,Hyderabad,1,5784.67,5784.67,5,289.23,5495.44,UPI,Shipped,0
104382,2023-12-12,CUST2103,Reyansh Yadav,Camera,Electronics,West,Surat,2,23487.27,46974.54,15,7046.18,39928.36,Net Banking,Returned,1
104383,2024-04-25,CUST3485,Krishna Verma,Mobile,Electronics,West,Surat,3,51231.21,153693.63,5,7684.68,146008.95,Debit Card,Returned,1
104384,2023-02-23,CUST2225,Neha Yadav,Watch,Fashion,East,Bhubaneswar,2,8941.45,17882.9,15,2682.43,15200.47,Cash on Delivery,Delivered,0
104385,2022-03-09,CUST2894,Riya Agarwal,Keyboard,Electronics,North,Delhi,1,4142.7,4142.7,10,414.27,3728.43,Credit Card,Returned,1
104386,2024-01-28,CUST3607,Sai Desai,Mouse,Electronics,North,Lucknow,3,2394.56,7183.68,10,718.37,6465.31,Cash on Delivery,Delivered,0
104387,2023-04-20,CUST4233,Vivaan Pillai,Shoes,Fashion,West,Mumbai,1,2308.33,2308.33,10,230.83,2077.5,UPI,Cancelled,0
104388,2023-12-26,CUST3545,Sanjay Gupta,Shoes,Fashion,East,Guwahati,2,4635.77,9271.54,0,0.0,9271.54,Cash on Delivery,Delivered,0
104389,2022-03-27,CUST3916,Ishaan Gupta,Laptop,Electronics,North,Lucknow,4,117133.7,468534.8,5,23426.74,445108.06,UPI,Shipped,0
104390,2023-03-08,CUST1017,Meera Sharma,Camera,Electronics,South,Chennai,3,20566.33,61698.99,10,6169.9,55529.09,Credit Card,Shipped,0
104391,2024-07-01,CUST3343,Sai Yadav,Headphones,Electronics,East,Patna,1,6437.94,6437.94,0,0.0,6437.94,UPI,Shipped,0
104392,2024-10-09,CUST3876,Diya Desai,Backpack,Accessories,East,Patna,2,1753.47,3506.94,10,350.69,3156.25,Net Banking,Shipped,0
104393,2023-05-19,CUST3228,Sanjay Bhat,Laptop,Electronics,South,Hyderabad,1,105098.96,105098.96,5,5254.95,99844.01,Debit Card,Cancelled,0
104394,2022-04-19,CUST2206,Anika Kumar,Laptop,Electronics,West,Surat,2,83512.22,167024.44,0,0.0,167024.44,Credit Card,Returned,1
104395,2023-06-23,CUST1168,Rakesh Malhotra,Camera,Electronics,North,Delhi,2,16961.41,33922.82,15,5088.42,28834.4,Credit Card,Returned,1
104396,2023-02-03,CUST3942,Reyansh Joshi,Keyboard,Electronics,South,Chennai,4,1662.63,6650.52,25,1662.63,4987.89,UPI,Returned,1
104397,2022-11-08,CUST3562,Priya Gupta,Keyboard,Electronics,West,Mumbai,5,3314.17,16570.85,20,3314.17,13256.68,UPI,Shipped,0
104398,2023-03-27,CUST4803,Aditya Kapoor,T-Shirt,Fashion,North,Chandigarh,3,1632.63,4897.89,15,734.68,4163.21,Net Banking,Shipped,0
104399,2022-05-05,CUST4761,Arjun Iyer,Mouse,Electronics,South,Bengaluru,3,1755.12,5265.36,20,1053.07,4212.29,Net Banking,Cancelled,0
104400,2023-12-30,CUST4615,Myra Yadav,T-Shirt,Fashion,South,Kochi,5,1335.89,6679.45,20,1335.89,5343.56,Debit Card,Cancelled,0
104401,2023-01-23,CUST4726,Diya Joshi,Mobile,Electronics,North,Jaipur,2,30904.98,61809.96,0,0.0,61809.96,Cash on Delivery,Returned,1
104402,2022-02-04,CUST1948,Amit Singh,Shoes,Fashion,East,Guwahati,1,6386.57,6386.57,15,957.99,5428.58,Debit Card,Delivered,0
104403,2023-10-19,CUST1181,Aarav Yadav,T-Shirt,Fashion,East,Bhubaneswar,1,451.96,451.96,15,67.79,384.17,Net Banking,Shipped,0
104404,2023-05-10,CUST1964,Meera Mehta,Watch,Fashion,East,Bhubaneswar,3,9892.16,29676.48,10,2967.65,26708.83,Net Banking,Cancelled,0
104405,2024-11-30,CUST2572,Sai Pillai,Watch,Fashion,West,Mumbai,1,21433.63,21433.63,10,2143.36,19290.27,Debit Card,Shipped,0
104406,2024-03-12,CUST3354,Sara Yadav,Mobile,Electronics,West,Ahmedabad,2,13249.82,26499.64,5,1324.98,25174.66,Credit Card,Returned,1
104407,2022-08-18,CUST3779,Rahul Chopra,Headphones,Electronics,North,Jaipur,2,6016.79,12033.58,15,1805.04,10228.54,Cash on Delivery,Shipped,0
104408,2022-04-27,CUST4270,Diya Gupta,Laptop,Electronics,South,Hyderabad,3,61353.67,184061.01,10,18406.1,165654.91,Cash on Delivery,Delivered,0
104409,2024-07-14,CUST3520,Myra Mehta,T-Shirt,Fashion,West,Surat,1,623.73,623.73,0,0.0,623.73,Cash on Delivery,Returned,1
104410,2022-06-02,CUST1720,Aarav Reddy,Watch,Fashion,North,Jaipur,4,19007.48,76029.92,15,11404.49,64625.43,Net Banking,Shipped,0
104411,2022-04-23,CUST2859,Arjun Yadav,Backpack,Accessories,East,Kolkata,3,1727.97,5183.91,10,518.39,4665.52,Net Banking,Returned,1
104412,2024-08-06,CUST3022,Vivaan Verma,Headphones,Electronics,East,Guwahati,2,3371.83,6743.66,25,1685.91,5057.75,Debit Card,Delivered,0
104413,2024-03-03,CUST4422,Kavya Rao,Watch,Fashion,South,Chennai,1,1749.69,1749.69,5,87.48,1662.21,Credit Card,Shipped,0
104414,2023-03-02,CUST2492,Reyansh Joshi,T-Shirt,Fashion,East,Bhubaneswar,1,588.14,588.14,5,29.41,558.73,Debit Card,Shipped,0
104415,2024-03-25,CUST3375,Sai Patel,Watch,Fashion,West,Ahmedabad,3,16407.87,49223.61,25,12305.9,36917.71,UPI,Cancelled,0
104416,2023-09-01,CUST3041,Aditya Joshi,Headphones,Electronics,East,Patna,4,1036.72,4146.88,20,829.38,3317.5,Net Banking,Delivered,0
104417,2022-12-26,CUST4830,Diya Rao,Mobile,Electronics,West,Surat,2,24873.58,49747.16,10,4974.72,44772.44,Net Banking,Cancelled,0
104418,2024-01-04,CUST3772,Vikram Mehta,Laptop,Electronics,East,Patna,2,112328.45,224656.9,25,56164.22,168492.68,UPI,Delivered,0
104419,2024-04-26,CUST4540,Suresh Nair,Shoes,Fashion,South,Bengaluru,2,4040.12,8080.24,20,1616.05,6464.19,Cash on Delivery,Delivered,0
104420,2024-07-23,CUST4574,Aarav Joshi,Mobile,Electronics,North,Jaipur,3,9424.89,28274.67,15,4241.2,24033.47,Credit Card,Delivered,0
104421,2023-09-06,CUST2668,Neha Agarwal,Headphones,Electronics,South,Kochi,5,4396.54,21982.7,10,2198.27,19784.43,Net Banking,Shipped,0
104422,2022-03-06,CUST1418,Neha Joshi,Backpack,Accessories,East,Guwahati,1,2819.48,2819.48,20,563.9,2255.58,Debit Card,Delivered,0
104423,2022-11-20,CUST1715,Sai Mehta,Mouse,Electronics,North,Chandigarh,2,2189.63,4379.26,15,656.89,3722.37,Debit Card,Shipped,0
104424,2024-02-22,CUST4678,Vikram Kumar,Camera,Electronics,North,Lucknow,3,21982.33,65946.99,20,13189.4,52757.59,Credit Card,Shipped,0
104425,2024-08-23,CUST2290,Rahul Patel,Shoes,Fashion,South,Hyderabad,5,1437.17,7185.85,20,1437.17,5748.68,Net Banking,Delivered,0
104426,2023-10-04,CUST2357,Krishna Iyer,Camera,Electronics,North,Jaipur,1,45151.69,45151.69,10,4515.17,40636.52,Debit Card,Returned,1
104427,2022-05-17,CUST2423,Kavya Malhotra,T-Shirt,Fashion,West,Ahmedabad,3,1259.61,3778.83,15,566.82,3212.01,Net Banking,Cancelled,0
104428,2022-01-15,CUST1269,Riya Verma,Keyboard,Electronics,West,Ahmedabad,1,2700.5,2700.5,10,270.05,2430.45,Credit Card,Shipped,0
104429,2024-05-16,CUST2735,Krishna Reddy,T-Shirt,Fashion,North,Jaipur,4,1013.39,4053.56,15,608.03,3445.53,Cash on Delivery,Shipped,0
104430,2023-10-22,CUST3601,Meera Agarwal,Backpack,Accessories,South,Bengaluru,5,1323.74,6618.7,15,992.8,5625.9,Credit Card,Returned,1
104431,2024-01-22,CUST1851,Sanjay Kapoor,Camera,Electronics,East,Guwahati,4,53485.86,213943.44,0,0.0,213943.44,Credit Card,Returned,1
104432,2022-11-30,CUST4706,Aarav Kapoor,Laptop,Electronics,West,Ahmedabad,2,97509.05,195018.1,5,9750.91,185267.19,Cash on Delivery,Returned,1
104433,2024-08-10,CUST1712,Anika Pillai,Laptop,Electronics,West,Pune,2,113728.6,227457.2,10,22745.72,204711.48,Credit Card,Returned,1
104434,2023-02-24,CUST4419,Myra Chopra,Mobile,Electronics,South,Hyderabad,2,36102.16,72204.32,20,14440.86,57763.46,Net Banking,Shipped,0
104435,2022-03-02,CUST1379,Deepa Agarwal,Shoes,Fashion,East,Kolkata,5,5687.21,28436.05,20,5687.21,22748.84,Net Banking,Cancelled,0
104436,2023-02-24,CUST2282,Isha Yadav,Mouse,Electronics,East,Kolkata,1,1103.11,1103.11,0,0.0,1103.11,Net Banking,Shipped,0
104437,2022-09-27,CUST2703,Vikram Kumar,Mobile,Electronics,East,Patna,2,21969.73,43939.46,10,4393.95,39545.51,Cash on Delivery,Returned,1
104438,2024-06-09,CUST4485,Vikram Sharma,Watch,Fashion,West,Mumbai,4,10450.19,41800.76,15,6270.11,35530.65,Credit Card,Returned,1
104439,2022-06-07,CUST1111,Amit Kumar,T-Shirt,Fashion,East,Guwahati,2,378.18,756.36,5,37.82,718.54,Debit Card,Delivered,0
104440,2024-08-19,CUST3461,Reyansh Nair,Watch,Fashion,East,Patna,2,15155.29,30310.58,15,4546.59,25763.99,Net Banking,Shipped,0
104441,2024-11-14,CUST3425,Neha Nair,Laptop,Electronics,West,Ahmedabad,5,91137.95,455689.75,5,22784.49,432905.26,UPI,Delivered,0
104442,2022-07-01,CUST1491,Rahul Patel,Camera,Electronics,North,Chandigarh,4,36149.76,144599.04,20,28919.81,115679.23,Cash on Delivery,Returned,1
104443,2023-06-29,CUST2128,Krishna Singh,Keyboard,Electronics,North,Chandigarh,3,4009.65,12028.95,25,3007.24,9021.71,Debit Card,Shipped,0
104444,2024-10-27,CUST2704,Aadhya Yadav,Camera,Electronics,East,Guwahati,1,33612.46,33612.46,15,5041.87,28570.59,Cash on Delivery,Shipped,0
104445,2023-01-29,CUST1707,Amit Singh,Keyboard,Electronics,North,Chandigarh,4,2965.14,11860.56,0,0.0,11860.56,Net Banking,Returned,1
104446,2023-05-05,CUST1459,Deepa Mehta,Backpack,Accessories,West,Pune,1,1324.61,1324.61,5,66.23,1258.38,Credit Card,Returned,1
104447,2022-03-12,CUST4982,Rakesh Joshi,Watch,Fashion,South,Bengaluru,2,7278.79,14557.58,10,1455.76,13101.82,Cash on Delivery,Cancelled,0
104448,2022-12-03,CUST4132,Arjun Nair,Headphones,Electronics,East,Patna,5,5056.67,25283.35,0,0.0,25283.35,Debit Card,Delivered,0
104449,2022-07-15,CUST3016,Krishna Desai,Camera,Electronics,South,Bengaluru,2,46247.16,92494.32,20,18498.86,73995.46,Debit Card,Cancelled,0
104450,2024-08-26,CUST2360,Riya Singh,Laptop,Electronics,North,Delhi,1,110625.61,110625.61,0,0.0,110625.61,Credit Card,Returned,1
104451,2022-11-29,CUST3572,Vivaan Patel,Camera,Electronics,South,Chennai,1,28896.96,28896.96,0,0.0,28896.96,UPI,Delivered,0
104452,2022-07-09,CUST1035,Isha Pillai,Mobile,Electronics,West,Surat,3,53795.88,161387.64,25,40346.91,121040.73,UPI,Shipped,0
104453,2024-02-13,CUST3945,Kavya Joshi,Backpack,Accessories,South,Bengaluru,2,3373.52,6747.04,20,1349.41,5397.63,Credit Card,Shipped,0
104454,2023-11-13,CUST1429,Vivaan Gupta,Mobile,Electronics,East,Bhubaneswar,2,76078.57,152157.14,0,0.0,152157.14,Debit Card,Cancelled,0
104455,2022-09-29,CUST1338,Priya Malhotra,Keyboard,Electronics,South,Kochi,2,3254.76,6509.52,25,1627.38,4882.14,Net Banking,Delivered,0
104456,2024-06-18,CUST2207,Arjun Chopra,T-Shirt,Fashion,South,Hyderabad,2,1319.47,2638.94,15,395.84,2243.1,Credit Card,Returned,1
104457,2024-07-06,CUST2687,Priya Chopra,Shoes,Fashion,West,Mumbai,1,2303.96,2303.96,20,460.79,1843.17,Debit Card,Returned,1
104458,2023-09-17,CUST2986,Kavya Chopra,Keyboard,Electronics,South,Bengaluru,5,3753.24,18766.2,5,938.31,17827.89,Credit Card,Delivered,0
104459,2024-12-29,CUST2220,Amit Agarwal,Laptop,Electronics,South,Hyderabad,3,48604.34,145813.02,0,0.0,145813.02,Net Banking,Returned,1
104460,2022-06-18,CUST2203,Aadhya Bhat,Mouse,Electronics,South,Bengaluru,4,1642.83,6571.32,20,1314.26,5257.06,Credit Card,Shipped,0
104461,2024-12-15,CUST1879,Krishna Yadav,Headphones,Electronics,North,Delhi,1,3945.44,3945.44,15,591.82,3353.62,UPI,Delivered,0
104462,2022-11-07,CUST1473,Sai Nair,Shoes,Fashion,South,Chennai,3,6480.33,19440.99,15,2916.15,16524.84,Credit Card,Shipped,0
104463,2023-01-17,CUST1562,Rohan Desai,Headphones,Electronics,West,Mumbai,3,6933.03,20799.09,15,3119.86,17679.23,Credit Card,Returned,1
104464,2023-12-09,CUST1201,Reyansh Desai,Headphones,Electronics,North,Chandigarh,5,1113.68,5568.4,5,278.42,5289.98,Cash on Delivery,Returned,1
104465,2024-09-29,CUST1926,Myra Reddy,Backpack,Accessories,West,Pune,1,2570.25,2570.25,25,642.56,1927.69,Net Banking,Returned,1
104466,2023-01-03,CUST1651,Kavya Iyer,Mobile,Electronics,North,Delhi,2,83201.42,166402.84,5,8320.14,158082.7,UPI,Delivered,0
104467,2024-12-07,CUST3309,Diya Kapoor,Camera,Electronics,South,Hyderabad,4,45837.24,183348.96,10,18334.9,165014.06,Cash on Delivery,Returned,1
104468,2023-01-07,CUST3035,Anika Gupta,Watch,Fashion,South,Bengaluru,2,22903.82,45807.64,15,6871.15,38936.49,Net Banking,Returned,1
104469,2023-10-16,CUST4320,Ananya Reddy,T-Shirt,Fashion,North,Lucknow,4,353.0,1412.0,5,70.6,1341.4,Debit Card,Returned,1
104470,2022-01-26,CUST4394,Ishaan Verma,Laptop,Electronics,North,Jaipur,3,73568.18,220704.54,0,0.0,220704.54,Net Banking,Delivered,0
104471,2022-06-15,CUST1921,Amit Pillai,Watch,Fashion,East,Bhubaneswar,1,4729.94,4729.94,15,709.49,4020.45,Cash on Delivery,Cancelled,0
104472,2024-10-16,CUST2252,Sanjay Singh,Camera,Electronics,South,Chennai,1,40917.7,40917.7,0,0.0,40917.7,Net Banking,Returned,1
104473,2022-06-21,CUST2498,Suresh Singh,Laptop,Electronics,South,Chennai,4,97622.86,390491.44,25,97622.86,292868.58,Cash on Delivery,Cancelled,0
104474,2024-10-27,CUST2928,Priya Singh,Shoes,Fashion,East,Guwahati,5,6414.15,32070.75,0,0.0,32070.75,Credit Card,Cancelled,0
104475,2022-06-07,CUST4342,Diya Kumar,Headphones,Electronics,West,Ahmedabad,3,3391.66,10174.98,25,2543.74,7631.24,UPI,Delivered,0
104476,2024-05-22,CUST4499,Isha Chopra,T-Shirt,Fashion,North,Delhi,5,1169.94,5849.7,10,584.97,5264.73,Net Banking,Delivered,0
104477,2024-03-09,CUST3725,Vivaan Gupta,Backpack,Accessories,West,Mumbai,1,1834.9,1834.9,25,458.73,1376.17,Debit Card,Delivered,0
104478,2022-02-09,CUST4523,Reyansh Agarwal,Headphones,Electronics,North,Chandigarh,1,6873.99,6873.99,10,687.4,6186.59,Cash on Delivery,Cancelled,0
104479,2023-04-30,CUST4512,Anika Nair,Mouse,Electronics,East,Patna,2,986.96,1973.92,10,197.39,1776.53,UPI,Cancelled,0
104480,2024-03-06,CUST4792,Krishna Verma,Shoes,Fashion,West,Mumbai,3,3961.99,11885.97,20,2377.19,9508.78,Credit Card,Delivered,0
104481,2023-11-08,CUST1382,Priya Gupta,Headphones,Electronics,North,Delhi,2,2182.4,4364.8,5,218.24,4146.56,UPI,Cancelled,0
104482,2024-02-19,CUST2804,Arjun Iyer,Headphones,Electronics,East,Kolkata,3,2280.17,6840.51,15,1026.08,5814.43,Cash on Delivery,Shipped,0
104483,2022-11-24,CUST3358,Deepa Kumar,Backpack,Accessories,South,Kochi,4,2748.81,10995.24,10,1099.52,9895.72,Debit Card,Returned,1
104484,2023-04-01,CUST2771,Rakesh Patel,Headphones,Electronics,South,Kochi,2,6681.32,13362.64,15,2004.4,11358.24,Credit Card,Delivered,0
104485,2023-04-07,CUST1649,Diya Joshi,Watch,Fashion,North,Jaipur,2,15364.99,30729.98,20,6146.0,24583.98,Debit Card,Delivered,0
104486,2024-09-13,CUST3019,Isha Patel,Keyboard,Electronics,South,Hyderabad,2,2307.58,4615.16,10,461.52,4153.64,Debit Card,Shipped,0
104487,2023-08-26,CUST3834,Pooja Singh,Laptop,Electronics,East,Kolkata,1,65231.24,65231.24,15,9784.69,55446.55,Debit Card,Returned,1
104488,2022-04-18,CUST1939,Isha Nair,Backpack,Accessories,South,Kochi,1,3471.42,3471.42,10,347.14,3124.28,Net Banking,Delivered,0
104489,2023-03-31,CUST2753,Aditya Gupta,Shoes,Fashion,North,Chandigarh,1,4522.13,4522.13,5,226.11,4296.02,Net Banking,Returned,1
104490,2022-07-08,CUST2146,Vihaan Mehta,Backpack,Accessories,North,Chandigarh,4,1739.47,6957.88,20,1391.58,5566.3,Net Banking,Delivered,0
104491,2022-05-05,CUST2703,Neha Kapoor,Headphones,Electronics,North,Delhi,2,5671.46,11342.92,5,567.15,10775.77,UPI,Returned,1
104492,2023-04-05,CUST2313,Kavya Nair,T-Shirt,Fashion,North,Lucknow,2,1391.5,2783.0,10,278.3,2504.7,Credit Card,Cancelled,0
104493,2023-12-17,CUST4776,Pooja Joshi,Laptop,Electronics,East,Guwahati,2,87099.0,174198.0,10,17419.8,156778.2,UPI,Shipped,0
104494,2024-09-04,CUST3109,Ananya Agarwal,Headphones,Electronics,East,Kolkata,3,6906.64,20719.92,5,1036.0,19683.92,Net Banking,Shipped,0
104495,2024-06-01,CUST4794,Suresh Desai,Laptop,Electronics,East,Guwahati,4,79879.98,319519.92,0,0.0,319519.92,UPI,Returned,1
104496,2024-04-07,CUST3763,Myra Kapoor,Headphones,Electronics,East,Bhubaneswar,1,4483.4,4483.4,5,224.17,4259.23,Cash on Delivery,Returned,1
104497,2022-11-22,CUST2690,Rakesh Joshi,Watch,Fashion,North,Delhi,1,23909.7,23909.7,15,3586.45,20323.25,Debit Card,Returned,1
104498,2022-01-18,CUST3982,Pooja Kumar,Shoes,Fashion,North,Lucknow,2,1858.04,3716.08,10,371.61,3344.47,Cash on Delivery,Shipped,0
104499,2024-09-22,CUST1227,Diya Pillai,Watch,Fashion,West,Ahmedabad,4,16446.99,65787.96,5,3289.4,62498.56,Cash on Delivery,Cancelled,0
104500,2022-02-11,CUST2276,Aditya Joshi,Mobile,Electronics,North,Lucknow,1,67184.57,67184.57,10,6718.46,60466.11,Debit Card,Returned,1
104501,2022-04-28,CUST3019,Reyansh Rao,Mouse,Electronics,South,Bengaluru,3,1361.25,4083.75,15,612.56,3471.19,Credit Card,Shipped,0
104502,2023-06-30,CUST4933,Vivaan Patel,Mobile,Electronics,South,Bengaluru,2,72232.79,144465.58,5,7223.28,137242.3,Net Banking,Cancelled,0
104503,2024-07-30,CUST2083,Vihaan Kapoor,Camera,Electronics,South,Chennai,4,45016.84,180067.36,25,45016.84,135050.52,UPI,Shipped,0
104504,2022-08-05,CUST4254,Kavya Malhotra,Mouse,Electronics,West,Mumbai,3,1347.4,4042.2,15,606.33,3435.87,UPI,Shipped,0
104505,2024-03-29,CUST4735,Rahul Yadav,Headphones,Electronics,South,Chennai,2,3779.22,7558.44,0,0.0,7558.44,Cash on Delivery,Shipped,0
104506,2024-01-29,CUST2561,Rahul Agarwal,Shoes,Fashion,South,Bengaluru,1,4758.62,4758.62,0,0.0,4758.62,Net Banking,Shipped,0
104507,2022-03-25,CUST1255,Aarav Desai,Camera,Electronics,South,Kochi,1,36065.9,36065.9,5,1803.3,34262.6,Debit Card,Cancelled,0
104508,2023-03-23,CUST1171,Deepa Yadav,Backpack,Accessories,North,Lucknow,4,1504.54,6018.16,0,0.0,6018.16,UPI,Returned,1
104509,2024-02-15,CUST4234,Riya Reddy,Mobile,Electronics,North,Delhi,1,87285.4,87285.4,0,0.0,87285.4,Net Banking,Cancelled,0
104510,2024-09-03,CUST1162,Priya Patel,Laptop,Electronics,East,Kolkata,1,67472.5,67472.5,10,6747.25,60725.25,Net Banking,Delivered,0
104511,2023-01-03,CUST4046,Anika Kumar,Camera,Electronics,South,Hyderabad,1,46659.28,46659.28,25,11664.82,34994.46,UPI,Shipped,0
104512,2024-11-04,CUST1497,Rahul Agarwal,Headphones,Electronics,South,Kochi,1,1772.85,1772.85,25,443.21,1329.64,Net Banking,Cancelled,0
104513,2023-06-03,CUST4222,Deepa Joshi,Mouse,Electronics,South,Bengaluru,1,2223.55,2223.55,0,0.0,2223.55,Debit Card,Cancelled,0
104514,2022-06-21,CUST3717,Deepa Kapoor,Watch,Fashion,South,Hyderabad,1,4937.76,4937.76,5,246.89,4690.87,Debit Card,Cancelled,0
104515,2023-11-05,CUST2205,Aarav Singh,Headphones,Electronics,West,Ahmedabad,3,1162.89,3488.67,15,523.3,2965.37,Credit Card,Returned,1
104516,2024-08-06,CUST2177,Rahul Mehta,Headphones,Electronics,West,Pune,2,2564.78,5129.56,10,512.96,4616.6,Debit Card,Shipped,0
104517,2022-07-04,CUST3521,Neha Reddy,T-Shirt,Fashion,South,Bengaluru,4,1744.45,6977.8,5,348.89,6628.91,Debit Card,Shipped,0
104518,2024-11-26,CUST1728,Vikram Singh,Headphones,Electronics,North,Delhi,4,3790.31,15161.24,10,1516.12,13645.12,UPI,Delivered,0
104519,2023-04-17,CUST4745,Vivaan Malhotra,T-Shirt,Fashion,East,Kolkata,2,633.19,1266.38,0,0.0,1266.38,Credit Card,Returned,1
104520,2024-06-08,CUST4458,Rahul Joshi,Mouse,Electronics,South,Kochi,4,1261.39,5045.56,10,504.56,4541.0,Cash on Delivery,Returned,1
104521,2023-11-03,CUST4401,Deepa Nair,Watch,Fashion,East,Kolkata,1,18211.54,18211.54,0,0.0,18211.54,UPI,Delivered,0
104522,2022-08-30,CUST1455,Krishna Pillai,Mobile,Electronics,East,Patna,3,82652.22,247956.66,5,12397.83,235558.83,UPI,Returned,1
104523,2024-08-08,CUST1598,Sanjay Reddy,Mobile,Electronics,North,Lucknow,2,69456.77,138913.54,5,6945.68,131967.86,Debit Card,Returned,1
104524,2022-09-20,CUST4147,Aadhya Joshi,Headphones,Electronics,West,Surat,2,3106.97,6213.94,15,932.09,5281.85,Net Banking,Returned,1
104525,2023-01-23,CUST3949,Vikram Sharma,Watch,Fashion,West,Ahmedabad,5,17588.52,87942.6,5,4397.13,83545.47,Credit Card,Returned,1
104526,2023-02-17,CUST1705,Anika Bhat,Backpack,Accessories,North,Delhi,4,1737.47,6949.88,10,694.99,6254.89,Net Banking,Delivered,0
104527,2024-05-04,CUST1542,Sara Singh,Keyboard,Electronics,North,Lucknow,2,4325.67,8651.34,15,1297.7,7353.64,Debit Card,Delivered,0
104528,2022-11-01,CUST4986,Amit Sharma,T-Shirt,Fashion,East,Guwahati,4,1467.03,5868.12,15,880.22,4987.9,Credit Card,Returned,1
104529,2022-06-09,CUST3752,Vikram Chopra,Keyboard,Electronics,West,Mumbai,1,1431.04,1431.04,15,214.66,1216.38,UPI,Shipped,0
104530,2024-12-18,CUST4431,Vihaan Agarwal,Shoes,Fashion,South,Bengaluru,1,2639.95,2639.95,0,0.0,2639.95,Cash on Delivery,Delivered,0
104531,2024-08-05,CUST2383,Vikram Agarwal,Headphones,Electronics,North,Jaipur,1,2767.95,2767.95,10,276.8,2491.15,Cash on Delivery,Delivered,0
104532,2024-06-18,CUST4085,Priya Yadav,Backpack,Accessories,East,Kolkata,2,3266.23,6532.46,10,653.25,5879.21,Credit Card,Shipped,0
104533,2023-06-27,CUST1061,Rohan Iyer,Headphones,Electronics,North,Jaipur,1,5519.86,5519.86,15,827.98,4691.88,Cash on Delivery,Shipped,0
104534,2023-08-16,CUST3634,Arjun Pillai,Backpack,Accessories,North,Chandigarh,1,2925.03,2925.03,15,438.75,2486.28,Credit Card,Delivered,0
104535,2024-03-17,CUST2708,Rakesh Pillai,Mouse,Electronics,East,Kolkata,4,1457.52,5830.08,10,583.01,5247.07,Debit Card,Cancelled,0
104536,2024-10-27,CUST1321,Deepa Desai,Keyboard,Electronics,East,Kolkata,1,1485.94,1485.94,15,222.89,1263.05,UPI,Delivered,0
104537,2024-02-10,CUST3992,Amit Nair,Laptop,Electronics,North,Lucknow,2,111089.5,222179.0,0,0.0,222179.0,Debit Card,Shipped,0
104538,2022-05-10,CUST2230,Kavya Desai,Mouse,Electronics,West,Ahmedabad,5,1413.67,7068.35,5,353.42,6714.93,Net Banking,Cancelled,0
104539,2023-06-16,CUST4237,Krishna Bhat,Headphones,Electronics,East,Patna,5,7078.92,35394.6,10,3539.46,31855.14,Credit Card,Returned,1
104540,2023-11-15,CUST2876,Priya Yadav,Watch,Fashion,South,Hyderabad,1,13297.53,13297.53,10,1329.75,11967.78,Debit Card,Returned,1
104541,2023-07-27,CUST1087,Arjun Gupta,Watch,Fashion,South,Chennai,1,20183.13,20183.13,5,1009.16,19173.97,Credit Card,Shipped,0
104542,2023-07-27,CUST3317,Diya Reddy,Backpack,Accessories,North,Chandigarh,1,2950.46,2950.46,20,590.09,2360.37,UPI,Returned,1
104543,2024-06-01,CUST4479,Meera Singh,Backpack,Accessories,East,Guwahati,3,2456.7,7370.1,10,737.01,6633.09,Debit Card,Cancelled,0
104544,2022-09-19,CUST4023,Rahul Chopra,Keyboard,Electronics,North,Jaipur,4,4205.55,16822.2,15,2523.33,14298.87,Cash on Delivery,Shipped,0
104545,2024-07-19,CUST3736,Priya Desai,Mobile,Electronics,West,Ahmedabad,4,23847.45,95389.8,15,14308.47,81081.33,UPI,Returned,1
104546,2022-09-09,CUST4023,Krishna Gupta,Keyboard,Electronics,North,Jaipur,1,1948.6,1948.6,15,292.29,1656.31,UPI,Cancelled,0
104547,2022-10-18,CUST4409,Vikram Joshi,Camera,Electronics,North,Jaipur,1,24504.64,24504.64,5,1225.23,23279.41,Net Banking,Shipped,0
104548,2024-10-11,CUST2948,Vikram Bhat,Watch,Fashion,East,Kolkata,2,9287.08,18574.16,10,1857.42,16716.74,Credit Card,Shipped,0
104549,2024-11-17,CUST1343,Amit Malhotra,Camera,Electronics,South,Bengaluru,1,53036.87,53036.87,20,10607.37,42429.5,Debit Card,Delivered,0
104550,2024-09-18,CUST2738,Reyansh Yadav,Backpack,Accessories,West,Ahmedabad,2,2973.92,5947.84,25,1486.96,4460.88,Credit Card,Delivered,0
104551,2022-10-17,CUST2723,Suresh Bhat,Laptop,Electronics,North,Lucknow,4,71589.19,286356.76,15,42953.51,243403.25,Cash on Delivery,Returned,1
104552,2023-10-07,CUST3692,Krishna Agarwal,T-Shirt,Fashion,East,Guwahati,3,572.1,1716.3,15,257.44,1458.86,UPI,Delivered,0
104553,2024-02-26,CUST3428,Isha Yadav,Shoes,Fashion,West,Mumbai,3,3361.67,10085.01,25,2521.25,7563.76,Credit Card,Shipped,0
104554,2023-07-18,CUST2721,Rohan Patel,Camera,Electronics,East,Bhubaneswar,5,36860.91,184304.55,25,46076.14,138228.41,UPI,Delivered,0
104555,2023-10-13,CUST1696,Rohan Sharma,Laptop,Electronics,West,Pune,1,100097.77,100097.77,0,0.0,100097.77,Credit Card,Delivered,0
104556,2024-04-17,CUST1945,Krishna Singh,Mouse,Electronics,East,Bhubaneswar,1,390.83,390.83,15,58.62,332.21,Cash on Delivery,Returned,1
104557,2024-03-28,CUST3847,Aditya Reddy,Mobile,Electronics,East,Patna,4,20713.74,82854.96,15,12428.24,70426.72,UPI,Cancelled,0
104558,2023-10-21,CUST4783,Ishaan Joshi,Backpack,Accessories,West,Pune,4,2385.79,9543.16,10,954.32,8588.84,Credit Card,Delivered,0
104559,2024-08-18,CUST1496,Suresh Joshi,Keyboard,Electronics,North,Chandigarh,3,3630.26,10890.78,20,2178.16,8712.62,UPI,Returned,1
104560,2022-12-25,CUST1908,Vikram Chopra,Laptop,Electronics,West,Ahmedabad,4,77621.23,310484.92,0,0.0,310484.92,Debit Card,Shipped,0
104561,2024-04-07,CUST2856,Deepa Verma,Keyboard,Electronics,East,Bhubaneswar,1,2327.03,2327.03,10,232.7,2094.33,Net Banking,Cancelled,0
104562,2024-03-02,CUST1078,Riya Chopra,Backpack,Accessories,North,Jaipur,1,2853.86,2853.86,10,285.39,2568.47,UPI,Shipped,0
104563,2023-12-10,CUST1556,Deepa Reddy,T-Shirt,Fashion,West,Pune,2,1725.43,3450.86,10,345.09,3105.77,Net Banking,Delivered,0
104564,2023-07-12,CUST1800,Aarav Nair,Mouse,Electronics,East,Patna,2,2204.42,4408.84,15,661.33,3747.51,Credit Card,Shipped,0
104565,2022-01-11,CUST3261,Vikram Patel,Watch,Fashion,South,Hyderabad,2,6206.33,12412.66,10,1241.27,11171.39,UPI,Shipped,0
104566,2023-03-18,CUST3586,Neha Malhotra,Headphones,Electronics,North,Chandigarh,1,5351.69,5351.69,10,535.17,4816.52,Net Banking,Shipped,0
104567,2024-12-30,CUST1526,Aadhya Yadav,Headphones,Electronics,South,Bengaluru,2,4945.05,9890.1,5,494.5,9395.6,Cash on Delivery,Cancelled,0
104568,2022-01-17,CUST1131,Vihaan Kapoor,Camera,Electronics,South,Bengaluru,1,35989.31,35989.31,0,0.0,35989.31,Credit Card,Delivered,0
104569,2022-06-27,CUST3810,Ananya Kumar,T-Shirt,Fashion,South,Kochi,3,813.14,2439.42,0,0.0,2439.42,UPI,Shipped,0
104570,2023-11-22,CUST2996,Rakesh Patel,T-Shirt,Fashion,East,Bhubaneswar,2,1665.12,3330.24,25,832.56,2497.68,UPI,Cancelled,0
104571,2022-08-25,CUST1563,Krishna Mehta,Shoes,Fashion,North,Lucknow,1,4340.02,4340.02,20,868.0,3472.02,Credit Card,Returned,1
104572,2024-10-04,CUST1256,Kavya Chopra,Shoes,Fashion,East,Guwahati,4,5287.15,21148.6,5,1057.43,20091.17,Net Banking,Shipped,0
104573,2023-03-16,CUST2866,Meera Gupta,Camera,Electronics,West,Pune,2,45138.19,90276.38,10,9027.64,81248.74,Credit Card,Shipped,0
104574,2023-02-04,CUST1959,Rohan Gupta,Headphones,Electronics,South,Hyderabad,1,5791.25,5791.25,10,579.12,5212.13,Net Banking,Shipped,0
104575,2024-10-31,CUST2826,Myra Mehta,Mobile,Electronics,North,Lucknow,1,10002.4,10002.4,10,1000.24,9002.16,Net Banking,Delivered,0
104576,2024-11-21,CUST1891,Deepa Desai,Laptop,Electronics,East,Patna,2,61800.79,123601.58,15,18540.24,105061.34,Net Banking,Shipped,0
104577,2024-09-29,CUST4364,Aadhya Nair,Watch,Fashion,West,Pune,1,4224.88,4224.88,5,211.24,4013.64,Credit Card,Delivered,0
104578,2024-02-16,CUST3234,Diya Verma,Backpack,Accessories,West,Ahmedabad,1,2969.91,2969.91,5,148.5,2821.41,Debit Card,Delivered,0
104579,2023-06-30,CUST4623,Rohan Desai,Mouse,Electronics,South,Kochi,3,2323.46,6970.38,15,1045.56,5924.82,Debit Card,Returned,1
104580,2023-05-25,CUST1104,Ishaan Patel,Shoes,Fashion,North,Jaipur,1,2801.0,2801.0,5,140.05,2660.95,Net Banking,Cancelled,0
104581,2024-05-13,CUST2501,Priya Agarwal,Mouse,Electronics,South,Kochi,4,597.75,2391.0,15,358.65,2032.35,Net Banking,Cancelled,0
104582,2023-04-23,CUST2804,Reyansh Agarwal,Mouse,Electronics,East,Kolkata,4,2099.59,8398.36,15,1259.75,7138.61,Debit Card,Cancelled,0
104583,2024-08-18,CUST4069,Vikram Gupta,Shoes,Fashion,South,Hyderabad,4,1087.44,4349.76,15,652.46,3697.3,Net Banking,Shipped,0
104584,2023-05-18,CUST1750,Ananya Kapoor,Camera,Electronics,South,Bengaluru,5,23713.43,118567.15,20,23713.43,94853.72,Credit Card,Shipped,0
104585,2022-04-19,CUST3721,Reyansh Patel,Shoes,Fashion,East,Kolkata,5,3619.52,18097.6,15,2714.64,15382.96,Debit Card,Cancelled,0
104586,2024-08-30,CUST3041,Sara Kapoor,Backpack,Accessories,South,Kochi,1,2201.85,2201.85,10,220.19,1981.66,Net Banking,Cancelled,0
104587,2023-12-30,CUST2954,Myra Malhotra,Watch,Fashion,South,Hyderabad,2,13113.57,26227.14,15,3934.07,22293.07,UPI,Returned,1
104588,2022-04-21,CUST3412,Suresh Agarwal,Camera,Electronics,North,Delhi,2,53477.34,106954.68,20,21390.94,85563.74,UPI,Shipped,0
104589,2024-10-07,CUST4941,Amit Kapoor,Headphones,Electronics,West,Ahmedabad,1,4680.15,4680.15,15,702.02,3978.13,Debit Card,Cancelled,0
104590,2022-02-06,CUST1767,Aarav Iyer,Mouse,Electronics,South,Kochi,2,1752.62,3505.24,15,525.79,2979.45,Net Banking,Delivered,0
104591,2023-06-20,CUST2116,Vihaan Gupta,Mouse,Electronics,West,Ahmedabad,1,802.29,802.29,0,0.0,802.29,Credit Card,Cancelled,0
104592,2022-12-31,CUST2156,Priya Malhotra,Headphones,Electronics,North,Chandigarh,5,3492.21,17461.05,0,0.0,17461.05,Debit Card,Shipped,0
104593,2022-05-25,CUST2107,Aarav Bhat,Watch,Fashion,South,Kochi,1,18145.54,18145.54,15,2721.83,15423.71,Net Banking,Delivered,0
104594,2024-03-26,CUST3845,Aditya Kumar,Watch,Fashion,North,Chandigarh,1,19591.99,19591.99,5,979.6,18612.39,UPI,Returned,1
104595,2023-10-20,CUST2149,Isha Patel,Watch,Fashion,South,Kochi,2,3902.12,7804.24,15,1170.64,6633.6,Debit Card,Delivered,0
104596,2023-09-15,CUST4554,Anika Malhotra,Keyboard,Electronics,West,Mumbai,2,1289.51,2579.02,15,386.85,2192.17,Net Banking,Returned,1
104597,2023-11-11,CUST2277,Riya Verma,Watch,Fashion,East,Patna,1,23328.28,23328.28,5,1166.41,22161.87,Cash on Delivery,Shipped,0
104598,2024-04-08,CUST1750,Neha Nair,Backpack,Accessories,West,Mumbai,4,1843.23,7372.92,25,1843.23,5529.69,UPI,Shipped,0
104599,2023-08-22,CUST1507,Vikram Pillai,Keyboard,Electronics,West,Pune,1,1318.23,1318.23,20,263.65,1054.58,Debit Card,Delivered,0
104600,2024-08-18,CUST3980,Meera Joshi,T-Shirt,Fashion,East,Guwahati,4,920.62,3682.48,20,736.5,2945.98,UPI,Cancelled,0
104601,2022-10-01,CUST4659,Aditya Mehta,Headphones,Electronics,West,Pune,1,6672.66,6672.66,10,667.27,6005.39,UPI,Cancelled,0
104602,2022-06-14,CUST2121,Krishna Kumar,Camera,Electronics,West,Ahmedabad,5,44281.61,221408.05,10,22140.81,199267.24,Net Banking,Delivered,0
104603,2023-10-16,CUST2623,Aditya Yadav,Backpack,Accessories,East,Patna,3,3077.88,9233.64,15,1385.05,7848.59,UPI,Returned,1
104604,2024-12-24,CUST4190,Vikram Rao,Mouse,Electronics,North,Delhi,1,1365.32,1365.32,25,341.33,1023.99,Credit Card,Cancelled,0
104605,2024-08-06,CUST1269,Vihaan Singh,T-Shirt,Fashion,South,Chennai,2,889.45,1778.9,15,266.83,1512.07,UPI,Shipped,0
104606,2024-09-06,CUST3608,Aarav Desai,Watch,Fashion,East,Bhubaneswar,4,16806.42,67225.68,15,10083.85,57141.83,Cash on Delivery,Delivered,0
104607,2023-09-19,CUST2812,Ananya Singh,Backpack,Accessories,North,Lucknow,3,2528.07,7584.21,10,758.42,6825.79,Debit Card,Returned,1
104608,2024-10-14,CUST2720,Sara Verma,T-Shirt,Fashion,West,Ahmedabad,5,350.11,1750.55,25,437.64,1312.91,Debit Card,Returned,1
104609,2023-09-15,CUST2992,Meera Kapoor,Laptop,Electronics,South,Hyderabad,4,61138.92,244555.68,10,24455.57,220100.11,Net Banking,Delivered,0
104610,2024-04-04,CUST1104,Sara Desai,Laptop,Electronics,East,Bhubaneswar,3,35655.25,106965.75,15,16044.86,90920.89,Debit Card,Shipped,0
104611,2023-08-11,CUST3888,Ananya Desai,Keyboard,Electronics,South,Hyderabad,5,3451.56,17257.8,10,1725.78,15532.02,Credit Card,Cancelled,0
104612,2022-02-06,CUST1457,Suresh Kapoor,Mouse,Electronics,West,Pune,1,615.29,615.29,15,92.29,523.0,UPI,Delivered,0
104613,2024-05-13,CUST4082,Isha Joshi,Keyboard,Electronics,North,Lucknow,2,2341.98,4683.96,0,0.0,4683.96,Cash on Delivery,Shipped,0
104614,2024-06-27,CUST2173,Krishna Gupta,Keyboard,Electronics,East,Patna,3,512.09,1536.27,5,76.81,1459.46,Credit Card,Delivered,0
104615,2022-01-05,CUST1623,Reyansh Bhat,Watch,Fashion,North,Chandigarh,2,4662.63,9325.26,15,1398.79,7926.47,UPI,Delivered,0
104616,2024-05-27,CUST3576,Ishaan Gupta,T-Shirt,Fashion,North,Delhi,1,559.51,559.51,5,27.98,531.53,Net Banking,Returned,1
104617,2023-04-04,CUST4136,Sanjay Yadav,Shoes,Fashion,East,Bhubaneswar,3,5592.47,16777.41,15,2516.61,14260.8,Net Banking,Shipped,0
104618,2024-03-27,CUST4239,Sara Malhotra,Keyboard,Electronics,North,Lucknow,3,2607.93,7823.79,20,1564.76,6259.03,Net Banking,Delivered,0
104619,2022-07-29,CUST2427,Suresh Agarwal,T-Shirt,Fashion,North,Delhi,5,655.07,3275.35,20,655.07,2620.28,UPI,Cancelled,0
104620,2023-04-28,CUST4993,Aadhya Bhat,Headphones,Electronics,East,Bhubaneswar,2,4336.32,8672.64,20,1734.53,6938.11,Net Banking,Cancelled,0
104621,2023-06-08,CUST2654,Suresh Yadav,Shoes,Fashion,North,Jaipur,1,4146.68,4146.68,10,414.67,3732.01,UPI,Cancelled,0
104622,2022-04-28,CUST2899,Anika Agarwal,Backpack,Accessories,East,Bhubaneswar,5,1605.97,8029.85,20,1605.97,6423.88,Net Banking,Returned,1
104623,2024-07-09,CUST2871,Isha Pillai,Headphones,Electronics,West,Pune,2,5344.48,10688.96,5,534.45,10154.51,Cash on Delivery,Cancelled,0
104624,2024-12-27,CUST1185,Aditya Yadav,Shoes,Fashion,West,Surat,5,4655.86,23279.3,5,1163.96,22115.34,Net Banking,Delivered,0
104625,2023-04-12,CUST2480,Reyansh Verma,Mobile,Electronics,East,Guwahati,1,43846.54,43846.54,25,10961.64,32884.9,Net Banking,Cancelled,0
104626,2022-04-24,CUST1989,Neha Iyer,Keyboard,Electronics,East,Patna,1,2197.86,2197.86,25,549.47,1648.39,Debit Card,Delivered,0
104627,2022-08-16,CUST4374,Meera Bhat,Headphones,Electronics,South,Kochi,2,3604.63,7209.26,0,0.0,7209.26,Net Banking,Delivered,0
104628,2024-08-25,CUST2913,Sai Nair,Mouse,Electronics,East,Kolkata,1,1576.71,1576.71,0,0.0,1576.71,Debit Card,Cancelled,0
104629,2022-01-24,CUST3264,Myra Kumar,Mouse,Electronics,West,Ahmedabad,2,624.33,1248.66,10,124.87,1123.79,Net Banking,Delivered,0
104630,2024-11-12,CUST4683,Kavya Rao,Laptop,Electronics,West,Ahmedabad,2,109211.52,218423.04,0,0.0,218423.04,Net Banking,Returned,1
104631,2022-05-13,CUST3524,Deepa Nair,Watch,Fashion,North,Jaipur,3,22060.74,66182.22,5,3309.11,62873.11,Cash on Delivery,Cancelled,0
104632,2023-08-11,CUST1961,Rakesh Mehta,Backpack,Accessories,South,Kochi,3,1992.9,5978.7,15,896.8,5081.9,Credit Card,Delivered,0
104633,2024-06-29,CUST1612,Myra Kumar,Mouse,Electronics,West,Surat,1,435.3,435.3,10,43.53,391.77,Net Banking,Returned,1
104634,2023-10-26,CUST1970,Suresh Iyer,Headphones,Electronics,North,Chandigarh,2,7333.65,14667.3,15,2200.09,12467.21,Cash on Delivery,Returned,1
104635,2024-09-02,CUST4297,Priya Rao,Backpack,Accessories,North,Chandigarh,1,2258.49,2258.49,10,225.85,2032.64,Cash on Delivery,Cancelled,0
104636,2022-08-10,CUST1984,Ishaan Chopra,Watch,Fashion,South,Kochi,3,6989.05,20967.15,10,2096.72,18870.43,Cash on Delivery,Cancelled,0
104637,2022-03-18,CUST4573,Aadhya Mehta,T-Shirt,Fashion,South,Bengaluru,1,980.52,980.52,20,196.1,784.42,Cash on Delivery,Shipped,0
104638,2024-01-20,CUST4800,Sara Chopra,Backpack,Accessories,North,Chandigarh,3,2971.67,8915.01,15,1337.25,7577.76,Cash on Delivery,Cancelled,0
104639,2023-11-25,CUST1743,Sai Reddy,Watch,Fashion,North,Lucknow,4,21825.8,87303.2,5,4365.16,82938.04,Credit Card,Cancelled,0
104640,2022-06-24,CUST2646,Suresh Pillai,Headphones,Electronics,North,Jaipur,1,1404.23,1404.23,15,210.63,1193.6,Net Banking,Returned,1
104641,2022-03-27,CUST2430,Aadhya Sharma,Watch,Fashion,East,Bhubaneswar,5,6875.54,34377.7,0,0.0,34377.7,UPI,Returned,1
104642,2022-05-11,CUST3125,Rakesh Kumar,Mouse,Electronics,East,Kolkata,1,1249.04,1249.04,20,249.81,999.23,UPI,Cancelled,0
104643,2023-04-15,CUST1595,Priya Kapoor,Shoes,Fashion,South,Bengaluru,1,5533.68,5533.68,25,1383.42,4150.26,UPI,Returned,1
104644,2024-03-23,CUST3360,Arjun Kapoor,Camera,Electronics,South,Chennai,2,50566.62,101133.24,20,20226.65,80906.59,Net Banking,Returned,1
104645,2023-10-19,CUST3292,Isha Verma,Keyboard,Electronics,North,Lucknow,3,725.63,2176.89,0,0.0,2176.89,Net Banking,Delivered,0
104646,2024-12-17,CUST2335,Riya Rao,Keyboard,Electronics,East,Kolkata,1,2133.58,2133.58,5,106.68,2026.9,Net Banking,Delivered,0
104647,2024-05-26,CUST2880,Diya Joshi,Laptop,Electronics,East,Kolkata,2,58104.86,116209.72,25,29052.43,87157.29,Net Banking,Cancelled,0
104648,2024-07-25,CUST2933,Rohan Kapoor,Camera,Electronics,East,Bhubaneswar,5,40658.66,203293.3,25,50823.32,152469.98,Credit Card,Shipped,0
104649,2024-03-14,CUST3657,Aarav Malhotra,Backpack,Accessories,South,Kochi,1,1263.13,1263.13,15,189.47,1073.66,Cash on Delivery,Cancelled,0
104650,2023-03-29,CUST1215,Suresh Mehta,Laptop,Electronics,South,Kochi,4,65660.47,262641.88,20,52528.38,210113.5,Debit Card,Cancelled,0
104651,2023-12-16,CUST4417,Meera Sharma,Mouse,Electronics,South,Hyderabad,4,1252.08,5008.32,0,0.0,5008.32,Credit Card,Shipped,0
104652,2024-09-02,CUST3390,Riya Iyer,T-Shirt,Fashion,West,Ahmedabad,3,970.89,2912.67,10,291.27,2621.4,Net Banking,Shipped,0
104653,2022-03-27,CUST2333,Neha Reddy,Camera,Electronics,West,Ahmedabad,2,24030.07,48060.14,5,2403.01,45657.13,Net Banking,Cancelled,0
104654,2023-07-12,CUST4724,Aadhya Patel,Headphones,Electronics,North,Chandigarh,4,931.61,3726.44,0,0.0,3726.44,Debit Card,Delivered,0
104655,2024-06-13,CUST4120,Rahul Rao,Laptop,Electronics,North,Lucknow,1,43560.41,43560.41,20,8712.08,34848.33,Net Banking,Shipped,0
104656,2023-05-26,CUST4711,Aarav Yadav,Headphones,Electronics,North,Chandigarh,1,5353.3,5353.3,10,535.33,4817.97,Debit Card,Cancelled,0
104657,2024-03-01,CUST4022,Reyansh Reddy,T-Shirt,Fashion,North,Jaipur,2,585.6,1171.2,10,117.12,1054.08,Cash on Delivery,Shipped,0
104658,2024-03-15,CUST1139,Kavya Bhat,Headphones,Electronics,South,Hyderabad,3,6582.48,19747.44,10,1974.74,17772.7,UPI,Cancelled,0
104659,2023-03-17,CUST2341,Anika Gupta,Mobile,Electronics,West,Mumbai,1,66957.88,66957.88,20,13391.58,53566.3,Net Banking,Returned,1
104660,2023-11-14,CUST1436,Myra Bhat,Shoes,Fashion,West,Mumbai,5,5678.15,28390.75,5,1419.54,26971.21,Net Banking,Cancelled,0
104661,2022-08-07,CUST4604,Rakesh Joshi,T-Shirt,Fashion,East,Guwahati,2,1751.61,3503.22,15,525.48,2977.74,Credit Card,Returned,1
104662,2023-07-10,CUST1379,Kavya Rao,T-Shirt,Fashion,West,Mumbai,2,1448.65,2897.3,15,434.6,2462.7,Cash on Delivery,Cancelled,0
104663,2024-04-29,CUST4730,Priya Kumar,Watch,Fashion,East,Patna,1,12008.63,12008.63,0,0.0,12008.63,UPI,Cancelled,0
104664,2024-03-28,CUST4814,Krishna Desai,Mouse,Electronics,South,Hyderabad,1,2024.3,2024.3,15,303.64,1720.66,Debit Card,Cancelled,0
104665,2023-04-14,CUST4779,Ishaan Joshi,Shoes,Fashion,South,Hyderabad,3,5880.92,17642.76,15,2646.41,14996.35,Cash on Delivery,Shipped,0
104666,2023-09-27,CUST3156,Meera Gupta,Headphones,Electronics,North,Delhi,4,2103.24,8412.96,10,841.3,7571.66,Credit Card,Delivered,0
104667,2022-05-03,CUST4079,Amit Chopra,Mouse,Electronics,North,Chandigarh,4,1507.07,6028.28,5,301.41,5726.87,Debit Card,Returned,1
104668,2022-08-21,CUST4875,Priya Gupta,Keyboard,Electronics,North,Jaipur,1,1298.64,1298.64,15,194.8,1103.84,Debit Card,Delivered,0
104669,2023-01-28,CUST4064,Myra Singh,Shoes,Fashion,West,Pune,2,2521.37,5042.74,5,252.14,4790.6,Credit Card,Delivered,0
104670,2022-12-15,CUST3237,Diya Kapoor,Headphones,Electronics,North,Delhi,2,3537.9,7075.8,15,1061.37,6014.43,UPI,Returned,1
104671,2024-10-11,CUST3161,Rohan Sharma,Mobile,Electronics,East,Patna,3,18729.73,56189.19,15,8428.38,47760.81,Credit Card,Returned,1
104672,2024-05-09,CUST2422,Vihaan Desai,Shoes,Fashion,South,Hyderabad,1,3429.09,3429.09,15,514.36,2914.73,Debit Card,Returned,1
104673,2023-05-13,CUST2075,Pooja Joshi,Mouse,Electronics,South,Kochi,3,2082.03,6246.09,0,0.0,6246.09,Cash on Delivery,Delivered,0
104674,2022-09-16,CUST2511,Rohan Gupta,Headphones,Electronics,South,Bengaluru,2,5100.71,10201.42,5,510.07,9691.35,Credit Card,Shipped,0
104675,2022-06-28,CUST1196,Amit Pillai,Headphones,Electronics,South,Kochi,1,4739.49,4739.49,0,0.0,4739.49,UPI,Cancelled,0
104676,2023-12-17,CUST1082,Priya Singh,Mouse,Electronics,North,Delhi,2,1015.94,2031.88,25,507.97,1523.91,UPI,Returned,1
104677,2023-09-04,CUST4608,Aditya Chopra,Camera,Electronics,West,Surat,3,26043.56,78130.68,25,19532.67,58598.01,Cash on Delivery,Delivered,0
104678,2023-07-02,CUST3075,Aditya Desai,Shoes,Fashion,North,Chandigarh,2,6341.82,12683.64,5,634.18,12049.46,Net Banking,Shipped,0
104679,2023-09-05,CUST1416,Vikram Chopra,Camera,Electronics,North,Delhi,2,37953.83,75907.66,10,7590.77,68316.89,Cash on Delivery,Returned,1
104680,2023-01-23,CUST4512,Anika Desai,Laptop,Electronics,East,Kolkata,1,107857.87,107857.87,15,16178.68,91679.19,Credit Card,Returned,1
104681,2024-11-25,CUST2053,Vivaan Bhat,Keyboard,Electronics,South,Bengaluru,5,2368.0,11840.0,10,1184.0,10656.0,UPI,Returned,1
104682,2023-02-05,CUST4371,Rahul Sharma,Keyboard,Electronics,West,Mumbai,2,2663.52,5327.04,10,532.7,4794.34,UPI,Returned,1
104683,2023-11-29,CUST1089,Aarav Iyer,Watch,Fashion,East,Guwahati,5,19945.89,99729.45,15,14959.42,84770.03,UPI,Delivered,0
104684,2024-11-13,CUST2963,Aditya Kapoor,Backpack,Accessories,South,Bengaluru,1,2840.38,2840.38,0,0.0,2840.38,Net Banking,Returned,1
104685,2024-07-24,CUST1846,Sai Singh,Keyboard,Electronics,North,Delhi,1,3052.6,3052.6,10,305.26,2747.34,Debit Card,Cancelled,0
104686,2024-03-01,CUST2359,Vikram Verma,Shoes,Fashion,North,Chandigarh,3,2714.27,8142.81,5,407.14,7735.67,Debit Card,Shipped,0
104687,2024-01-20,CUST1843,Ishaan Malhotra,Watch,Fashion,North,Chandigarh,1,6218.09,6218.09,20,1243.62,4974.47,Debit Card,Delivered,0
104688,2024-01-27,CUST3773,Vihaan Reddy,Backpack,Accessories,West,Ahmedabad,4,3411.18,13644.72,10,1364.47,12280.25,Debit Card,Returned,1
104689,2024-07-27,CUST2045,Sai Pillai,Mobile,Electronics,West,Surat,1,43085.58,43085.58,15,6462.84,36622.74,Cash on Delivery,Returned,1
104690,2022-05-22,CUST4500,Meera Yadav,Backpack,Accessories,East,Kolkata,1,2808.2,2808.2,0,0.0,2808.2,UPI,Delivered,0
104691,2023-08-14,CUST2753,Vikram Singh,Camera,Electronics,East,Guwahati,2,27418.83,54837.66,0,0.0,54837.66,Debit Card,Returned,1
104692,2023-06-16,CUST4485,Reyansh Chopra,Backpack,Accessories,North,Lucknow,2,2685.64,5371.28,15,805.69,4565.59,Debit Card,Shipped,0
104693,2022-12-09,CUST1261,Arjun Mehta,Shoes,Fashion,East,Bhubaneswar,2,4242.67,8485.34,25,2121.34,6364.0,Credit Card,Delivered,0
104694,2024-01-21,CUST1665,Ananya Gupta,Shoes,Fashion,South,Kochi,2,4240.33,8480.66,15,1272.1,7208.56,UPI,Delivered,0
104695,2023-12-12,CUST1238,Sanjay Pillai,T-Shirt,Fashion,West,Ahmedabad,5,642.68,3213.4,5,160.67,3052.73,UPI,Delivered,0
104696,2024-11-22,CUST4219,Aadhya Chopra,Keyboard,Electronics,North,Delhi,1,1010.48,1010.48,0,0.0,1010.48,Debit Card,Returned,1
104697,2023-11-19,CUST4090,Rohan Mehta,Keyboard,Electronics,East,Patna,1,1705.23,1705.23,15,255.78,1449.45,Debit Card,Cancelled,0
104698,2024-01-12,CUST4553,Arjun Chopra,Shoes,Fashion,South,Chennai,3,5859.2,17577.6,25,4394.4,13183.2,Net Banking,Returned,1
104699,2022-05-12,CUST3007,Diya Patel,Laptop,Electronics,North,Lucknow,5,93586.14,467930.7,25,116982.68,350948.02,Credit Card,Shipped,0
104700,2022-11-07,CUST2926,Pooja Nair,Keyboard,Electronics,East,Patna,4,2179.91,8719.64,20,1743.93,6975.71,UPI,Cancelled,0
104701,2022-06-07,CUST4355,Vivaan Reddy,Camera,Electronics,West,Surat,4,31608.74,126434.96,0,0.0,126434.96,Net Banking,Shipped,0
104702,2022-07-17,CUST3442,Deepa Rao,Backpack,Accessories,North,Delhi,3,1682.19,5046.57,5,252.33,4794.24,Credit Card,Shipped,0
104703,2022-12-03,CUST3571,Kavya Iyer,T-Shirt,Fashion,North,Lucknow,1,864.88,864.88,5,43.24,821.64,Credit Card,Cancelled,0
104704,2022-03-16,CUST1510,Ishaan Mehta,Headphones,Electronics,South,Chennai,1,2701.39,2701.39,5,135.07,2566.32,UPI,Shipped,0
104705,2023-12-24,CUST1411,Sanjay Yadav,Watch,Fashion,South,Kochi,2,13100.99,26201.98,0,0.0,26201.98,Cash on Delivery,Returned,1
104706,2023-12-29,CUST2697,Rakesh Nair,Keyboard,Electronics,North,Jaipur,1,4125.48,4125.48,15,618.82,3506.66,UPI,Shipped,0
104707,2023-11-30,CUST3324,Myra Patel,Watch,Fashion,East,Bhubaneswar,1,10408.11,10408.11,15,1561.22,8846.89,Debit Card,Shipped,0
104708,2024-08-19,CUST3580,Kavya Singh,Shoes,Fashion,North,Lucknow,3,1461.1,4383.3,5,219.16,4164.14,Credit Card,Shipped,0
104709,2024-12-29,CUST3486,Kavya Kapoor,Mouse,Electronics,North,Lucknow,4,1025.41,4101.64,5,205.08,3896.56,Net Banking,Shipped,0
104710,2023-03-22,CUST4894,Amit Kapoor,Camera,Electronics,East,Patna,1,42834.52,42834.52,10,4283.45,38551.07,Net Banking,Cancelled,0
104711,2022-08-30,CUST4945,Sai Iyer,Camera,Electronics,West,Mumbai,4,40106.54,160426.16,5,8021.31,152404.85,UPI,Delivered,0
104712,2023-11-01,CUST4711,Sara Agarwal,Camera,Electronics,East,Kolkata,1,26562.91,26562.91,10,2656.29,23906.62,Cash on Delivery,Delivered,0
104713,2024-10-30,CUST3476,Sanjay Malhotra,Keyboard,Electronics,West,Surat,1,1317.47,1317.47,5,65.87,1251.6,UPI,Shipped,0
104714,2023-07-05,CUST1364,Reyansh Patel,Mouse,Electronics,South,Kochi,2,2080.43,4160.86,25,1040.21,3120.65,Credit Card,Cancelled,0
104715,2023-06-03,CUST1846,Priya Pillai,Mouse,Electronics,North,Delhi,1,1776.74,1776.74,10,177.67,1599.07,Cash on Delivery,Delivered,0
104716,2024-06-17,CUST3715,Aadhya Patel,Watch,Fashion,West,Ahmedabad,3,8106.28,24318.84,5,1215.94,23102.9,Cash on Delivery,Delivered,0
104717,2023-11-09,CUST3497,Anika Agarwal,Backpack,Accessories,West,Mumbai,5,2976.84,14884.2,10,1488.42,13395.78,Net Banking,Delivered,0
104718,2023-06-21,CUST4150,Riya Nair,Shoes,Fashion,East,Patna,4,2576.6,10306.4,5,515.32,9791.08,Debit Card,Shipped,0
104719,2024-05-18,CUST4099,Arjun Sharma,Mobile,Electronics,North,Delhi,1,66283.29,66283.29,25,16570.82,49712.47,Net Banking,Delivered,0
104720,2022-08-25,CUST4269,Ananya Gupta,Watch,Fashion,West,Mumbai,3,17434.65,52303.95,0,0.0,52303.95,Net Banking,Cancelled,0
104721,2023-05-11,CUST2962,Amit Nair,Laptop,Electronics,East,Patna,1,101942.43,101942.43,10,10194.24,91748.19,Cash on Delivery,Returned,1
104722,2024-04-23,CUST1555,Rohan Pillai,Laptop,Electronics,East,Guwahati,5,101605.85,508029.25,5,25401.46,482627.79,Debit Card,Shipped,0
104723,2024-03-25,CUST1518,Aarav Joshi,Mobile,Electronics,East,Bhubaneswar,3,68923.91,206771.73,5,10338.59,196433.14,Credit Card,Shipped,0
104724,2024-03-30,CUST4078,Sara Mehta,Laptop,Electronics,North,Delhi,2,95166.16,190332.32,5,9516.62,180815.7,Credit Card,Returned,1
104725,2022-07-29,CUST2256,Sai Kumar,Headphones,Electronics,South,Kochi,2,2073.88,4147.76,10,414.78,3732.98,Net Banking,Returned,1
104726,2022-01-04,CUST3490,Sai Sharma,Mouse,Electronics,South,Hyderabad,4,2014.56,8058.24,10,805.82,7252.42,Net Banking,Cancelled,0
104727,2023-10-14,CUST1306,Meera Patel,Shoes,Fashion,East,Kolkata,3,4674.84,14024.52,10,1402.45,12622.07,Cash on Delivery,Cancelled,0
104728,2023-05-05,CUST2941,Aadhya Yadav,Shoes,Fashion,South,Chennai,1,3363.23,3363.23,0,0.0,3363.23,Credit Card,Cancelled,0
104729,2024-08-01,CUST1812,Sai Chopra,Backpack,Accessories,South,Bengaluru,2,2688.49,5376.98,10,537.7,4839.28,UPI,Cancelled,0
104730,2023-02-13,CUST2378,Suresh Singh,Shoes,Fashion,North,Lucknow,1,1543.23,1543.23,5,77.16,1466.07,Debit Card,Shipped,0
104731,2023-04-29,CUST2461,Aditya Gupta,Mouse,Electronics,East,Guwahati,1,1979.69,1979.69,20,395.94,1583.75,Cash on Delivery,Shipped,0
104732,2024-04-24,CUST1808,Rahul Rao,Camera,Electronics,East,Bhubaneswar,3,54476.94,163430.82,15,24514.62,138916.2,Credit Card,Shipped,0
104733,2023-09-30,CUST1481,Neha Malhotra,Camera,Electronics,South,Chennai,1,50220.5,50220.5,15,7533.07,42687.43,Debit Card,Returned,1
104734,2022-06-30,CUST2253,Reyansh Agarwal,Keyboard,Electronics,North,Chandigarh,3,1283.94,3851.82,20,770.36,3081.46,UPI,Delivered,0
104735,2022-10-05,CUST4610,Reyansh Kumar,Mouse,Electronics,West,Pune,2,1943.16,3886.32,5,194.32,3692.0,Debit Card,Shipped,0
104736,2023-03-10,CUST3441,Neha Nair,Mobile,Electronics,East,Patna,2,35000.57,70001.14,5,3500.06,66501.08,Net Banking,Delivered,0
104737,2022-09-02,CUST3032,Amit Yadav,Mouse,Electronics,South,Kochi,2,1509.52,3019.04,25,754.76,2264.28,Debit Card,Delivered,0
104738,2022-06-06,CUST1167,Ananya Nair,Backpack,Accessories,West,Surat,1,3395.58,3395.58,5,169.78,3225.8,Debit Card,Shipped,0
104739,2024-03-29,CUST3037,Reyansh Kumar,Headphones,Electronics,South,Kochi,2,860.07,1720.14,25,430.04,1290.1,Credit Card,Shipped,0
104740,2024-03-23,CUST4827,Reyansh Rao,Backpack,Accessories,West,Ahmedabad,3,1781.19,5343.57,20,1068.71,4274.86,Credit Card,Shipped,0
104741,2023-08-07,CUST2992,Reyansh Agarwal,Laptop,Electronics,North,Lucknow,3,50937.28,152811.84,20,30562.37,122249.47,Credit Card,Returned,1
104742,2023-01-16,CUST3104,Isha Yadav,Mouse,Electronics,South,Kochi,3,1253.7,3761.1,15,564.16,3196.94,UPI,Delivered,0
104743,2022-10-04,CUST4399,Rakesh Gupta,Mouse,Electronics,East,Kolkata,4,495.79,1983.16,5,99.16,1884.0,Debit Card,Shipped,0
104744,2023-08-03,CUST4510,Meera Gupta,Shoes,Fashion,North,Chandigarh,3,3610.12,10830.36,15,1624.55,9205.81,UPI,Shipped,0
104745,2023-03-04,CUST3388,Anika Joshi,T-Shirt,Fashion,South,Hyderabad,3,864.3,2592.9,25,648.23,1944.67,UPI,Returned,1
104746,2024-10-24,CUST2283,Myra Malhotra,Mobile,Electronics,West,Pune,2,75349.34,150698.68,10,15069.87,135628.81,Debit Card,Cancelled,0
104747,2024-01-25,CUST3542,Meera Singh,Mouse,Electronics,North,Delhi,4,1544.34,6177.36,10,617.74,5559.62,Cash on Delivery,Returned,1
104748,2022-03-30,CUST1061,Kavya Malhotra,Keyboard,Electronics,North,Jaipur,5,2307.18,11535.9,10,1153.59,10382.31,Net Banking,Delivered,0
104749,2022-04-11,CUST1870,Arjun Desai,Keyboard,Electronics,North,Lucknow,1,3493.76,3493.76,10,349.38,3144.38,Cash on Delivery,Shipped,0
104750,2023-11-08,CUST3843,Neha Gupta,Backpack,Accessories,West,Pune,5,3208.52,16042.6,15,2406.39,13636.21,Credit Card,Returned,1
104751,2023-02-24,CUST4014,Krishna Chopra,Headphones,Electronics,East,Bhubaneswar,5,1053.39,5266.95,5,263.35,5003.6,Debit Card,Shipped,0
104752,2023-05-09,CUST3386,Rahul Yadav,T-Shirt,Fashion,North,Lucknow,3,1245.07,3735.21,10,373.52,3361.69,Cash on Delivery,Returned,1
104753,2024-06-18,CUST2597,Anika Pillai,Shoes,Fashion,East,Guwahati,5,2264.42,11322.1,20,2264.42,9057.68,UPI,Returned,1
104754,2024-02-24,CUST2347,Rakesh Rao,Shoes,Fashion,West,Pune,1,943.06,943.06,10,94.31,848.75,Credit Card,Shipped,0
104755,2024-04-05,CUST2565,Arjun Sharma,Camera,Electronics,South,Hyderabad,4,30072.11,120288.44,10,12028.84,108259.6,Debit Card,Shipped,0
104756,2022-10-17,CUST4452,Vivaan Singh,T-Shirt,Fashion,North,Jaipur,4,1240.89,4963.56,0,0.0,4963.56,Net Banking,Returned,1
104757,2023-03-24,CUST2186,Riya Gupta,Watch,Fashion,South,Bengaluru,1,19268.99,19268.99,10,1926.9,17342.09,Debit Card,Cancelled,0
104758,2023-05-26,CUST1086,Vikram Reddy,Camera,Electronics,East,Kolkata,4,18018.49,72073.96,25,18018.49,54055.47,UPI,Returned,1
104759,2023-08-03,CUST2806,Krishna Singh,Mobile,Electronics,West,Surat,4,31644.73,126578.92,25,31644.73,94934.19,Cash on Delivery,Cancelled,0
104760,2023-07-30,CUST4121,Rahul Nair,Camera,Electronics,West,Pune,3,50473.45,151420.35,25,37855.09,113565.26,Debit Card,Returned,1
104761,2023-07-14,CUST3128,Priya Verma,Camera,Electronics,West,Surat,1,30110.6,30110.6,5,1505.53,28605.07,UPI,Cancelled,0
104762,2022-08-01,CUST1057,Reyansh Desai,T-Shirt,Fashion,East,Kolkata,5,1299.44,6497.2,10,649.72,5847.48,Debit Card,Shipped,0
104763,2023-11-17,CUST1500,Meera Nair,Mobile,Electronics,South,Hyderabad,1,28674.82,28674.82,10,2867.48,25807.34,Debit Card,Shipped,0
104764,2022-05-31,CUST2684,Rakesh Gupta,Mobile,Electronics,North,Lucknow,2,15777.28,31554.56,10,3155.46,28399.1,Credit Card,Delivered,0
104765,2023-01-25,CUST1240,Sai Yadav,Laptop,Electronics,West,Ahmedabad,3,69896.08,209688.24,10,20968.82,188719.42,UPI,Shipped,0
104766,2023-11-30,CUST4436,Amit Gupta,Camera,Electronics,West,Pune,4,40955.33,163821.32,25,40955.33,122865.99,Net Banking,Cancelled,0
104767,2022-09-27,CUST2023,Reyansh Chopra,Camera,Electronics,South,Bengaluru,5,48065.63,240328.15,0,0.0,240328.15,Credit Card,Delivered,0
104768,2022-08-21,CUST3839,Deepa Kumar,Mobile,Electronics,East,Guwahati,2,50330.15,100660.3,0,0.0,100660.3,Credit Card,Cancelled,0
104769,2024-07-16,CUST3297,Vihaan Agarwal,Keyboard,Electronics,South,Chennai,4,2096.44,8385.76,20,1677.15,6708.61,UPI,Shipped,0
104770,2022-06-07,CUST1814,Deepa Yadav,Watch,Fashion,North,Jaipur,4,13399.5,53598.0,15,8039.7,45558.3,UPI,Cancelled,0
104771,2023-06-08,CUST1006,Aadhya Iyer,T-Shirt,Fashion,North,Chandigarh,3,993.26,2979.78,0,0.0,2979.78,Cash on Delivery,Shipped,0
104772,2022-12-20,CUST4403,Rohan Patel,T-Shirt,Fashion,North,Lucknow,5,662.58,3312.9,15,496.94,2815.96,Credit Card,Cancelled,0
104773,2023-08-31,CUST3304,Arjun Mehta,Laptop,Electronics,East,Kolkata,1,60122.94,60122.94,10,6012.29,54110.65,UPI,Returned,1
104774,2023-04-09,CUST2473,Krishna Nair,Mouse,Electronics,North,Delhi,4,2345.53,9382.12,10,938.21,8443.91,UPI,Returned,1
104775,2024-06-26,CUST4518,Sanjay Agarwal,Backpack,Accessories,North,Delhi,3,1405.37,4216.11,0,0.0,4216.11,Cash on Delivery,Shipped,0
104776,2023-07-03,CUST2273,Deepa Rao,Mouse,Electronics,North,Delhi,2,2345.57,4691.14,10,469.11,4222.03,UPI,Returned,1
104777,2024-12-23,CUST4762,Rohan Kapoor,T-Shirt,Fashion,East,Bhubaneswar,4,1762.12,7048.48,25,1762.12,5286.36,Net Banking,Delivered,0
104778,2023-06-09,CUST2515,Vivaan Mehta,Camera,Electronics,South,Kochi,3,39174.7,117524.1,5,5876.2,111647.9,Credit Card,Shipped,0
104779,2024-04-19,CUST3662,Deepa Reddy,Shoes,Fashion,North,Jaipur,2,3482.76,6965.52,0,0.0,6965.52,Debit Card,Cancelled,0
104780,2023-08-27,CUST4013,Vihaan Desai,Mouse,Electronics,North,Delhi,2,2390.74,4781.48,25,1195.37,3586.11,Net Banking,Returned,1
104781,2024-12-15,CUST1994,Suresh Agarwal,Headphones,Electronics,West,Mumbai,4,1005.76,4023.04,10,402.3,3620.74,UPI,Delivered,0
104782,2022-04-15,CUST2971,Rakesh Joshi,Shoes,Fashion,North,Jaipur,4,4125.39,16501.56,20,3300.31,13201.25,Net Banking,Cancelled,0
104783,2023-10-13,CUST2573,Isha Chopra,Backpack,Accessories,West,Ahmedabad,3,1403.21,4209.63,20,841.93,3367.7,Debit Card,Cancelled,0
104784,2022-08-18,CUST1574,Aditya Gupta,Laptop,Electronics,North,Chandigarh,2,68129.27,136258.54,10,13625.85,122632.69,Credit Card,Delivered,0
104785,2023-01-28,CUST3333,Sanjay Chopra,Backpack,Accessories,West,Mumbai,1,2784.16,2784.16,0,0.0,2784.16,Credit Card,Returned,1
104786,2024-07-31,CUST2431,Kavya Patel,Mouse,Electronics,South,Chennai,4,2245.22,8980.88,5,449.04,8531.84,Credit Card,Shipped,0
104787,2022-04-07,CUST2711,Priya Kapoor,Backpack,Accessories,East,Bhubaneswar,1,3205.03,3205.03,15,480.75,2724.28,Net Banking,Returned,1
104788,2024-10-12,CUST1888,Anika Chopra,Camera,Electronics,South,Chennai,4,47764.98,191059.92,5,9553.0,181506.92,Debit Card,Shipped,0
104789,2023-03-21,CUST1056,Aarav Malhotra,Headphones,Electronics,West,Mumbai,3,824.09,2472.27,15,370.84,2101.43,Debit Card,Cancelled,0
104790,2022-02-02,CUST1173,Vihaan Joshi,Laptop,Electronics,North,Lucknow,2,104125.21,208250.42,10,20825.04,187425.38,Net Banking,Delivered,0
104791,2022-04-06,CUST3500,Meera Mehta,Mobile,Electronics,South,Bengaluru,1,37507.59,37507.59,10,3750.76,33756.83,Cash on Delivery,Returned,1
104792,2022-05-20,CUST4124,Sanjay Yadav,Backpack,Accessories,North,Chandigarh,3,2496.34,7489.02,5,374.45,7114.57,Debit Card,Delivered,0
104793,2022-09-30,CUST4724,Kavya Malhotra,Watch,Fashion,West,Pune,4,11195.41,44781.64,5,2239.08,42542.56,Net Banking,Shipped,0
104794,2024-07-26,CUST3448,Ananya Singh,Mouse,Electronics,North,Lucknow,2,1279.17,2558.34,25,639.59,1918.75,Cash on Delivery,Delivered,0
104795,2023-07-12,CUST3590,Neha Bhat,Mouse,Electronics,East,Patna,5,2034.9,10174.5,15,1526.17,8648.33,Net Banking,Shipped,0
104796,2022-12-02,CUST4081,Rakesh Pillai,Watch,Fashion,South,Bengaluru,3,7501.81,22505.43,15,3375.81,19129.62,Credit Card,Delivered,0
104797,2024-05-30,CUST2209,Sai Nair,Shoes,Fashion,North,Delhi,4,5405.98,21623.92,10,2162.39,19461.53,Credit Card,Shipped,0
104798,2022-08-20,CUST1822,Suresh Malhotra,T-Shirt,Fashion,North,Chandigarh,2,1743.35,3486.7,15,523.0,2963.7,Cash on Delivery,Shipped,0
104799,2023-05-09,CUST4340,Ishaan Yadav,T-Shirt,Fashion,South,Kochi,5,1564.98,7824.9,0,0.0,7824.9,Debit Card,Shipped,0
104800,2023-09-29,CUST2599,Aarav Joshi,T-Shirt,Fashion,West,Pune,3,1636.67,4910.01,5,245.5,4664.51,Cash on Delivery,Cancelled,0
104801,2023-01-14,CUST3716,Reyansh Rao,Headphones,Electronics,South,Kochi,3,2211.34,6634.02,10,663.4,5970.62,UPI,Cancelled,0
104802,2023-08-31,CUST3684,Rohan Agarwal,Headphones,Electronics,South,Chennai,1,4411.17,4411.17,10,441.12,3970.05,Debit Card,Delivered,0
104803,2023-10-22,CUST2585,Rohan Yadav,T-Shirt,Fashion,South,Chennai,5,609.03,3045.15,0,0.0,3045.15,Cash on Delivery,Cancelled,0
104804,2022-01-07,CUST1311,Riya Yadav,T-Shirt,Fashion,South,Kochi,2,1391.03,2782.06,5,139.1,2642.96,UPI,Returned,1
104805,2022-08-30,CUST1882,Aditya Verma,Watch,Fashion,East,Patna,2,11181.05,22362.1,10,2236.21,20125.89,Net Banking,Returned,1
104806,2022-03-10,CUST1105,Arjun Kapoor,Mobile,Electronics,South,Chennai,2,65142.6,130285.2,0,0.0,130285.2,Cash on Delivery,Cancelled,0
104807,2022-05-31,CUST4487,Diya Rao,Mobile,Electronics,South,Hyderabad,2,10941.62,21883.24,0,0.0,21883.24,Credit Card,Delivered,0
104808,2024-06-07,CUST1089,Arjun Singh,Mouse,Electronics,East,Kolkata,5,1123.62,5618.1,10,561.81,5056.29,Debit Card,Delivered,0
104809,2022-02-14,CUST2882,Ananya Reddy,Headphones,Electronics,North,Jaipur,2,2087.89,4175.78,25,1043.94,3131.84,Debit Card,Returned,1
104810,2024-07-23,CUST3751,Sai Sharma,Backpack,Accessories,North,Lucknow,3,2830.38,8491.14,15,1273.67,7217.47,Cash on Delivery,Cancelled,0
104811,2024-08-11,CUST4754,Vikram Desai,Keyboard,Electronics,North,Jaipur,2,2931.35,5862.7,20,1172.54,4690.16,Debit Card,Shipped,0
104812,2023-01-17,CUST4963,Ishaan Gupta,Mobile,Electronics,South,Kochi,3,30949.13,92847.39,10,9284.74,83562.65,Net Banking,Delivered,0
104813,2024-09-23,CUST2950,Myra Chopra,Laptop,Electronics,South,Chennai,2,118045.69,236091.38,15,35413.71,200677.67,Net Banking,Returned,1
104814,2023-09-05,CUST4177,Diya Patel,Laptop,Electronics,South,Hyderabad,2,92523.44,185046.88,10,18504.69,166542.19,Credit Card,Delivered,0
104815,2024-01-14,CUST2416,Aditya Agarwal,Watch,Fashion,North,Lucknow,2,6961.41,13922.82,10,1392.28,12530.54,Debit Card,Cancelled,0
104816,2024-12-22,CUST2063,Isha Iyer,Headphones,Electronics,North,Chandigarh,5,2296.16,11480.8,0,0.0,11480.8,Net Banking,Delivered,0
104817,2024-07-01,CUST4907,Amit Patel,Camera,Electronics,South,Kochi,3,32652.77,97958.31,10,9795.83,88162.48,UPI,Cancelled,0
104818,2024-05-06,CUST3733,Vivaan Rao,Backpack,Accessories,North,Chandigarh,4,3495.14,13980.56,25,3495.14,10485.42,Debit Card,Delivered,0
104819,2023-11-08,CUST3722,Amit Sharma,T-Shirt,Fashion,South,Kochi,2,1386.12,2772.24,5,138.61,2633.63,Debit Card,Cancelled,0
104820,2024-04-13,CUST3176,Ananya Patel,Mobile,Electronics,South,Hyderabad,2,20683.55,41367.1,0,0.0,41367.1,Debit Card,Shipped,0
104821,2023-04-24,CUST1513,Neha Kapoor,Mouse,Electronics,West,Mumbai,2,488.96,977.92,0,0.0,977.92,Cash on Delivery,Returned,1
104822,2024-05-24,CUST4771,Ananya Gupta,Watch,Fashion,South,Kochi,3,13853.19,41559.57,20,8311.91,33247.66,UPI,Returned,1
104823,2023-12-18,CUST3515,Riya Iyer,Laptop,Electronics,South,Kochi,4,101583.42,406333.68,0,0.0,406333.68,Cash on Delivery,Cancelled,0
104824,2023-09-24,CUST2077,Aditya Kumar,Mouse,Electronics,South,Bengaluru,5,2092.63,10463.15,5,523.16,9939.99,Debit Card,Shipped,0
104825,2024-09-22,CUST4956,Anika Pillai,Mouse,Electronics,West,Ahmedabad,2,1814.21,3628.42,25,907.11,2721.31,Net Banking,Delivered,0
104826,2024-08-06,CUST1338,Neha Gupta,Keyboard,Electronics,West,Mumbai,2,1453.94,2907.88,0,0.0,2907.88,Debit Card,Shipped,0
104827,2024-12-28,CUST4988,Ishaan Pillai,Keyboard,Electronics,East,Kolkata,1,829.05,829.05,5,41.45,787.6,Net Banking,Shipped,0
104828,2023-01-05,CUST1279,Krishna Yadav,Mobile,Electronics,West,Ahmedabad,2,64439.56,128879.12,5,6443.96,122435.16,Debit Card,Shipped,0
104829,2023-06-22,CUST2019,Meera Kapoor,Keyboard,Electronics,North,Delhi,2,3793.24,7586.48,5,379.32,7207.16,UPI,Returned,1
104830,2024-07-17,CUST3090,Vikram Mehta,Mobile,Electronics,East,Kolkata,2,40593.44,81186.88,10,8118.69,73068.19,UPI,Shipped,0
104831,2022-10-22,CUST2607,Ishaan Joshi,Laptop,Electronics,East,Guwahati,1,44097.45,44097.45,15,6614.62,37482.83,UPI,Shipped,0
104832,2024-03-28,CUST3349,Suresh Sharma,Watch,Fashion,South,Hyderabad,3,24463.3,73389.9,15,11008.49,62381.41,Net Banking,Shipped,0
104833,2023-11-11,CUST4776,Sara Bhat,Laptop,Electronics,South,Chennai,5,104392.04,521960.2,0,0.0,521960.2,UPI,Delivered,0
104834,2023-05-12,CUST3981,Aditya Kumar,Watch,Fashion,East,Guwahati,1,7568.68,7568.68,15,1135.3,6433.38,UPI,Cancelled,0
104835,2023-05-19,CUST4388,Amit Malhotra,T-Shirt,Fashion,East,Bhubaneswar,3,412.17,1236.51,25,309.13,927.38,UPI,Delivered,0
104836,2022-07-17,CUST2449,Arjun Kapoor,Backpack,Accessories,East,Kolkata,3,1529.45,4588.35,0,0.0,4588.35,Cash on Delivery,Delivered,0
104837,2022-12-05,CUST1032,Krishna Desai,Camera,Electronics,North,Jaipur,1,26626.22,26626.22,0,0.0,26626.22,UPI,Returned,1
104838,2022-11-21,CUST1108,Pooja Rao,Backpack,Accessories,East,Guwahati,2,2055.11,4110.22,15,616.53,3493.69,Cash on Delivery,Shipped,0
104839,2024-12-25,CUST2114,Rohan Rao,Shoes,Fashion,North,Chandigarh,2,2506.83,5013.66,5,250.68,4762.98,UPI,Cancelled,0
104840,2023-12-26,CUST1994,Rakesh Nair,Keyboard,Electronics,North,Delhi,4,4456.86,17827.44,0,0.0,17827.44,Debit Card,Returned,1
104841,2024-05-15,CUST4121,Vikram Nair,Shoes,Fashion,East,Guwahati,1,5083.14,5083.14,10,508.31,4574.83,Net Banking,Shipped,0
104842,2022-06-13,CUST4902,Arjun Chopra,Mobile,Electronics,East,Guwahati,2,20226.29,40452.58,5,2022.63,38429.95,Debit Card,Returned,1
104843,2023-07-02,CUST4781,Vihaan Kumar,Mobile,Electronics,West,Pune,3,22640.52,67921.56,5,3396.08,64525.48,UPI,Returned,1
104844,2023-01-17,CUST2038,Priya Joshi,Mobile,Electronics,South,Kochi,2,13738.01,27476.02,10,2747.6,24728.42,Net Banking,Returned,1
104845,2022-08-14,CUST4278,Diya Rao,Mobile,Electronics,South,Kochi,2,57801.64,115603.28,10,11560.33,104042.95,Cash on Delivery,Shipped,0
104846,2023-10-12,CUST4629,Meera Rao,T-Shirt,Fashion,West,Pune,1,410.16,410.16,5,20.51,389.65,UPI,Cancelled,0
104847,2022-01-26,CUST1059,Rakesh Malhotra,Keyboard,Electronics,East,Patna,5,2613.28,13066.4,10,1306.64,11759.76,Debit Card,Returned,1
104848,2024-08-27,CUST4434,Diya Verma,Keyboard,Electronics,West,Ahmedabad,2,2404.93,4809.86,10,480.99,4328.87,Debit Card,Returned,1
104849,2024-06-17,CUST4806,Priya Singh,Headphones,Electronics,South,Bengaluru,3,3599.86,10799.58,5,539.98,10259.6,Cash on Delivery,Shipped,0
104850,2024-10-07,CUST3656,Vivaan Agarwal,T-Shirt,Fashion,West,Mumbai,2,980.31,1960.62,10,196.06,1764.56,Credit Card,Returned,1
104851,2023-07-02,CUST2415,Krishna Iyer,Watch,Fashion,West,Mumbai,3,17461.87,52385.61,0,0.0,52385.61,UPI,Returned,1
104852,2024-11-07,CUST3811,Aadhya Sharma,Mouse,Electronics,North,Jaipur,4,678.76,2715.04,20,543.01,2172.03,Cash on Delivery,Cancelled,0
104853,2022-09-26,CUST1174,Pooja Singh,Backpack,Accessories,West,Mumbai,2,1522.01,3044.02,0,0.0,3044.02,Cash on Delivery,Delivered,0
104854,2024-05-19,CUST4478,Isha Patel,T-Shirt,Fashion,East,Patna,2,1461.19,2922.38,10,292.24,2630.14,Net Banking,Shipped,0
104855,2024-08-11,CUST4673,Priya Chopra,Shoes,Fashion,North,Delhi,4,2501.65,10006.6,20,2001.32,8005.28,Debit Card,Shipped,0
104856,2024-05-07,CUST4015,Ananya Verma,Watch,Fashion,East,Kolkata,4,22728.56,90914.24,5,4545.71,86368.53,Cash on Delivery,Cancelled,0
104857,2023-02-08,CUST1081,Vihaan Rao,Mouse,Electronics,South,Hyderabad,2,1245.14,2490.28,0,0.0,2490.28,UPI,Cancelled,0
104858,2023-02-13,CUST4213,Arjun Pillai,Keyboard,Electronics,West,Ahmedabad,1,3254.88,3254.88,20,650.98,2603.9,Credit Card,Shipped,0
104859,2023-06-11,CUST2766,Sanjay Mehta,Backpack,Accessories,West,Ahmedabad,1,3287.52,3287.52,20,657.5,2630.02,UPI,Returned,1
104860,2022-09-03,CUST3925,Ishaan Singh,Laptop,Electronics,South,Kochi,2,68706.72,137413.44,15,20612.02,116801.42,Credit Card,Delivered,0
104861,2024-06-27,CUST2832,Ishaan Reddy,T-Shirt,Fashion,South,Bengaluru,1,1660.8,1660.8,0,0.0,1660.8,Cash on Delivery,Shipped,0
104862,2023-01-05,CUST4469,Arjun Mehta,T-Shirt,Fashion,South,Bengaluru,1,1038.32,1038.32,10,103.83,934.49,Debit Card,Shipped,0
104863,2023-03-05,CUST2100,Pooja Iyer,T-Shirt,Fashion,East,Bhubaneswar,2,1481.57,2963.14,20,592.63,2370.51,Debit Card,Cancelled,0
104864,2024-05-13,CUST1321,Priya Rao,Mobile,Electronics,North,Jaipur,1,47127.9,47127.9,10,4712.79,42415.11,UPI,Returned,1
104865,2024-02-20,CUST3046,Sai Nair,Backpack,Accessories,East,Kolkata,1,3240.53,3240.53,10,324.05,2916.48,Cash on Delivery,Returned,1
104866,2022-04-25,CUST4975,Arjun Agarwal,Watch,Fashion,East,Bhubaneswar,3,6105.51,18316.53,5,915.83,17400.7,Net Banking,Shipped,0
104867,2023-12-13,CUST3769,Rahul Chopra,Watch,Fashion,East,Guwahati,5,22509.84,112549.2,0,0.0,112549.2,Credit Card,Cancelled,0
104868,2023-03-11,CUST4805,Vihaan Kapoor,T-Shirt,Fashion,North,Delhi,2,887.28,1774.56,15,266.18,1508.38,UPI,Delivered,0
104869,2023-06-09,CUST4820,Isha Bhat,Keyboard,Electronics,East,Bhubaneswar,5,2464.82,12324.1,15,1848.62,10475.48,Net Banking,Delivered,0
104870,2023-09-25,CUST1924,Sai Yadav,Mobile,Electronics,North,Lucknow,3,16098.81,48296.43,10,4829.64,43466.79,Credit Card,Cancelled,0
104871,2024-09-24,CUST1273,Amit Verma,Headphones,Electronics,West,Ahmedabad,5,4065.71,20328.55,0,0.0,20328.55,UPI,Shipped,0
104872,2023-01-12,CUST1954,Aadhya Malhotra,Backpack,Accessories,South,Chennai,2,1995.8,3991.6,15,598.74,3392.86,Net Banking,Delivered,0
104873,2022-01-01,CUST2231,Kavya Sharma,Camera,Electronics,East,Bhubaneswar,4,21601.14,86404.56,15,12960.68,73443.88,UPI,Delivered,0
104874,2023-01-18,CUST1531,Anika Malhotra,Camera,Electronics,South,Kochi,1,53785.53,53785.53,10,5378.55,48406.98,Cash on Delivery,Shipped,0
104875,2022-02-15,CUST2317,Riya Desai,Camera,Electronics,East,Guwahati,2,32230.89,64461.78,5,3223.09,61238.69,Net Banking,Cancelled,0
104876,2024-04-15,CUST3113,Riya Gupta,Keyboard,Electronics,West,Surat,1,4331.07,4331.07,10,433.11,3897.96,Debit Card,Delivered,0
104877,2023-07-17,CUST4929,Rakesh Malhotra,Mouse,Electronics,North,Chandigarh,2,1168.33,2336.66,10,233.67,2102.99,Credit Card,Cancelled,0
104878,2022-11-10,CUST3165,Ananya Mehta,Mouse,Electronics,West,Pune,1,1215.31,1215.31,20,243.06,972.25,Net Banking,Cancelled,0
104879,2024-01-25,CUST2040,Isha Iyer,Keyboard,Electronics,North,Lucknow,4,1898.77,7595.08,0,0.0,7595.08,Net Banking,Cancelled,0
104880,2023-05-07,CUST4660,Suresh Patel,Laptop,Electronics,East,Kolkata,2,64578.95,129157.9,5,6457.9,122700.0,Net Banking,Cancelled,0
104881,2023-03-06,CUST3034,Rohan Verma,Watch,Fashion,West,Pune,2,24727.12,49454.24,25,12363.56,37090.68,UPI,Delivered,0
104882,2024-08-28,CUST2851,Aditya Desai,Watch,Fashion,West,Pune,1,23984.12,23984.12,0,0.0,23984.12,Net Banking,Shipped,0
104883,2024-06-13,CUST2273,Aditya Desai,Camera,Electronics,North,Lucknow,1,21980.33,21980.33,25,5495.08,16485.25,UPI,Cancelled,0
104884,2022-01-12,CUST1115,Aarav Verma,Mobile,Electronics,South,Hyderabad,1,59756.93,59756.93,0,0.0,59756.93,Credit Card,Returned,1
104885,2023-07-20,CUST3411,Priya Bhat,Backpack,Accessories,West,Mumbai,1,1335.66,1335.66,20,267.13,1068.53,Debit Card,Returned,1
104886,2023-12-29,CUST4540,Amit Bhat,Backpack,Accessories,North,Delhi,1,2871.27,2871.27,20,574.25,2297.02,Net Banking,Shipped,0
104887,2024-05-11,CUST2545,Rohan Mehta,Camera,Electronics,East,Guwahati,4,52561.55,210246.2,5,10512.31,199733.89,Debit Card,Returned,1
104888,2023-02-06,CUST4866,Reyansh Agarwal,Camera,Electronics,South,Hyderabad,2,37936.39,75872.78,0,0.0,75872.78,Net Banking,Returned,1
104889,2024-11-21,CUST3470,Myra Gupta,Mobile,Electronics,East,Guwahati,2,80600.88,161201.76,25,40300.44,120901.32,Net Banking,Shipped,0
104890,2024-02-09,CUST1496,Diya Rao,Headphones,Electronics,East,Kolkata,4,6476.12,25904.48,5,1295.22,24609.26,Net Banking,Cancelled,0
104891,2022-08-31,CUST4456,Isha Malhotra,Watch,Fashion,South,Kochi,2,2877.46,5754.92,10,575.49,5179.43,UPI,Returned,1
104892,2024-05-19,CUST2454,Neha Agarwal,Watch,Fashion,West,Surat,4,17242.55,68970.2,15,10345.53,58624.67,Net Banking,Cancelled,0
104893,2023-10-17,CUST3008,Meera Pillai,Shoes,Fashion,West,Ahmedabad,5,5006.68,25033.4,10,2503.34,22530.06,Net Banking,Delivered,0
104894,2023-01-29,CUST4196,Rahul Iyer,Mouse,Electronics,South,Bengaluru,1,1317.21,1317.21,0,0.0,1317.21,UPI,Returned,1
104895,2022-12-26,CUST3303,Kavya Desai,Shoes,Fashion,North,Lucknow,3,2462.65,7387.95,15,1108.19,6279.76,Cash on Delivery,Cancelled,0
104896,2024-01-24,CUST1012,Ishaan Agarwal,T-Shirt,Fashion,South,Hyderabad,2,997.8,1995.6,15,299.34,1696.26,Net Banking,Cancelled,0
104897,2023-11-12,CUST3787,Sara Pillai,Mobile,Electronics,North,Chandigarh,5,85047.08,425235.4,0,0.0,425235.4,Debit Card,Shipped,0
104898,2023-12-11,CUST2631,Ananya Desai,T-Shirt,Fashion,East,Kolkata,5,1775.62,8878.1,15,1331.71,7546.39,Debit Card,Returned,1
104899,2022-05-21,CUST4210,Priya Yadav,Watch,Fashion,East,Kolkata,2,13992.02,27984.04,10,2798.4,25185.64,Cash on Delivery,Delivered,0
104900,2023-09-20,CUST1322,Rohan Yadav,Backpack,Accessories,South,Chennai,3,2693.23,8079.69,5,403.98,7675.71,Credit Card,Shipped,0
104901,2024-03-24,CUST1457,Aadhya Gupta,Watch,Fashion,West,Ahmedabad,4,12008.29,48033.16,15,7204.97,40828.19,Credit Card,Returned,1
104902,2023-06-09,CUST2530,Reyansh Rao,Shoes,Fashion,East,Bhubaneswar,1,3859.21,3859.21,5,192.96,3666.25,Net Banking,Delivered,0
104903,2023-01-01,CUST3070,Ishaan Sharma,Backpack,Accessories,West,Ahmedabad,1,3347.01,3347.01,15,502.05,2844.96,UPI,Cancelled,0
104904,2024-03-26,CUST1253,Kavya Pillai,Watch,Fashion,South,Kochi,1,22391.71,22391.71,5,1119.59,21272.12,Cash on Delivery,Delivered,0
104905,2022-11-22,CUST2951,Neha Verma,Camera,Electronics,East,Kolkata,2,19750.75,39501.5,0,0.0,39501.5,Credit Card,Cancelled,0
104906,2024-03-25,CUST1143,Vivaan Mehta,Camera,Electronics,West,Mumbai,1,18150.79,18150.79,0,0.0,18150.79,Net Banking,Returned,1
104907,2024-09-15,CUST4732,Vikram Nair,Keyboard,Electronics,West,Surat,1,4193.9,4193.9,0,0.0,4193.9,Debit Card,Delivered,0
104908,2023-02-27,CUST2491,Suresh Mehta,Camera,Electronics,South,Hyderabad,2,28106.48,56212.96,20,11242.59,44970.37,Debit Card,Cancelled,0
104909,2023-02-07,CUST1953,Isha Reddy,Watch,Fashion,North,Jaipur,3,3273.57,9820.71,15,1473.11,8347.6,UPI,Shipped,0
104910,2023-10-29,CUST4470,Sai Mehta,T-Shirt,Fashion,South,Hyderabad,2,832.52,1665.04,0,0.0,1665.04,Credit Card,Shipped,0
104911,2024-06-10,CUST4457,Meera Rao,Backpack,Accessories,North,Delhi,2,1731.31,3462.62,5,173.13,3289.49,Cash on Delivery,Cancelled,0
104912,2023-07-19,CUST2125,Anika Rao,Shoes,Fashion,South,Bengaluru,4,2064.6,8258.4,0,0.0,8258.4,Credit Card,Shipped,0
104913,2023-12-21,CUST4413,Pooja Patel,Watch,Fashion,North,Jaipur,1,23033.54,23033.54,10,2303.35,20730.19,Credit Card,Shipped,0
104914,2024-04-07,CUST4193,Diya Gupta,T-Shirt,Fashion,South,Kochi,5,1217.93,6089.65,15,913.45,5176.2,Credit Card,Returned,1
104915,2022-12-21,CUST4083,Kavya Nair,Keyboard,Electronics,North,Chandigarh,1,638.15,638.15,15,95.72,542.43,Net Banking,Shipped,0
104916,2022-11-21,CUST2484,Rahul Sharma,Keyboard,Electronics,West,Ahmedabad,4,3345.3,13381.2,15,2007.18,11374.02,Net Banking,Shipped,0
104917,2024-03-11,CUST3386,Arjun Mehta,Backpack,Accessories,West,Mumbai,5,3175.29,15876.45,5,793.82,15082.63,Debit Card,Returned,1
104918,2023-08-24,CUST1573,Riya Gupta,Keyboard,Electronics,North,Chandigarh,2,3487.15,6974.3,0,0.0,6974.3,Net Banking,Shipped,0
104919,2022-08-19,CUST4733,Sara Reddy,T-Shirt,Fashion,East,Bhubaneswar,1,388.56,388.56,5,19.43,369.13,Debit Card,Returned,1
104920,2024-06-13,CUST3540,Aarav Desai,Watch,Fashion,North,Jaipur,1,12954.14,12954.14,0,0.0,12954.14,UPI,Delivered,0
104921,2023-10-31,CUST2019,Riya Gupta,Camera,Electronics,North,Lucknow,3,51625.48,154876.44,0,0.0,154876.44,Debit Card,Cancelled,0
104922,2022-10-09,CUST2450,Neha Joshi,Keyboard,Electronics,South,Bengaluru,5,1488.95,7444.75,10,744.48,6700.27,Net Banking,Cancelled,0
104923,2024-05-28,CUST3178,Anika Singh,Backpack,Accessories,West,Mumbai,3,1438.12,4314.36,15,647.15,3667.21,UPI,Shipped,0
104924,2022-07-18,CUST2537,Isha Reddy,Watch,Fashion,South,Bengaluru,2,4260.33,8520.66,5,426.03,8094.63,Net Banking,Shipped,0
104925,2022-10-17,CUST1891,Neha Singh,Headphones,Electronics,East,Kolkata,1,3905.68,3905.68,15,585.85,3319.83,UPI,Cancelled,0
104926,2024-03-15,CUST1649,Sara Patel,Headphones,Electronics,West,Ahmedabad,1,3916.13,3916.13,10,391.61,3524.52,Net Banking,Returned,1
104927,2023-07-28,CUST3502,Aadhya Chopra,Mobile,Electronics,North,Jaipur,2,20046.01,40092.02,10,4009.2,36082.82,UPI,Cancelled,0
104928,2022-06-09,CUST2876,Aarav Chopra,Backpack,Accessories,South,Kochi,1,1407.64,1407.64,10,140.76,1266.88,Debit Card,Delivered,0
104929,2023-05-21,CUST2098,Rahul Kumar,Watch,Fashion,South,Bengaluru,2,8857.4,17714.8,15,2657.22,15057.58,Debit Card,Shipped,0
104930,2022-01-11,CUST3670,Sanjay Bhat,Laptop,Electronics,West,Pune,1,66807.79,66807.79,10,6680.78,60127.01,Net Banking,Delivered,0
104931,2023-10-22,CUST1113,Amit Pillai,Watch,Fashion,South,Hyderabad,5,7479.32,37396.6,0,0.0,37396.6,Net Banking,Cancelled,0
104932,2023-09-08,CUST2816,Reyansh Pillai,Mouse,Electronics,South,Hyderabad,4,301.17,1204.68,15,180.7,1023.98,Debit Card,Shipped,0
104933,2022-09-22,CUST2427,Kavya Gupta,Camera,Electronics,North,Jaipur,2,34037.01,68074.02,5,3403.7,64670.32,Credit Card,Returned,1
104934,2022-04-07,CUST1087,Sara Singh,Headphones,Electronics,West,Pune,1,6210.63,6210.63,10,621.06,5589.57,Cash on Delivery,Cancelled,0
104935,2022-09-22,CUST3564,Diya Singh,Shoes,Fashion,East,Kolkata,3,3780.75,11342.25,5,567.11,10775.14,Cash on Delivery,Returned,1
104936,2022-06-17,CUST3989,Reyansh Verma,Camera,Electronics,North,Jaipur,4,22821.2,91284.8,5,4564.24,86720.56,Credit Card,Delivered,0
104937,2022-02-01,CUST1693,Rakesh Singh,Headphones,Electronics,South,Chennai,3,7707.11,23121.33,0,0.0,23121.33,Credit Card,Shipped,0
104938,2024-12-12,CUST4231,Krishna Mehta,Shoes,Fashion,East,Bhubaneswar,4,5590.14,22360.56,10,2236.06,20124.5,Net Banking,Cancelled,0
104939,2022-12-16,CUST3256,Rohan Verma,Watch,Fashion,East,Patna,5,5218.34,26091.7,15,3913.76,22177.94,Debit Card,Shipped,0
104940,2022-08-05,CUST1201,Rakesh Chopra,Backpack,Accessories,West,Surat,2,1273.85,2547.7,5,127.39,2420.31,Net Banking,Shipped,0
104941,2024-01-27,CUST1662,Priya Malhotra,Mouse,Electronics,South,Chennai,1,329.71,329.71,10,32.97,296.74,Net Banking,Cancelled,0
104942,2024-02-24,CUST4947,Vivaan Sharma,Backpack,Accessories,South,Bengaluru,5,1393.81,6969.05,5,348.45,6620.6,Net Banking,Delivered,0
104943,2024-06-24,CUST3386,Vihaan Chopra,Watch,Fashion,East,Guwahati,5,8096.16,40480.8,5,2024.04,38456.76,Cash on Delivery,Shipped,0
104944,2023-12-06,CUST4091,Meera Sharma,Backpack,Accessories,North,Jaipur,4,2351.89,9407.56,10,940.76,8466.8,UPI,Shipped,0
104945,2024-06-23,CUST3575,Anika Rao,Camera,Electronics,North,Chandigarh,2,35845.53,71691.06,5,3584.55,68106.51,Debit Card,Returned,1
104946,2023-11-27,CUST4781,Amit Yadav,Shoes,Fashion,North,Jaipur,5,6470.67,32353.35,20,6470.67,25882.68,Net Banking,Returned,1
104947,2024-10-14,CUST2915,Vivaan Verma,Watch,Fashion,East,Patna,4,3144.96,12579.84,10,1257.98,11321.86,UPI,Returned,1
104948,2023-03-25,CUST4697,Isha Iyer,Camera,Electronics,East,Kolkata,3,43190.55,129571.65,25,32392.91,97178.74,Debit Card,Delivered,0
104949,2022-06-27,CUST3183,Diya Mehta,Mobile,Electronics,East,Kolkata,3,47086.78,141260.34,5,7063.02,134197.32,Cash on Delivery,Cancelled,0
104950,2024-08-12,CUST1450,Vivaan Agarwal,T-Shirt,Fashion,East,Guwahati,2,1536.14,3072.28,0,0.0,3072.28,Credit Card,Returned,1
104951,2023-11-24,CUST3446,Meera Nair,Camera,Electronics,South,Chennai,4,54933.18,219732.72,0,0.0,219732.72,Net Banking,Returned,1
104952,2024-03-09,CUST3247,Kavya Joshi,Camera,Electronics,East,Guwahati,2,38226.33,76452.66,0,0.0,76452.66,Debit Card,Shipped,0
104953,2022-04-29,CUST4382,Vikram Gupta,Camera,Electronics,South,Bengaluru,1,33022.04,33022.04,5,1651.1,31370.94,Cash on Delivery,Returned,1
104954,2024-02-27,CUST4953,Diya Nair,Camera,Electronics,North,Chandigarh,1,21585.07,21585.07,5,1079.25,20505.82,Credit Card,Shipped,0
104955,2024-09-24,CUST4517,Sara Mehta,Watch,Fashion,West,Ahmedabad,1,13429.42,13429.42,15,2014.41,11415.01,Net Banking,Shipped,0
104956,2022-03-25,CUST2104,Vikram Reddy,Mobile,Electronics,North,Chandigarh,3,37054.74,111164.22,20,22232.84,88931.38,UPI,Returned,1
104957,2022-04-12,CUST3491,Sara Verma,Mobile,Electronics,East,Patna,2,57152.87,114305.74,0,0.0,114305.74,Credit Card,Returned,1
104958,2023-03-19,CUST1351,Reyansh Reddy,Camera,Electronics,North,Delhi,2,28034.87,56069.74,15,8410.46,47659.28,Cash on Delivery,Returned,1
104959,2024-07-04,CUST2379,Diya Sharma,Mouse,Electronics,South,Chennai,2,1146.56,2293.12,0,0.0,2293.12,Debit Card,Returned,1
104960,2024-07-05,CUST3356,Vihaan Verma,Watch,Fashion,West,Mumbai,3,11449.12,34347.36,0,0.0,34347.36,Cash on Delivery,Shipped,0
104961,2022-02-22,CUST2344,Anika Agarwal,Camera,Electronics,South,Kochi,2,15706.34,31412.68,20,6282.54,25130.14,Credit Card,Returned,1
104962,2023-01-21,CUST2492,Aditya Kapoor,Keyboard,Electronics,East,Patna,3,1915.47,5746.41,10,574.64,5171.77,Net Banking,Shipped,0
104963,2022-08-06,CUST4149,Rakesh Kumar,Mouse,Electronics,South,Hyderabad,1,1542.34,1542.34,5,77.12,1465.22,UPI,Cancelled,0
104964,2023-05-04,CUST1331,Sai Verma,Mouse,Electronics,South,Bengaluru,1,1681.0,1681.0,15,252.15,1428.85,Net Banking,Cancelled,0
104965,2022-09-21,CUST2339,Krishna Singh,Watch,Fashion,South,Chennai,1,16134.25,16134.25,10,1613.42,14520.83,UPI,Returned,1
104966,2024-06-19,CUST1403,Myra Rao,Mobile,Electronics,West,Mumbai,1,68989.8,68989.8,20,13797.96,55191.84,Cash on Delivery,Shipped,0
104967,2024-08-17,CUST1250,Kavya Sharma,Mobile,Electronics,West,Mumbai,2,49732.07,99464.14,5,4973.21,94490.93,Debit Card,Shipped,0
104968,2022-07-09,CUST2051,Sai Mehta,Laptop,Electronics,West,Pune,4,64342.97,257371.88,10,25737.19,231634.69,UPI,Delivered,0
104969,2024-03-11,CUST3349,Aditya Nair,Laptop,Electronics,West,Ahmedabad,4,72437.57,289750.28,15,43462.54,246287.74,Credit Card,Shipped,0
104970,2023-11-17,CUST2274,Rohan Joshi,Watch,Fashion,North,Delhi,5,16890.25,84451.25,5,4222.56,80228.69,Net Banking,Cancelled,0
104971,2024-07-24,CUST4252,Priya Reddy,Watch,Fashion,South,Hyderabad,1,3806.72,3806.72,5,190.34,3616.38,Net Banking,Cancelled,0
104972,2022-11-07,CUST3638,Deepa Nair,Watch,Fashion,West,Mumbai,2,10808.04,21616.08,15,3242.41,18373.67,UPI,Delivered,0
104973,2022-01-19,CUST4209,Isha Chopra,Laptop,Electronics,North,Lucknow,1,118035.12,118035.12,5,5901.76,112133.36,Net Banking,Returned,1
104974,2024-06-11,CUST1174,Krishna Mehta,T-Shirt,Fashion,North,Lucknow,1,1447.8,1447.8,15,217.17,1230.63,UPI,Returned,1
104975,2024-05-06,CUST1845,Kavya Singh,Watch,Fashion,South,Bengaluru,4,14737.92,58951.68,25,14737.92,44213.76,UPI,Shipped,0
104976,2024-05-03,CUST3068,Ananya Mehta,Watch,Fashion,East,Patna,1,11184.56,11184.56,0,0.0,11184.56,UPI,Shipped,0
104977,2023-06-17,CUST4770,Arjun Pillai,Camera,Electronics,West,Pune,1,53794.61,53794.61,0,0.0,53794.61,Credit Card,Returned,1
104978,2023-10-27,CUST1176,Deepa Iyer,Backpack,Accessories,North,Lucknow,1,2686.06,2686.06,20,537.21,2148.85,Cash on Delivery,Shipped,0
104979,2024-02-02,CUST1463,Krishna Iyer,Laptop,Electronics,West,Surat,2,61253.86,122507.72,15,18376.16,104131.56,Cash on Delivery,Returned,1
104980,2024-08-01,CUST3811,Ananya Reddy,Camera,Electronics,South,Hyderabad,3,23796.84,71390.52,20,14278.1,57112.42,Debit Card,Cancelled,0
104981,2022-11-05,CUST1614,Vihaan Chopra,Camera,Electronics,West,Ahmedabad,2,52330.7,104661.4,5,5233.07,99428.33,UPI,Delivered,0
104982,2023-03-05,CUST1849,Neha Verma,Watch,Fashion,South,Hyderabad,5,12310.22,61551.1,0,0.0,61551.1,UPI,Shipped,0
104983,2022-07-15,CUST4560,Sara Kumar,Headphones,Electronics,North,Chandigarh,4,4774.98,19099.92,15,2864.99,16234.93,Cash on Delivery,Delivered,0
104984,2024-01-24,CUST1425,Vihaan Singh,Camera,Electronics,West,Ahmedabad,2,25514.3,51028.6,20,10205.72,40822.88,Cash on Delivery,Cancelled,0
104985,2023-09-15,CUST3578,Ishaan Mehta,T-Shirt,Fashion,South,Chennai,1,1589.57,1589.57,0,0.0,1589.57,Net Banking,Returned,1
104986,2023-02-17,CUST4413,Kavya Pillai,Mobile,Electronics,West,Surat,3,84162.99,252488.97,15,37873.35,214615.62,UPI,Shipped,0
104987,2024-09-09,CUST1500,Neha Nair,Camera,Electronics,North,Delhi,3,16728.17,50184.51,5,2509.23,47675.28,Credit Card,Returned,1
104988,2022-01-12,CUST1757,Vivaan Kumar,Shoes,Fashion,South,Hyderabad,5,5437.04,27185.2,15,4077.78,23107.42,Debit Card,Shipped,0
104989,2023-03-21,CUST4014,Amit Reddy,Laptop,Electronics,West,Pune,1,116569.32,116569.32,0,0.0,116569.32,UPI,Delivered,0
104990,2022-11-28,CUST4434,Myra Sharma,Mobile,Electronics,West,Surat,3,21947.92,65843.76,0,0.0,65843.76,Cash on Delivery,Delivered,0
104991,2022-08-27,CUST3042,Pooja Patel,Watch,Fashion,West,Pune,3,11235.81,33707.43,10,3370.74,30336.69,Credit Card,Shipped,0
104992,2022-04-09,CUST1761,Priya Mehta,Keyboard,Electronics,North,Delhi,1,3973.61,3973.61,0,0.0,3973.61,Credit Card,Delivered,0
104993,2022-07-02,CUST3245,Aarav Reddy,Backpack,Accessories,South,Hyderabad,4,3266.51,13066.04,10,1306.6,11759.44,UPI,Returned,1
104994,2023-01-10,CUST1033,Pooja Yadav,Watch,Fashion,South,Kochi,3,5521.64,16564.92,10,1656.49,14908.43,Net Banking,Shipped,0
104995,2024-04-18,CUST2461,Meera Rao,Headphones,Electronics,South,Chennai,1,2728.58,2728.58,10,272.86,2455.72,Cash on Delivery,Delivered,0
104996,2022-07-24,CUST1966,Ishaan Rao,Shoes,Fashion,South,Kochi,2,2094.69,4189.38,10,418.94,3770.44,Net Banking,Cancelled,0
104997,2022-05-15,CUST1139,Aditya Agarwal,Camera,Electronics,North,Jaipur,2,24458.31,48916.62,10,4891.66,44024.96,Net Banking,Returned,1
104998,2023-06-30,CUST3598,Amit Nair,T-Shirt,Fashion,North,Chandigarh,2,1725.36,3450.72,10,345.07,3105.65,Debit Card,Shipped,0
104999,2023-12-29,CUST4187,Rakesh Agarwal,Watch,Fashion,West,Ahmedabad,2,20343.11,40686.22,15,6102.93,34583.29,Net Banking,Delivered,0
105000,2024-01-24,CUST3542,Myra Kumar,Watch,Fashion,West,Ahmedabad,2,9019.97,18039.94,15,2705.99,15333.95,Debit Card,Shipped,0
105001,2022-06-24,CUST4700,Ishaan Iyer,Watch,Fashion,North,Lucknow,2,2519.85,5039.7,0,0.0,5039.7,Debit Card,Cancelled,0
105002,2023-12-22,CUST2502,Ananya Nair,T-Shirt,Fashion,North,Chandigarh,4,1311.53,5246.12,0,0.0,5246.12,Debit Card,Shipped,0
105003,2024-08-17,CUST1246,Myra Reddy,Headphones,Electronics,West,Mumbai,4,3978.73,15914.92,20,3182.98,12731.94,Cash on Delivery,Cancelled,0
105004,2024-03-20,CUST3926,Sai Verma,Watch,Fashion,West,Surat,3,6940.49,20821.47,15,3123.22,17698.25,Debit Card,Shipped,0
105005,2022-11-20,CUST4371,Sara Malhotra,Shoes,Fashion,South,Chennai,3,5473.71,16421.13,0,0.0,16421.13,Net Banking,Cancelled,0
105006,2023-09-14,CUST2391,Anika Mehta,Camera,Electronics,South,Chennai,4,43934.22,175736.88,0,0.0,175736.88,Debit Card,Returned,1
105007,2024-08-01,CUST2619,Sara Mehta,Backpack,Accessories,South,Kochi,2,1995.15,3990.3,15,598.54,3391.76,Credit Card,Delivered,0
105008,2022-12-29,CUST4350,Rohan Iyer,Mouse,Electronics,North,Chandigarh,5,1853.7,9268.5,10,926.85,8341.65,Debit Card,Returned,1
105009,2023-07-04,CUST2852,Riya Yadav,T-Shirt,Fashion,West,Ahmedabad,1,875.77,875.77,20,175.15,700.62,Credit Card,Shipped,0
105010,2023-10-21,CUST2366,Ananya Joshi,Mobile,Electronics,North,Delhi,1,30026.89,30026.89,15,4504.03,25522.86,Debit Card,Returned,1
105011,2024-10-26,CUST1410,Rohan Bhat,Backpack,Accessories,North,Lucknow,1,3287.31,3287.31,25,821.83,2465.48,Net Banking,Returned,1
105012,2023-04-25,CUST3872,Aarav Malhotra,Keyboard,Electronics,North,Delhi,5,4003.99,20019.95,5,1001.0,19018.95,Net Banking,Returned,1
105013,2024-10-20,CUST4750,Kavya Rao,Headphones,Electronics,East,Bhubaneswar,1,1084.99,1084.99,15,162.75,922.24,Credit Card,Cancelled,0
105014,2024-04-17,CUST1247,Myra Joshi,Watch,Fashion,South,Kochi,4,5991.47,23965.88,10,2396.59,21569.29,Net Banking,Shipped,0
105015,2023-01-15,CUST2433,Diya Yadav,Backpack,Accessories,East,Guwahati,2,1953.81,3907.62,20,781.52,3126.1,Net Banking,Returned,1
105016,2022-11-28,CUST2034,Ananya Iyer,Watch,Fashion,North,Delhi,1,6373.8,6373.8,5,318.69,6055.11,Debit Card,Shipped,0
105017,2023-11-04,CUST2222,Suresh Rao,Keyboard,Electronics,South,Hyderabad,2,2825.94,5651.88,10,565.19,5086.69,UPI,Delivered,0
105018,2023-11-08,CUST1739,Sanjay Desai,Laptop,Electronics,North,Delhi,1,49916.3,49916.3,0,0.0,49916.3,Net Banking,Returned,1
105019,2023-10-27,CUST2299,Vikram Chopra,Backpack,Accessories,West,Ahmedabad,2,3455.58,6911.16,5,345.56,6565.6,UPI,Cancelled,0
105020,2022-04-21,CUST1609,Myra Singh,Backpack,Accessories,North,Jaipur,4,1231.61,4926.44,25,1231.61,3694.83,Debit Card,Returned,1
105021,2024-04-12,CUST3070,Vikram Agarwal,T-Shirt,Fashion,South,Chennai,5,1190.96,5954.8,15,893.22,5061.58,Net Banking,Returned,1
105022,2023-08-07,CUST1131,Rohan Reddy,Watch,Fashion,South,Bengaluru,1,16251.81,16251.81,5,812.59,15439.22,Debit Card,Returned,1
105023,2023-04-24,CUST1073,Rahul Pillai,Mobile,Electronics,North,Lucknow,3,43445.03,130335.09,25,32583.77,97751.32,Cash on Delivery,Delivered,0
105024,2023-12-17,CUST3661,Vivaan Singh,Shoes,Fashion,East,Guwahati,5,4850.52,24252.6,20,4850.52,19402.08,Cash on Delivery,Cancelled,0
105025,2024-06-25,CUST3099,Aadhya Bhat,Watch,Fashion,South,Bengaluru,4,11732.64,46930.56,15,7039.58,39890.98,Debit Card,Returned,1
105026,2024-01-05,CUST1699,Deepa Nair,Camera,Electronics,North,Jaipur,2,38427.93,76855.86,25,19213.97,57641.89,Net Banking,Shipped,0
105027,2022-08-02,CUST3784,Ishaan Sharma,Laptop,Electronics,South,Kochi,2,88803.56,177607.12,5,8880.36,168726.76,Credit Card,Delivered,0
105028,2024-03-31,CUST4400,Meera Malhotra,T-Shirt,Fashion,West,Surat,2,1185.76,2371.52,5,118.58,2252.94,Cash on Delivery,Delivered,0
105029,2022-05-10,CUST3144,Isha Bhat,Headphones,Electronics,North,Delhi,5,2236.61,11183.05,15,1677.46,9505.59,Net Banking,Shipped,0
105030,2023-09-27,CUST1409,Aadhya Yadav,Laptop,Electronics,East,Patna,3,106976.71,320930.13,15,48139.52,272790.61,Debit Card,Shipped,0
105031,2024-08-14,CUST3008,Vikram Agarwal,Laptop,Electronics,North,Jaipur,3,103882.52,311647.56,5,15582.38,296065.18,Net Banking,Delivered,0
105032,2024-06-21,CUST4388,Anika Mehta,Shoes,Fashion,South,Kochi,2,5260.24,10520.48,5,526.02,9994.46,UPI,Returned,1
105033,2024-04-09,CUST2511,Rakesh Kapoor,Mouse,Electronics,North,Chandigarh,1,952.4,952.4,10,95.24,857.16,Cash on Delivery,Shipped,0
105034,2024-10-01,CUST2288,Anika Singh,Watch,Fashion,West,Pune,2,22752.17,45504.34,0,0.0,45504.34,Net Banking,Delivered,0
105035,2022-06-17,CUST3695,Aarav Singh,Mouse,Electronics,East,Patna,3,748.84,2246.52,5,112.33,2134.19,Cash on Delivery,Shipped,0
105036,2022-06-23,CUST1186,Aditya Kumar,T-Shirt,Fashion,South,Bengaluru,4,1178.84,4715.36,15,707.3,4008.06,Credit Card,Shipped,0
105037,2024-06-12,CUST4562,Vihaan Malhotra,Camera,Electronics,East,Patna,2,43010.75,86021.5,0,0.0,86021.5,Credit Card,Returned,1
105038,2022-11-12,CUST4070,Ishaan Desai,Laptop,Electronics,West,Pune,4,39802.02,159208.08,15,23881.21,135326.87,Debit Card,Shipped,0
105039,2024-01-14,CUST3999,Myra Nair,Backpack,Accessories,South,Bengaluru,3,1299.36,3898.08,5,194.9,3703.18,Net Banking,Returned,1
105040,2022-12-19,CUST4596,Isha Yadav,Keyboard,Electronics,South,Hyderabad,1,1598.05,1598.05,15,239.71,1358.34,UPI,Shipped,0
105041,2022-12-23,CUST1610,Riya Pillai,Camera,Electronics,East,Patna,2,32454.92,64909.84,15,9736.48,55173.36,Cash on Delivery,Delivered,0
105042,2024-11-07,CUST4858,Vikram Rao,Headphones,Electronics,West,Pune,3,5985.22,17955.66,10,1795.57,16160.09,UPI,Cancelled,0
105043,2022-04-06,CUST3332,Anika Singh,Keyboard,Electronics,North,Jaipur,4,1606.57,6426.28,5,321.31,6104.97,UPI,Cancelled,0
105044,2023-07-25,CUST2846,Aarav Kumar,Backpack,Accessories,East,Patna,2,3171.12,6342.24,10,634.22,5708.02,Debit Card,Returned,1
105045,2023-08-30,CUST4308,Vihaan Joshi,T-Shirt,Fashion,North,Lucknow,3,1150.66,3451.98,20,690.4,2761.58,Credit Card,Returned,1
105046,2022-12-08,CUST4426,Isha Sharma,Shoes,Fashion,East,Patna,1,2727.12,2727.12,5,136.36,2590.76,UPI,Returned,1
105047,2022-12-19,CUST3196,Meera Desai,Mouse,Electronics,North,Lucknow,1,1438.67,1438.67,0,0.0,1438.67,Cash on Delivery,Shipped,0
105048,2023-10-05,CUST3496,Reyansh Sharma,Backpack,Accessories,South,Kochi,3,2470.22,7410.66,15,1111.6,6299.06,UPI,Delivered,0
105049,2023-10-18,CUST4355,Priya Bhat,Headphones,Electronics,North,Lucknow,1,4500.96,4500.96,0,0.0,4500.96,Net Banking,Shipped,0
105050,2023-06-15,CUST1292,Arjun Nair,Keyboard,Electronics,West,Pune,3,1097.92,3293.76,5,164.69,3129.07,Debit Card,Shipped,0
105051,2023-07-10,CUST3746,Anika Singh,Mouse,Electronics,West,Pune,3,2355.06,7065.18,15,1059.78,6005.4,Credit Card,Returned,1
105052,2024-03-20,CUST3390,Vihaan Yadav,Headphones,Electronics,North,Lucknow,1,4415.21,4415.21,15,662.28,3752.93,UPI,Returned,1
105053,2022-08-16,CUST2827,Krishna Iyer,Watch,Fashion,South,Bengaluru,2,3432.55,6865.1,10,686.51,6178.59,Debit Card,Shipped,0
105054,2022-09-26,CUST1114,Arjun Desai,Mobile,Electronics,East,Bhubaneswar,1,30057.04,30057.04,15,4508.56,25548.48,Credit Card,Shipped,0
105055,2024-07-15,CUST1894,Reyansh Verma,Backpack,Accessories,West,Surat,4,2976.22,11904.88,5,595.24,11309.64,Debit Card,Returned,1
105056,2023-04-01,CUST4079,Arjun Verma,Shoes,Fashion,North,Jaipur,3,3838.09,11514.27,15,1727.14,9787.13,UPI,Cancelled,0
105057,2024-06-09,CUST2978,Pooja Agarwal,Backpack,Accessories,South,Bengaluru,4,2998.2,11992.8,5,599.64,11393.16,UPI,Delivered,0
105058,2023-10-12,CUST1926,Myra Iyer,Mobile,Electronics,West,Ahmedabad,3,44782.99,134348.97,10,13434.9,120914.07,Cash on Delivery,Returned,1
105059,2024-12-29,CUST4745,Pooja Malhotra,Keyboard,Electronics,South,Chennai,2,2495.27,4990.54,25,1247.63,3742.91,Cash on Delivery,Shipped,0
105060,2022-08-03,CUST2897,Meera Singh,Laptop,Electronics,West,Mumbai,2,85502.15,171004.3,5,8550.22,162454.08,UPI,Delivered,0
105061,2023-12-25,CUST2073,Sai Singh,T-Shirt,Fashion,North,Delhi,2,1266.38,2532.76,5,126.64,2406.12,Net Banking,Shipped,0
105062,2022-06-11,CUST1260,Aadhya Sharma,Headphones,Electronics,East,Patna,2,7064.55,14129.1,15,2119.36,12009.74,UPI,Shipped,0
105063,2024-01-25,CUST4645,Vihaan Verma,Camera,Electronics,South,Hyderabad,2,30658.2,61316.4,10,6131.64,55184.76,Credit Card,Delivered,0
105064,2022-03-28,CUST4887,Rakesh Desai,Mouse,Electronics,South,Hyderabad,4,872.93,3491.72,15,523.76,2967.96,Net Banking,Cancelled,0
105065,2022-02-07,CUST2172,Rakesh Singh,Camera,Electronics,East,Guwahati,3,35774.64,107323.92,20,21464.78,85859.14,Net Banking,Shipped,0
105066,2023-04-05,CUST4679,Rohan Gupta,Watch,Fashion,West,Pune,3,18584.4,55753.2,25,13938.3,41814.9,Cash on Delivery,Returned,1
105067,2023-02-06,CUST1224,Meera Reddy,T-Shirt,Fashion,South,Bengaluru,4,1374.94,5499.76,15,824.96,4674.8,Cash on Delivery,Cancelled,0
105068,2023-03-27,CUST4816,Vihaan Kumar,Keyboard,Electronics,South,Bengaluru,1,1976.71,1976.71,5,98.84,1877.87,Debit Card,Delivered,0
105069,2024-10-18,CUST3314,Neha Chopra,Watch,Fashion,South,Bengaluru,4,7639.44,30557.76,20,6111.55,24446.21,Net Banking,Shipped,0
105070,2022-10-21,CUST1963,Suresh Kapoor,Watch,Fashion,South,Chennai,3,16483.02,49449.06,0,0.0,49449.06,UPI,Returned,1
105071,2023-07-21,CUST3301,Kavya Pillai,Watch,Fashion,West,Surat,1,14955.29,14955.29,15,2243.29,12712.0,UPI,Shipped,0
105072,2023-06-12,CUST2964,Anika Agarwal,Mouse,Electronics,West,Mumbai,4,1494.25,5977.0,20,1195.4,4781.6,Net Banking,Shipped,0
105073,2023-07-16,CUST1491,Riya Patel,Backpack,Accessories,South,Kochi,3,3382.65,10147.95,15,1522.19,8625.76,Credit Card,Delivered,0
105074,2024-07-29,CUST4016,Krishna Sharma,T-Shirt,Fashion,South,Bengaluru,1,730.95,730.95,5,36.55,694.4,Debit Card,Delivered,0
105075,2022-02-03,CUST3624,Arjun Singh,Camera,Electronics,West,Mumbai,2,20422.86,40845.72,10,4084.57,36761.15,Debit Card,Cancelled,0
105076,2022-12-11,CUST1988,Aadhya Kumar,Shoes,Fashion,West,Pune,2,5975.42,11950.84,10,1195.08,10755.76,Cash on Delivery,Returned,1
105077,2024-05-05,CUST4101,Myra Pillai,Camera,Electronics,West,Ahmedabad,1,17711.53,17711.53,10,1771.15,15940.38,Debit Card,Returned,1
105078,2023-07-18,CUST2443,Kavya Sharma,Mobile,Electronics,West,Surat,1,44700.77,44700.77,0,0.0,44700.77,Net Banking,Delivered,0
105079,2022-05-05,CUST4245,Meera Agarwal,Keyboard,Electronics,East,Patna,5,4174.16,20870.8,5,1043.54,19827.26,UPI,Delivered,0
105080,2024-03-31,CUST3515,Rakesh Singh,T-Shirt,Fashion,North,Chandigarh,4,1213.42,4853.68,10,485.37,4368.31,UPI,Returned,1
105081,2022-01-05,CUST4727,Suresh Bhat,Headphones,Electronics,South,Kochi,2,2189.85,4379.7,15,656.96,3722.74,Credit Card,Shipped,0
105082,2022-08-28,CUST4406,Priya Kapoor,Camera,Electronics,North,Delhi,1,34285.35,34285.35,15,5142.8,29142.55,Net Banking,Shipped,0
105083,2022-04-08,CUST1761,Reyansh Singh,Headphones,Electronics,East,Bhubaneswar,2,2601.03,5202.06,10,520.21,4681.85,UPI,Returned,1
105084,2023-06-13,CUST4578,Rahul Joshi,Mobile,Electronics,North,Delhi,3,27701.52,83104.56,15,12465.68,70638.88,Debit Card,Delivered,0
105085,2024-06-27,CUST3904,Sara Desai,Mobile,Electronics,North,Jaipur,3,31971.02,95913.06,5,4795.65,91117.41,UPI,Cancelled,0
105086,2022-06-05,CUST1097,Myra Joshi,Watch,Fashion,West,Ahmedabad,1,11623.84,11623.84,15,1743.58,9880.26,UPI,Cancelled,0
105087,2024-02-09,CUST2934,Vihaan Reddy,Mouse,Electronics,West,Surat,2,1995.56,3991.12,15,598.67,3392.45,Debit Card,Cancelled,0
105088,2023-02-23,CUST3230,Suresh Sharma,Mouse,Electronics,East,Bhubaneswar,1,1126.84,1126.84,20,225.37,901.47,Debit Card,Delivered,0
105089,2022-06-18,CUST1889,Sai Agarwal,Shoes,Fashion,South,Kochi,3,4260.61,12781.83,5,639.09,12142.74,Cash on Delivery,Shipped,0
105090,2023-10-27,CUST3489,Sanjay Gupta,Mobile,Electronics,West,Mumbai,2,47738.74,95477.48,0,0.0,95477.48,UPI,Shipped,0
105091,2024-09-24,CUST4266,Amit Singh,Keyboard,Electronics,North,Chandigarh,1,4370.48,4370.48,10,437.05,3933.43,Credit Card,Delivered,0
105092,2022-09-29,CUST2086,Vivaan Verma,T-Shirt,Fashion,North,Jaipur,1,1647.16,1647.16,20,329.43,1317.73,Credit Card,Cancelled,0
105093,2024-03-24,CUST2765,Amit Rao,Keyboard,Electronics,North,Delhi,2,2501.33,5002.66,15,750.4,4252.26,Debit Card,Delivered,0
105094,2023-03-19,CUST2434,Vikram Desai,Shoes,Fashion,South,Bengaluru,1,1446.13,1446.13,5,72.31,1373.82,Credit Card,Shipped,0
105095,2023-09-13,CUST3920,Pooja Gupta,Camera,Electronics,North,Chandigarh,4,42288.79,169155.16,25,42288.79,126866.37,Credit Card,Returned,1
105096,2023-10-31,CUST1628,Aditya Yadav,Watch,Fashion,East,Guwahati,3,21623.66,64870.98,25,16217.75,48653.23,Net Banking,Delivered,0
105097,2023-06-22,CUST4834,Vivaan Chopra,Backpack,Accessories,South,Hyderabad,5,2923.42,14617.1,10,1461.71,13155.39,Net Banking,Delivered,0
105098,2022-07-23,CUST2489,Vivaan Pillai,Mouse,Electronics,South,Hyderabad,3,2309.4,6928.2,20,1385.64,5542.56,Credit Card,Shipped,0
105099,2023-10-20,CUST4724,Vivaan Kumar,Headphones,Electronics,South,Kochi,1,7018.88,7018.88,20,1403.78,5615.1,UPI,Cancelled,0
105100,2022-12-12,CUST4605,Diya Nair,Headphones,Electronics,South,Chennai,4,6644.68,26578.72,15,3986.81,22591.91,Debit Card,Cancelled,0
105101,2023-10-12,CUST2352,Anika Kumar,Laptop,Electronics,East,Patna,5,88141.7,440708.5,5,22035.42,418673.08,Cash on Delivery,Delivered,0
105102,2024-12-01,CUST1044,Reyansh Malhotra,Laptop,Electronics,West,Surat,5,47623.41,238117.05,15,35717.56,202399.49,UPI,Returned,1
105103,2024-09-15,CUST1053,Meera Joshi,Shoes,Fashion,South,Bengaluru,2,3943.45,7886.9,10,788.69,7098.21,Debit Card,Delivered,0
105104,2022-08-17,CUST2123,Aadhya Agarwal,Watch,Fashion,East,Kolkata,2,12308.53,24617.06,0,0.0,24617.06,Net Banking,Cancelled,0
105105,2023-01-09,CUST4739,Meera Patel,T-Shirt,Fashion,North,Chandigarh,1,1269.91,1269.91,15,190.49,1079.42,Credit Card,Shipped,0
105106,2022-05-26,CUST3337,Rahul Nair,Watch,Fashion,South,Hyderabad,1,20924.52,20924.52,15,3138.68,17785.84,Credit Card,Returned,1
105107,2023-04-25,CUST1335,Diya Patel,Headphones,Electronics,West,Pune,4,5934.47,23737.88,0,0.0,23737.88,Debit Card,Shipped,0
105108,2023-06-03,CUST2943,Isha Verma,Shoes,Fashion,West,Surat,1,4381.22,4381.22,25,1095.31,3285.91,Cash on Delivery,Delivered,0
105109,2022-06-14,CUST2728,Myra Singh,Backpack,Accessories,East,Patna,1,2742.3,2742.3,0,0.0,2742.3,Credit Card,Returned,1
105110,2022-06-06,CUST2830,Sanjay Nair,Camera,Electronics,West,Mumbai,2,47956.98,95913.96,5,4795.7,91118.26,Debit Card,Cancelled,0
105111,2024-09-23,CUST3071,Diya Mehta,Watch,Fashion,West,Mumbai,4,11239.68,44958.72,0,0.0,44958.72,Net Banking,Returned,1
105112,2024-05-22,CUST3109,Neha Rao,Mobile,Electronics,North,Chandigarh,3,62999.75,188999.25,25,47249.81,141749.44,Net Banking,Cancelled,0
105113,2023-08-09,CUST3888,Rahul Joshi,Backpack,Accessories,East,Patna,1,2521.05,2521.05,25,630.26,1890.79,Net Banking,Returned,1
105114,2024-08-02,CUST4783,Rohan Desai,Shoes,Fashion,North,Lucknow,1,4486.52,4486.52,25,1121.63,3364.89,Credit Card,Delivered,0
105115,2024-11-05,CUST2278,Amit Reddy,Shoes,Fashion,North,Delhi,2,4471.26,8942.52,5,447.13,8495.39,Credit Card,Returned,1
105116,2024-01-18,CUST4989,Rohan Patel,T-Shirt,Fashion,West,Surat,1,1718.94,1718.94,5,85.95,1632.99,Debit Card,Cancelled,0
105117,2023-12-07,CUST1662,Priya Agarwal,Camera,Electronics,East,Patna,2,21013.43,42026.86,10,4202.69,37824.17,Cash on Delivery,Cancelled,0
105118,2022-04-03,CUST2043,Anika Mehta,Mouse,Electronics,South,Bengaluru,2,2108.89,4217.78,0,0.0,4217.78,Net Banking,Shipped,0
105119,2024-04-02,CUST3310,Rahul Joshi,Mouse,Electronics,North,Delhi,2,1975.72,3951.44,5,197.57,3753.87,UPI,Shipped,0
105120,2023-02-17,CUST1928,Pooja Iyer,Keyboard,Electronics,West,Pune,2,1815.78,3631.56,20,726.31,2905.25,Debit Card,Delivered,0
105121,2022-12-04,CUST4052,Sara Singh,Camera,Electronics,North,Lucknow,3,29306.21,87918.63,5,4395.93,83522.7,Credit Card,Cancelled,0
105122,2022-06-29,CUST1087,Vivaan Malhotra,Backpack,Accessories,West,Surat,2,1940.3,3880.6,5,194.03,3686.57,Net Banking,Delivered,0
105123,2022-07-04,CUST1053,Myra Bhat,Backpack,Accessories,North,Delhi,1,1245.04,1245.04,20,249.01,996.03,UPI,Delivered,0
105124,2024-03-12,CUST3845,Arjun Desai,T-Shirt,Fashion,East,Guwahati,4,797.24,3188.96,15,478.34,2710.62,Net Banking,Cancelled,0
105125,2022-11-28,CUST4104,Diya Verma,Shoes,Fashion,West,Ahmedabad,1,5736.2,5736.2,15,860.43,4875.77,Credit Card,Cancelled,0
105126,2022-11-17,CUST4927,Aadhya Patel,Camera,Electronics,North,Delhi,2,23053.06,46106.12,5,2305.31,43800.81,Credit Card,Cancelled,0
105127,2023-01-24,CUST1101,Reyansh Kapoor,Watch,Fashion,South,Kochi,3,22811.55,68434.65,10,6843.47,61591.18,Credit Card,Shipped,0
105128,2023-08-25,CUST1080,Rohan Agarwal,Camera,Electronics,West,Mumbai,4,33976.33,135905.32,15,20385.8,115519.52,Cash on Delivery,Delivered,0
105129,2023-02-19,CUST4933,Vihaan Kumar,T-Shirt,Fashion,North,Chandigarh,1,519.77,519.77,15,77.97,441.8,Cash on Delivery,Delivered,0
105130,2024-09-30,CUST3614,Rohan Patel,Keyboard,Electronics,North,Jaipur,4,1405.04,5620.16,10,562.02,5058.14,UPI,Shipped,0
105131,2024-04-16,CUST3163,Neha Agarwal,Backpack,Accessories,West,Pune,2,1440.55,2881.1,0,0.0,2881.1,Credit Card,Returned,1
105132,2022-09-25,CUST2610,Myra Kapoor,Watch,Fashion,South,Chennai,3,12002.51,36007.53,20,7201.51,28806.02,Debit Card,Cancelled,0
105133,2024-01-07,CUST3685,Diya Chopra,Backpack,Accessories,North,Jaipur,3,3359.39,10078.17,15,1511.73,8566.44,UPI,Shipped,0
105134,2023-12-14,CUST1783,Arjun Mehta,Backpack,Accessories,North,Delhi,3,2742.82,8228.46,10,822.85,7405.61,Cash on Delivery,Shipped,0
105135,2024-09-26,CUST4242,Vivaan Mehta,Mobile,Electronics,East,Bhubaneswar,5,15802.6,79013.0,10,7901.3,71111.7,Credit Card,Delivered,0
105136,2022-05-25,CUST1153,Aarav Kumar,Watch,Fashion,West,Ahmedabad,2,16968.37,33936.74,10,3393.67,30543.07,Credit Card,Delivered,0
105137,2023-08-13,CUST1578,Arjun Patel,Keyboard,Electronics,South,Kochi,1,2308.16,2308.16,5,115.41,2192.75,UPI,Shipped,0
105138,2022-06-15,CUST3155,Vivaan Verma,Camera,Electronics,West,Mumbai,1,31289.96,31289.96,10,3129.0,28160.96,UPI,Delivered,0
105139,2024-11-25,CUST1748,Isha Kumar,Laptop,Electronics,South,Hyderabad,1,64499.27,64499.27,25,16124.82,48374.45,UPI,Cancelled,0
105140,2024-02-23,CUST3459,Aadhya Reddy,Headphones,Electronics,East,Patna,4,2839.12,11356.48,0,0.0,11356.48,Cash on Delivery,Shipped,0
105141,2023-05-30,CUST3646,Amit Kapoor,Headphones,Electronics,East,Guwahati,4,6815.19,27260.76,10,2726.08,24534.68,Cash on Delivery,Cancelled,0
105142,2023-11-15,CUST4590,Aditya Pillai,Shoes,Fashion,North,Lucknow,2,3836.98,7673.96,15,1151.09,6522.87,Debit Card,Cancelled,0
105143,2022-01-15,CUST2600,Amit Pillai,Mobile,Electronics,East,Kolkata,2,48133.08,96266.16,0,0.0,96266.16,Net Banking,Shipped,0
105144,2023-09-21,CUST1959,Reyansh Bhat,Headphones,Electronics,South,Chennai,4,3405.99,13623.96,5,681.2,12942.76,Debit Card,Delivered,0
105145,2023-03-03,CUST1863,Rohan Kapoor,Headphones,Electronics,East,Guwahati,4,1961.3,7845.2,0,0.0,7845.2,Cash on Delivery,Delivered,0
105146,2024-04-21,CUST2977,Ishaan Rao,Shoes,Fashion,North,Lucknow,4,2198.57,8794.28,0,0.0,8794.28,Credit Card,Cancelled,0
105147,2022-06-24,CUST3847,Anika Mehta,Mobile,Electronics,West,Mumbai,1,13551.93,13551.93,15,2032.79,11519.14,Credit Card,Returned,1
105148,2023-07-08,CUST1146,Reyansh Reddy,Headphones,Electronics,North,Chandigarh,1,1114.03,1114.03,20,222.81,891.22,Cash on Delivery,Delivered,0
105149,2024-04-17,CUST1224,Neha Sharma,Mobile,Electronics,East,Kolkata,4,56584.0,226336.0,20,45267.2,181068.8,Credit Card,Shipped,0
105150,2023-09-13,CUST2439,Arjun Singh,T-Shirt,Fashion,West,Surat,2,1317.08,2634.16,10,263.42,2370.74,Credit Card,Returned,1
105151,2023-08-24,CUST3381,Rohan Kumar,Headphones,Electronics,West,Surat,2,3332.01,6664.02,5,333.2,6330.82,UPI,Cancelled,0
105152,2024-04-15,CUST2278,Priya Pillai,Headphones,Electronics,South,Hyderabad,1,5141.62,5141.62,0,0.0,5141.62,Credit Card,Shipped,0
105153,2023-12-29,CUST3085,Sai Reddy,Watch,Fashion,South,Chennai,4,5319.47,21277.88,10,2127.79,19150.09,Cash on Delivery,Returned,1
105154,2024-07-23,CUST2840,Vikram Desai,Camera,Electronics,West,Surat,1,26509.86,26509.86,15,3976.48,22533.38,Debit Card,Returned,1
105155,2023-03-13,CUST4090,Isha Kumar,Watch,Fashion,North,Lucknow,1,8099.51,8099.51,5,404.98,7694.53,UPI,Returned,1
105156,2023-09-02,CUST2916,Suresh Desai,Keyboard,Electronics,West,Surat,2,1904.85,3809.7,5,190.49,3619.21,UPI,Shipped,0
105157,2024-06-01,CUST4783,Diya Joshi,Mouse,Electronics,North,Chandigarh,2,1479.88,2959.76,10,295.98,2663.78,UPI,Cancelled,0
105158,2022-02-28,CUST3918,Rahul Iyer,Mouse,Electronics,West,Mumbai,2,1700.91,3401.82,10,340.18,3061.64,UPI,Shipped,0
105159,2022-09-17,CUST4498,Riya Kapoor,Shoes,Fashion,East,Patna,5,6113.23,30566.15,20,6113.23,24452.92,Credit Card,Returned,1
105160,2022-06-10,CUST4881,Vihaan Chopra,Keyboard,Electronics,South,Kochi,2,2996.25,5992.5,10,599.25,5393.25,Cash on Delivery,Delivered,0
105161,2024-12-03,CUST4575,Isha Yadav,Mobile,Electronics,South,Bengaluru,1,84397.94,84397.94,20,16879.59,67518.35,Net Banking,Shipped,0
105162,2024-10-26,CUST3427,Myra Kumar,Mouse,Electronics,West,Mumbai,2,1461.06,2922.12,0,0.0,2922.12,UPI,Shipped,0
105163,2024-04-11,CUST1762,Sai Nair,Shoes,Fashion,West,Mumbai,3,5840.38,17521.14,10,1752.11,15769.03,Cash on Delivery,Delivered,0
105164,2024-09-13,CUST1043,Kavya Yadav,Backpack,Accessories,South,Hyderabad,3,3447.88,10343.64,15,1551.55,8792.09,UPI,Returned,1
105165,2022-05-18,CUST3909,Meera Joshi,Mobile,Electronics,North,Jaipur,4,78203.97,312815.88,20,62563.18,250252.7,Debit Card,Returned,1
105166,2024-08-28,CUST1516,Rakesh Iyer,Shoes,Fashion,North,Delhi,3,4630.35,13891.05,5,694.55,13196.5,Cash on Delivery,Shipped,0
105167,2023-02-20,CUST3083,Deepa Joshi,Mobile,Electronics,West,Ahmedabad,3,20347.33,61041.99,25,15260.5,45781.49,Debit Card,Cancelled,0
105168,2022-06-17,CUST4174,Myra Kumar,Watch,Fashion,South,Bengaluru,2,18165.27,36330.54,25,9082.64,27247.9,Debit Card,Cancelled,0
105169,2024-12-11,CUST4120,Neha Agarwal,Camera,Electronics,East,Patna,4,30804.07,123216.28,15,18482.44,104733.84,Cash on Delivery,Cancelled,0
105170,2023-10-17,CUST2481,Rohan Joshi,Shoes,Fashion,West,Mumbai,3,3671.64,11014.92,25,2753.73,8261.19,Debit Card,Delivered,0
105171,2024-10-20,CUST4371,Reyansh Nair,Watch,Fashion,North,Delhi,1,3463.85,3463.85,10,346.38,3117.47,UPI,Shipped,0
105172,2024-09-15,CUST4424,Vihaan Bhat,Camera,Electronics,North,Delhi,5,26132.0,130660.0,0,0.0,130660.0,UPI,Shipped,0
105173,2023-11-14,CUST4087,Vikram Iyer,Mouse,Electronics,East,Patna,1,1506.32,1506.32,0,0.0,1506.32,Cash on Delivery,Delivered,0
105174,2023-05-28,CUST3729,Pooja Chopra,Watch,Fashion,South,Bengaluru,4,20969.58,83878.32,15,12581.75,71296.57,UPI,Returned,1
105175,2022-01-12,CUST3269,Arjun Gupta,T-Shirt,Fashion,South,Hyderabad,1,541.63,541.63,10,54.16,487.47,UPI,Cancelled,0
105176,2023-08-05,CUST2437,Ishaan Nair,Backpack,Accessories,South,Kochi,4,1490.94,5963.76,5,298.19,5665.57,Net Banking,Shipped,0
105177,2022-01-16,CUST1787,Deepa Bhat,Camera,Electronics,East,Kolkata,2,34551.47,69102.94,15,10365.44,58737.5,Cash on Delivery,Returned,1
105178,2024-11-28,CUST2358,Ishaan Singh,Backpack,Accessories,South,Hyderabad,1,3118.94,3118.94,10,311.89,2807.05,Cash on Delivery,Returned,1
105179,2023-06-13,CUST1514,Riya Pillai,Shoes,Fashion,West,Ahmedabad,5,1937.67,9688.35,5,484.42,9203.93,Debit Card,Delivered,0
105180,2023-11-12,CUST2378,Deepa Iyer,Laptop,Electronics,West,Surat,2,117125.36,234250.72,20,46850.14,187400.58,Debit Card,Shipped,0
105181,2023-04-17,CUST3015,Sara Nair,Backpack,Accessories,North,Lucknow,2,2225.67,4451.34,15,667.7,3783.64,Net Banking,Shipped,0
105182,2022-10-15,CUST4230,Sai Singh,Camera,Electronics,North,Chandigarh,4,28579.97,114319.88,20,22863.98,91455.9,UPI,Returned,1
105183,2022-11-04,CUST1544,Reyansh Nair,Camera,Electronics,West,Pune,5,51301.34,256506.7,0,0.0,256506.7,Credit Card,Shipped,0
105184,2022-03-09,CUST1513,Rakesh Verma,Backpack,Accessories,North,Chandigarh,3,2471.94,7415.82,10,741.58,6674.24,Debit Card,Delivered,0
105185,2023-01-22,CUST3079,Kavya Mehta,Camera,Electronics,South,Kochi,1,22930.65,22930.65,10,2293.07,20637.58,Net Banking,Delivered,0
105186,2022-08-22,CUST3907,Priya Iyer,Mouse,Electronics,East,Patna,3,1632.66,4897.98,10,489.8,4408.18,Credit Card,Cancelled,0
105187,2023-01-24,CUST3381,Aadhya Mehta,Laptop,Electronics,South,Hyderabad,3,56048.52,168145.56,5,8407.28,159738.28,UPI,Delivered,0
105188,2022-08-11,CUST2638,Isha Rao,Laptop,Electronics,West,Pune,2,42543.0,85086.0,15,12762.9,72323.1,Net Banking,Returned,1
105189,2023-06-16,CUST2552,Pooja Gupta,Keyboard,Electronics,North,Jaipur,1,2548.59,2548.59,0,0.0,2548.59,Cash on Delivery,Shipped,0
105190,2022-08-22,CUST4620,Aditya Nair,T-Shirt,Fashion,North,Chandigarh,2,1446.45,2892.9,15,433.94,2458.96,Credit Card,Returned,1
105191,2023-01-07,CUST2976,Suresh Rao,Backpack,Accessories,West,Surat,2,1821.61,3643.22,10,364.32,3278.9,Credit Card,Shipped,0
105192,2023-06-18,CUST2692,Suresh Chopra,Laptop,Electronics,West,Mumbai,2,103289.64,206579.28,5,10328.96,196250.32,Debit Card,Delivered,0
105193,2024-12-25,CUST3887,Arjun Kumar,Headphones,Electronics,West,Pune,1,5600.31,5600.31,5,280.02,5320.29,Credit Card,Shipped,0
105194,2024-01-16,CUST1343,Amit Rao,Keyboard,Electronics,West,Ahmedabad,2,645.38,1290.76,10,129.08,1161.68,UPI,Delivered,0
105195,2024-02-27,CUST3085,Riya Reddy,Headphones,Electronics,South,Chennai,1,7433.19,7433.19,5,371.66,7061.53,Credit Card,Delivered,0
105196,2024-08-27,CUST3618,Reyansh Mehta,Watch,Fashion,North,Lucknow,4,3601.94,14407.76,5,720.39,13687.37,Net Banking,Shipped,0
105197,2023-06-25,CUST4189,Vikram Nair,Headphones,Electronics,East,Bhubaneswar,1,6081.56,6081.56,15,912.23,5169.33,Net Banking,Delivered,0
105198,2024-12-25,CUST2654,Aditya Gupta,Shoes,Fashion,South,Kochi,4,6034.31,24137.24,5,1206.86,22930.38,Cash on Delivery,Delivered,0
105199,2022-06-18,CUST3811,Sara Pillai,Watch,Fashion,North,Delhi,3,24646.97,73940.91,10,7394.09,66546.82,Net Banking,Delivered,0
105200,2022-02-12,CUST1316,Diya Nair,Backpack,Accessories,East,Patna,1,2514.42,2514.42,15,377.16,2137.26,Credit Card,Cancelled,0
105201,2022-09-06,CUST4748,Deepa Gupta,Watch,Fashion,North,Jaipur,3,17818.78,53456.34,10,5345.63,48110.71,Credit Card,Returned,1
105202,2024-01-03,CUST4418,Aditya Singh,Shoes,Fashion,South,Kochi,1,1633.8,1633.8,20,326.76,1307.04,Credit Card,Shipped,0
105203,2022-03-03,CUST1202,Anika Gupta,Headphones,Electronics,South,Hyderabad,4,6895.85,27583.4,10,2758.34,24825.06,Debit Card,Returned,1
105204,2023-09-30,CUST4804,Rahul Malhotra,Keyboard,Electronics,South,Hyderabad,1,849.29,849.29,10,84.93,764.36,Cash on Delivery,Shipped,0
105205,2024-01-05,CUST3354,Ishaan Malhotra,Headphones,Electronics,North,Delhi,4,1667.73,6670.92,20,1334.18,5336.74,Debit Card,Returned,1
105206,2022-01-17,CUST2791,Anika Rao,Shoes,Fashion,West,Surat,4,2176.64,8706.56,15,1305.98,7400.58,Cash on Delivery,Delivered,0
105207,2024-07-08,CUST4983,Meera Sharma,Shoes,Fashion,West,Ahmedabad,5,5234.58,26172.9,15,3925.93,22246.97,Credit Card,Cancelled,0
105208,2024-01-08,CUST2146,Riya Kapoor,Keyboard,Electronics,South,Bengaluru,4,2049.42,8197.68,0,0.0,8197.68,Net Banking,Shipped,0
105209,2024-11-27,CUST1310,Neha Joshi,T-Shirt,Fashion,South,Kochi,2,1253.34,2506.68,0,0.0,2506.68,UPI,Delivered,0
105210,2022-03-28,CUST1598,Neha Agarwal,Headphones,Electronics,North,Lucknow,1,3532.97,3532.97,10,353.3,3179.67,Debit Card,Returned,1
105211,2022-08-16,CUST4257,Krishna Kapoor,Shoes,Fashion,North,Jaipur,1,2414.03,2414.03,25,603.51,1810.52,Debit Card,Delivered,0
105212,2024-10-15,CUST4753,Pooja Chopra,T-Shirt,Fashion,South,Hyderabad,2,1648.28,3296.56,10,329.66,2966.9,Net Banking,Delivered,0
105213,2024-02-08,CUST2145,Riya Yadav,Laptop,Electronics,South,Bengaluru,3,39481.28,118443.84,10,11844.38,106599.46,UPI,Shipped,0
105214,2024-04-27,CUST3157,Myra Pillai,T-Shirt,Fashion,North,Jaipur,2,414.01,828.02,10,82.8,745.22,UPI,Delivered,0
105215,2022-03-26,CUST4818,Krishna Agarwal,Watch,Fashion,South,Chennai,2,11922.33,23844.66,5,1192.23,22652.43,Debit Card,Returned,1
105216,2024-03-24,CUST3954,Vihaan Chopra,Camera,Electronics,West,Pune,1,44261.03,44261.03,5,2213.05,42047.98,Net Banking,Cancelled,0
105217,2024-12-31,CUST4016,Reyansh Pillai,Shoes,Fashion,West,Ahmedabad,5,5757.53,28787.65,20,5757.53,23030.12,Debit Card,Cancelled,0
105218,2022-02-13,CUST4915,Myra Joshi,T-Shirt,Fashion,North,Lucknow,2,1027.6,2055.2,10,205.52,1849.68,Credit Card,Returned,1
105219,2024-06-08,CUST3827,Isha Iyer,Mouse,Electronics,West,Pune,1,2140.82,2140.82,5,107.04,2033.78,Credit Card,Delivered,0
105220,2022-10-20,CUST4623,Rakesh Kumar,Mouse,Electronics,East,Bhubaneswar,2,2445.77,4891.54,10,489.15,4402.39,Cash on Delivery,Shipped,0
105221,2023-01-16,CUST2237,Vikram Sharma,Headphones,Electronics,North,Delhi,5,7770.09,38850.45,5,1942.52,36907.93,Cash on Delivery,Shipped,0
105222,2023-11-18,CUST4414,Sanjay Pillai,T-Shirt,Fashion,South,Chennai,2,416.63,833.26,15,124.99,708.27,Debit Card,Shipped,0
105223,2022-06-15,CUST1531,Sai Yadav,Watch,Fashion,West,Pune,3,16189.29,48567.87,15,7285.18,41282.69,Credit Card,Returned,1
105224,2023-08-09,CUST4614,Ananya Desai,Watch,Fashion,West,Pune,3,22334.28,67002.84,0,0.0,67002.84,Debit Card,Delivered,0
105225,2022-06-10,CUST1925,Suresh Patel,Laptop,Electronics,East,Patna,1,96548.28,96548.28,10,9654.83,86893.45,Credit Card,Returned,1
105226,2022-10-30,CUST3297,Sanjay Rao,Watch,Fashion,North,Lucknow,1,24595.15,24595.15,10,2459.51,22135.64,Credit Card,Returned,1
105227,2023-04-27,CUST4070,Suresh Rao,Keyboard,Electronics,North,Delhi,3,3357.03,10071.09,5,503.55,9567.54,Debit Card,Returned,1
105228,2024-04-27,CUST2181,Aditya Yadav,Shoes,Fashion,East,Bhubaneswar,5,3165.68,15828.4,5,791.42,15036.98,Cash on Delivery,Delivered,0
105229,2022-06-03,CUST3864,Aarav Agarwal,Mobile,Electronics,West,Surat,1,63239.01,63239.01,5,3161.95,60077.06,Cash on Delivery,Delivered,0
105230,2022-05-11,CUST3008,Pooja Yadav,Watch,Fashion,East,Bhubaneswar,4,22471.56,89886.24,10,8988.62,80897.62,Debit Card,Cancelled,0
105231,2022-03-21,CUST3454,Amit Bhat,T-Shirt,Fashion,East,Patna,3,1107.8,3323.4,10,332.34,2991.06,Debit Card,Shipped,0
105232,2024-10-16,CUST3125,Rohan Pillai,T-Shirt,Fashion,East,Kolkata,2,683.03,1366.06,15,204.91,1161.15,Debit Card,Returned,1
105233,2023-02-21,CUST2025,Rohan Nair,Keyboard,Electronics,West,Mumbai,3,3544.53,10633.59,5,531.68,10101.91,Cash on Delivery,Delivered,0
105234,2024-10-23,CUST2076,Ananya Bhat,Headphones,Electronics,South,Kochi,1,2720.36,2720.36,15,408.05,2312.31,Cash on Delivery,Cancelled,0
105235,2022-05-15,CUST4738,Diya Pillai,Shoes,Fashion,East,Kolkata,1,4169.04,4169.04,10,416.9,3752.14,Debit Card,Shipped,0
105236,2022-12-25,CUST4970,Suresh Iyer,Camera,Electronics,East,Kolkata,1,40649.4,40649.4,15,6097.41,34551.99,UPI,Returned,1
105237,2022-04-05,CUST3813,Ananya Yadav,Laptop,Electronics,West,Mumbai,3,108531.44,325594.32,25,81398.58,244195.74,Credit Card,Shipped,0
105238,2022-05-16,CUST4249,Anika Pillai,Mouse,Electronics,North,Delhi,5,1977.68,9888.4,10,988.84,8899.56,Net Banking,Delivered,0
105239,2023-01-18,CUST1513,Riya Rao,Shoes,Fashion,West,Surat,1,3526.56,3526.56,10,352.66,3173.9,Net Banking,Delivered,0
105240,2023-09-25,CUST3958,Aditya Verma,Backpack,Accessories,South,Kochi,2,2831.67,5663.34,15,849.5,4813.84,Cash on Delivery,Cancelled,0
105241,2022-07-18,CUST2693,Vihaan Desai,Backpack,Accessories,South,Chennai,2,2562.31,5124.62,5,256.23,4868.39,Cash on Delivery,Delivered,0
105242,2022-03-28,CUST4725,Rohan Yadav,T-Shirt,Fashion,North,Jaipur,4,813.98,3255.92,5,162.8,3093.12,Net Banking,Delivered,0
105243,2023-11-16,CUST2944,Amit Patel,Mouse,Electronics,West,Ahmedabad,1,1540.59,1540.59,10,154.06,1386.53,Cash on Delivery,Delivered,0
105244,2024-06-20,CUST4366,Anika Bhat,Backpack,Accessories,West,Pune,4,2947.31,11789.24,10,1178.92,10610.32,Cash on Delivery,Cancelled,0
105245,2023-08-29,CUST1945,Vihaan Iyer,Shoes,Fashion,South,Chennai,2,1801.96,3603.92,20,720.78,2883.14,Net Banking,Cancelled,0
105246,2024-09-03,CUST1581,Aarav Sharma,Keyboard,Electronics,South,Bengaluru,4,3233.31,12933.24,0,0.0,12933.24,Debit Card,Delivered,0
105247,2024-08-17,CUST4037,Rohan Patel,Keyboard,Electronics,West,Ahmedabad,2,1293.23,2586.46,20,517.29,2069.17,Cash on Delivery,Delivered,0
105248,2024-11-05,CUST2080,Isha Verma,Mobile,Electronics,South,Bengaluru,4,85040.48,340161.92,20,68032.38,272129.54,Net Banking,Shipped,0
105249,2022-08-18,CUST3344,Neha Kapoor,Camera,Electronics,South,Hyderabad,1,48568.98,48568.98,5,2428.45,46140.53,Credit Card,Returned,1
105250,2023-04-22,CUST1231,Reyansh Iyer,Headphones,Electronics,West,Ahmedabad,3,4058.8,12176.4,5,608.82,11567.58,UPI,Returned,1
105251,2022-06-16,CUST2475,Sara Gupta,Laptop,Electronics,West,Pune,5,38748.18,193740.9,15,29061.13,164679.77,Credit Card,Returned,1
105252,2022-03-10,CUST4292,Pooja Yadav,T-Shirt,Fashion,West,Pune,2,1589.22,3178.44,10,317.84,2860.6,Net Banking,Shipped,0
105253,2023-02-06,CUST1275,Krishna Reddy,Watch,Fashion,South,Bengaluru,5,16782.35,83911.75,15,12586.76,71324.99,Debit Card,Delivered,0
105254,2023-11-30,CUST4504,Deepa Verma,Headphones,Electronics,West,Pune,3,3543.4,10630.2,20,2126.04,8504.16,Credit Card,Delivered,0
105255,2022-11-10,CUST2513,Myra Yadav,Headphones,Electronics,West,Mumbai,3,929.88,2789.64,5,139.48,2650.16,Credit Card,Returned,1
105256,2024-01-28,CUST1407,Vikram Yadav,Camera,Electronics,North,Lucknow,5,44721.24,223606.2,10,22360.62,201245.58,Cash on Delivery,Returned,1
105257,2024-11-03,CUST2124,Suresh Iyer,Laptop,Electronics,South,Chennai,1,97064.25,97064.25,0,0.0,97064.25,UPI,Returned,1
105258,2022-03-05,CUST4176,Anika Iyer,Backpack,Accessories,North,Chandigarh,4,3043.62,12174.48,15,1826.17,10348.31,Cash on Delivery,Shipped,0
105259,2022-12-25,CUST2472,Vihaan Chopra,Camera,Electronics,West,Surat,4,27359.99,109439.96,15,16415.99,93023.97,Net Banking,Delivered,0
105260,2024-10-09,CUST4347,Ananya Kumar,Keyboard,Electronics,East,Bhubaneswar,4,3644.61,14578.44,20,2915.69,11662.75,Credit Card,Shipped,0
105261,2023-10-03,CUST3023,Riya Reddy,T-Shirt,Fashion,South,Chennai,5,579.92,2899.6,25,724.9,2174.7,Cash on Delivery,Shipped,0
105262,2024-08-26,CUST1052,Pooja Nair,Mobile,Electronics,West,Mumbai,2,36836.28,73672.56,15,11050.88,62621.68,Debit Card,Shipped,0
105263,2023-04-14,CUST3573,Diya Patel,T-Shirt,Fashion,East,Patna,5,1057.99,5289.95,15,793.49,4496.46,Credit Card,Cancelled,0
105264,2023-09-10,CUST4570,Riya Kumar,T-Shirt,Fashion,West,Mumbai,3,582.13,1746.39,10,174.64,1571.75,Debit Card,Shipped,0
105265,2024-10-02,CUST4809,Myra Malhotra,T-Shirt,Fashion,East,Patna,1,1396.83,1396.83,25,349.21,1047.62,Credit Card,Cancelled,0
105266,2022-11-05,CUST2510,Aarav Chopra,Headphones,Electronics,South,Kochi,3,6843.42,20530.26,15,3079.54,17450.72,Debit Card,Returned,1
105267,2023-01-22,CUST1045,Pooja Iyer,Camera,Electronics,West,Ahmedabad,3,33612.19,100836.57,15,15125.49,85711.08,Credit Card,Cancelled,0
105268,2024-03-07,CUST2198,Sara Desai,Laptop,Electronics,North,Jaipur,3,65741.67,197225.01,10,19722.5,177502.51,Net Banking,Cancelled,0
105269,2022-02-13,CUST1207,Krishna Sharma,Laptop,Electronics,North,Chandigarh,5,52532.91,262664.55,25,65666.14,196998.41,Cash on Delivery,Shipped,0
105270,2023-12-07,CUST2917,Diya Malhotra,T-Shirt,Fashion,North,Delhi,1,481.67,481.67,0,0.0,481.67,Credit Card,Shipped,0
105271,2023-08-13,CUST2366,Krishna Verma,T-Shirt,Fashion,West,Pune,1,953.66,953.66,5,47.68,905.98,Net Banking,Delivered,0
105272,2022-02-13,CUST1605,Rakesh Kapoor,Keyboard,Electronics,South,Hyderabad,5,3036.79,15183.95,10,1518.39,13665.56,Credit Card,Cancelled,0
105273,2023-11-01,CUST3192,Amit Kapoor,Keyboard,Electronics,South,Bengaluru,5,820.73,4103.65,25,1025.91,3077.74,Cash on Delivery,Returned,1
105274,2022-10-19,CUST2780,Anika Joshi,Backpack,Accessories,South,Chennai,5,1480.69,7403.45,10,740.35,6663.1,Credit Card,Delivered,0
105275,2022-04-18,CUST1816,Reyansh Singh,T-Shirt,Fashion,West,Pune,4,1266.07,5064.28,20,1012.86,4051.42,Net Banking,Delivered,0
105276,2022-10-15,CUST1116,Aadhya Joshi,T-Shirt,Fashion,North,Lucknow,4,1048.11,4192.44,5,209.62,3982.82,Credit Card,Shipped,0
105277,2022-12-05,CUST1494,Krishna Iyer,Headphones,Electronics,South,Hyderabad,2,5243.03,10486.06,5,524.3,9961.76,Net Banking,Cancelled,0
105278,2022-07-10,CUST3700,Ishaan Iyer,Backpack,Accessories,South,Hyderabad,3,2857.78,8573.34,15,1286.0,7287.34,Credit Card,Returned,1
105279,2022-04-05,CUST2061,Riya Malhotra,T-Shirt,Fashion,South,Chennai,2,1057.71,2115.42,15,317.31,1798.11,Credit Card,Cancelled,0
105280,2022-10-23,CUST2664,Rohan Verma,Laptop,Electronics,South,Bengaluru,2,115307.61,230615.22,15,34592.28,196022.94,Cash on Delivery,Returned,1
105281,2023-05-22,CUST1691,Aadhya Verma,Headphones,Electronics,West,Ahmedabad,5,1483.53,7417.65,5,370.88,7046.77,Credit Card,Delivered,0
105282,2023-12-25,CUST3720,Myra Pillai,Mobile,Electronics,South,Kochi,1,60059.17,60059.17,0,0.0,60059.17,Credit Card,Shipped,0
105283,2023-01-22,CUST2696,Meera Rao,Camera,Electronics,West,Mumbai,3,51609.65,154828.95,10,15482.9,139346.05,Debit Card,Returned,1
105284,2023-01-05,CUST2139,Sanjay Pillai,Mobile,Electronics,North,Jaipur,3,60747.02,182241.06,0,0.0,182241.06,Cash on Delivery,Delivered,0
105285,2024-01-31,CUST2758,Aarav Desai,Mobile,Electronics,East,Patna,2,37266.88,74533.76,20,14906.75,59627.01,Net Banking,Shipped,0
105286,2023-04-18,CUST1740,Aadhya Gupta,Keyboard,Electronics,West,Surat,4,3691.89,14767.56,10,1476.76,13290.8,Debit Card,Delivered,0
105287,2024-12-22,CUST2053,Reyansh Sharma,Camera,Electronics,South,Chennai,1,17401.83,17401.83,20,3480.37,13921.46,Net Banking,Cancelled,0
105288,2023-10-17,CUST2954,Aadhya Joshi,Headphones,Electronics,West,Surat,1,2526.03,2526.03,0,0.0,2526.03,UPI,Delivered,0
105289,2022-02-02,CUST2220,Sara Iyer,Laptop,Electronics,East,Bhubaneswar,2,76692.58,153385.16,5,7669.26,145715.9,Debit Card,Shipped,0
105290,2024-03-12,CUST4297,Ishaan Desai,Backpack,Accessories,North,Chandigarh,4,2995.18,11980.72,15,1797.11,10183.61,Net Banking,Shipped,0
105291,2022-08-04,CUST2192,Pooja Mehta,Watch,Fashion,West,Ahmedabad,1,18115.22,18115.22,20,3623.04,14492.18,UPI,Shipped,0
105292,2022-11-20,CUST4008,Suresh Rao,Headphones,Electronics,East,Guwahati,1,3778.46,3778.46,20,755.69,3022.77,Net Banking,Returned,1
105293,2022-10-19,CUST3659,Vihaan Pillai,Shoes,Fashion,North,Lucknow,2,4166.15,8332.3,10,833.23,7499.07,UPI,Shipped,0
105294,2023-07-28,CUST4653,Ananya Iyer,Shoes,Fashion,West,Ahmedabad,4,2571.46,10285.84,10,1028.58,9257.26,Debit Card,Shipped,0
105295,2024-06-10,CUST2633,Arjun Pillai,Keyboard,Electronics,West,Surat,3,2049.24,6147.72,15,922.16,5225.56,UPI,Returned,1
105296,2022-03-21,CUST3173,Myra Malhotra,Headphones,Electronics,West,Ahmedabad,1,3747.63,3747.63,20,749.53,2998.1,UPI,Shipped,0
105297,2024-10-01,CUST3721,Sanjay Reddy,Headphones,Electronics,North,Lucknow,3,6731.33,20193.99,10,2019.4,18174.59,Cash on Delivery,Delivered,0
105298,2022-07-31,CUST1581,Pooja Agarwal,Mobile,Electronics,West,Pune,3,15014.53,45043.59,10,4504.36,40539.23,UPI,Returned,1
105299,2024-08-04,CUST2229,Reyansh Joshi,Mouse,Electronics,East,Guwahati,2,1022.39,2044.78,15,306.72,1738.06,Cash on Delivery,Delivered,0
105300,2022-12-02,CUST4493,Riya Iyer,Mouse,Electronics,South,Bengaluru,1,947.15,947.15,15,142.07,805.08,Credit Card,Delivered,0
105301,2024-06-30,CUST3332,Riya Kumar,Mouse,Electronics,West,Mumbai,2,1205.48,2410.96,5,120.55,2290.41,Net Banking,Cancelled,0
105302,2024-05-25,CUST2536,Krishna Yadav,Mouse,Electronics,South,Kochi,1,2074.57,2074.57,10,207.46,1867.11,UPI,Delivered,0
105303,2022-01-23,CUST3667,Ishaan Sharma,Mouse,Electronics,North,Jaipur,1,825.1,825.1,0,0.0,825.1,UPI,Delivered,0
105304,2024-07-29,CUST4251,Ananya Kumar,T-Shirt,Fashion,South,Chennai,5,685.58,3427.9,10,342.79,3085.11,Cash on Delivery,Shipped,0
105305,2024-09-16,CUST3689,Deepa Malhotra,T-Shirt,Fashion,East,Kolkata,4,1645.07,6580.28,10,658.03,5922.25,Cash on Delivery,Cancelled,0
105306,2023-06-19,CUST3262,Vivaan Singh,T-Shirt,Fashion,East,Guwahati,1,1098.91,1098.91,10,109.89,989.02,Cash on Delivery,Delivered,0
105307,2024-03-05,CUST4983,Kavya Patel,Backpack,Accessories,North,Delhi,1,3283.34,3283.34,5,164.17,3119.17,Credit Card,Delivered,0
105308,2024-04-06,CUST4335,Diya Desai,Mouse,Electronics,South,Kochi,3,1090.69,3272.07,10,327.21,2944.86,UPI,Cancelled,0
105309,2024-12-05,CUST3550,Ishaan Sharma,Backpack,Accessories,South,Chennai,2,2418.83,4837.66,5,241.88,4595.78,Net Banking,Shipped,0
105310,2024-01-19,CUST4995,Myra Pillai,Watch,Fashion,East,Bhubaneswar,4,22384.38,89537.52,0,0.0,89537.52,UPI,Returned,1
105311,2024-07-24,CUST2228,Aarav Mehta,Laptop,Electronics,North,Lucknow,4,83269.5,333078.0,25,83269.5,249808.5,Cash on Delivery,Returned,1
105312,2024-04-25,CUST4368,Myra Yadav,Shoes,Fashion,North,Lucknow,2,5649.31,11298.62,10,1129.86,10168.76,Credit Card,Cancelled,0
105313,2022-03-31,CUST4603,Aadhya Iyer,Laptop,Electronics,West,Mumbai,2,106479.59,212959.18,0,0.0,212959.18,UPI,Delivered,0
105314,2024-02-24,CUST1214,Amit Verma,Camera,Electronics,East,Kolkata,1,18167.53,18167.53,10,1816.75,16350.78,UPI,Delivered,0
105315,2023-03-21,CUST1559,Sara Singh,Headphones,Electronics,North,Delhi,3,2599.75,7799.25,15,1169.89,6629.36,Credit Card,Cancelled,0
105316,2024-04-02,CUST1605,Sai Gupta,Keyboard,Electronics,South,Chennai,1,2909.69,2909.69,0,0.0,2909.69,Credit Card,Cancelled,0
105317,2023-01-23,CUST2365,Riya Agarwal,Backpack,Accessories,North,Jaipur,5,2687.43,13437.15,0,0.0,13437.15,Credit Card,Shipped,0
105318,2023-03-28,CUST4473,Kavya Joshi,Laptop,Electronics,South,Hyderabad,3,43290.79,129872.37,15,19480.86,110391.51,Credit Card,Delivered,0
105319,2024-09-14,CUST1625,Diya Desai,Watch,Fashion,West,Mumbai,4,16781.05,67124.2,5,3356.21,63767.99,Debit Card,Delivered,0
105320,2023-09-06,CUST3089,Krishna Singh,Backpack,Accessories,West,Pune,3,1428.46,4285.38,15,642.81,3642.57,Cash on Delivery,Delivered,0
105321,2022-08-21,CUST1526,Anika Malhotra,T-Shirt,Fashion,West,Ahmedabad,2,1219.58,2439.16,10,243.92,2195.24,Cash on Delivery,Delivered,0
105322,2022-08-03,CUST2039,Krishna Rao,Keyboard,Electronics,West,Surat,1,1531.41,1531.41,10,153.14,1378.27,UPI,Shipped,0
105323,2023-10-06,CUST1775,Anika Sharma,Mouse,Electronics,South,Bengaluru,4,1146.99,4587.96,10,458.8,4129.16,Net Banking,Delivered,0
105324,2024-10-20,CUST3944,Ananya Patel,Watch,Fashion,North,Chandigarh,4,12717.9,50871.6,15,7630.74,43240.86,Credit Card,Shipped,0
105325,2022-04-21,CUST4047,Krishna Malhotra,T-Shirt,Fashion,East,Patna,1,1452.95,1452.95,25,363.24,1089.71,Net Banking,Delivered,0
105326,2022-07-05,CUST1675,Ishaan Reddy,Shoes,Fashion,East,Guwahati,1,6180.91,6180.91,0,0.0,6180.91,Cash on Delivery,Shipped,0
105327,2023-02-25,CUST4816,Priya Kumar,Mouse,Electronics,East,Patna,3,570.97,1712.91,0,0.0,1712.91,Credit Card,Returned,1
105328,2023-06-16,CUST3145,Anika Desai,Backpack,Accessories,North,Chandigarh,2,2062.84,4125.68,15,618.85,3506.83,Debit Card,Cancelled,0
105329,2023-08-02,CUST2289,Isha Pillai,Camera,Electronics,East,Patna,4,50889.78,203559.12,0,0.0,203559.12,Credit Card,Delivered,0
105330,2023-01-24,CUST1727,Deepa Patel,Shoes,Fashion,North,Jaipur,1,4417.19,4417.19,0,0.0,4417.19,UPI,Shipped,0
105331,2024-03-27,CUST2121,Vihaan Pillai,Laptop,Electronics,North,Delhi,3,73945.77,221837.31,25,55459.33,166377.98,Credit Card,Cancelled,0
105332,2023-07-09,CUST1639,Vihaan Pillai,Backpack,Accessories,North,Lucknow,3,1289.9,3869.7,5,193.49,3676.21,UPI,Returned,1
105333,2023-04-11,CUST2572,Sanjay Singh,Shoes,Fashion,North,Delhi,2,5584.3,11168.6,10,1116.86,10051.74,Credit Card,Shipped,0
105334,2022-09-27,CUST3065,Arjun Yadav,Keyboard,Electronics,East,Kolkata,5,3935.41,19677.05,25,4919.26,14757.79,Credit Card,Cancelled,0
105335,2023-10-22,CUST1887,Rakesh Verma,Keyboard,Electronics,North,Lucknow,1,3558.94,3558.94,5,177.95,3380.99,UPI,Shipped,0
105336,2024-07-25,CUST2372,Reyansh Nair,T-Shirt,Fashion,South,Bengaluru,2,1248.16,2496.32,5,124.82,2371.5,UPI,Shipped,0
105337,2023-11-19,CUST2571,Ananya Bhat,Camera,Electronics,North,Jaipur,4,39591.47,158365.88,15,23754.88,134611.0,Debit Card,Returned,1
105338,2024-05-20,CUST3190,Reyansh Joshi,Shoes,Fashion,East,Bhubaneswar,1,5963.31,5963.31,0,0.0,5963.31,Debit Card,Delivered,0
105339,2022-04-24,CUST3482,Suresh Rao,Shoes,Fashion,West,Ahmedabad,3,6369.97,19109.91,15,2866.49,16243.42,Debit Card,Returned,1
105340,2023-03-11,CUST4508,Aditya Agarwal,Mobile,Electronics,West,Pune,4,17538.13,70152.52,15,10522.88,59629.64,Net Banking,Returned,1
105341,2023-03-09,CUST1464,Ishaan Patel,Camera,Electronics,South,Kochi,2,37142.67,74285.34,5,3714.27,70571.07,UPI,Returned,1
105342,2023-06-04,CUST2639,Myra Yadav,Headphones,Electronics,East,Kolkata,1,2013.57,2013.57,5,100.68,1912.89,Credit Card,Returned,1
105343,2024-11-26,CUST3460,Vikram Mehta,Mobile,Electronics,East,Patna,1,37792.08,37792.08,20,7558.42,30233.66,Credit Card,Delivered,0
105344,2024-12-17,CUST3369,Anika Yadav,T-Shirt,Fashion,West,Mumbai,2,422.94,845.88,5,42.29,803.59,Net Banking,Delivered,0
105345,2022-03-13,CUST3441,Riya Chopra,Watch,Fashion,South,Hyderabad,4,21307.68,85230.72,10,8523.07,76707.65,Debit Card,Cancelled,0
105346,2022-01-02,CUST2904,Rakesh Desai,Laptop,Electronics,North,Lucknow,1,83082.75,83082.75,10,8308.27,74774.48,Cash on Delivery,Shipped,0
105347,2024-03-04,CUST2838,Rakesh Pillai,Shoes,Fashion,North,Delhi,2,1011.94,2023.88,25,505.97,1517.91,Debit Card,Shipped,0
105348,2022-10-23,CUST3408,Suresh Pillai,Backpack,Accessories,South,Kochi,3,2012.86,6038.58,10,603.86,5434.72,Cash on Delivery,Returned,1
105349,2024-11-08,CUST4156,Rakesh Nair,Camera,Electronics,West,Pune,2,51849.61,103699.22,0,0.0,103699.22,Credit Card,Returned,1
105350,2022-08-18,CUST2233,Aditya Mehta,Backpack,Accessories,South,Bengaluru,2,2318.31,4636.62,5,231.83,4404.79,Cash on Delivery,Shipped,0
105351,2022-05-25,CUST1383,Isha Bhat,Laptop,Electronics,South,Hyderabad,1,92567.93,92567.93,15,13885.19,78682.74,Cash on Delivery,Shipped,0
105352,2023-11-17,CUST3598,Vihaan Joshi,Backpack,Accessories,South,Chennai,4,2314.59,9258.36,10,925.84,8332.52,UPI,Shipped,0
105353,2023-09-04,CUST2242,Aarav Joshi,Mouse,Electronics,North,Lucknow,4,678.26,2713.04,5,135.65,2577.39,Debit Card,Returned,1
105354,2023-09-28,CUST1284,Reyansh Agarwal,Backpack,Accessories,North,Delhi,2,1987.59,3975.18,10,397.52,3577.66,Debit Card,Cancelled,0
105355,2024-12-19,CUST4570,Kavya Bhat,Laptop,Electronics,South,Bengaluru,1,86007.58,86007.58,5,4300.38,81707.2,Cash on Delivery,Cancelled,0
105356,2023-02-17,CUST1844,Isha Iyer,Mouse,Electronics,South,Kochi,2,945.61,1891.22,20,378.24,1512.98,Net Banking,Cancelled,0
105357,2022-01-04,CUST2933,Neha Kapoor,Headphones,Electronics,North,Jaipur,2,1481.17,2962.34,10,296.23,2666.11,Credit Card,Shipped,0
105358,2022-12-02,CUST4645,Aadhya Iyer,Backpack,Accessories,North,Jaipur,2,3334.49,6668.98,10,666.9,6002.08,Cash on Delivery,Cancelled,0
105359,2023-11-15,CUST3081,Sanjay Sharma,Watch,Fashion,North,Chandigarh,2,19774.07,39548.14,0,0.0,39548.14,UPI,Delivered,0
105360,2024-06-03,CUST4991,Deepa Joshi,T-Shirt,Fashion,East,Bhubaneswar,1,733.97,733.97,5,36.7,697.27,UPI,Cancelled,0
105361,2022-12-04,CUST3659,Meera Singh,Shoes,Fashion,East,Guwahati,1,1731.68,1731.68,10,173.17,1558.51,Credit Card,Cancelled,0
105362,2023-08-15,CUST2464,Isha Sharma,Camera,Electronics,North,Lucknow,2,15212.64,30425.28,10,3042.53,27382.75,Net Banking,Delivered,0
105363,2024-04-12,CUST3729,Meera Chopra,Mouse,Electronics,East,Bhubaneswar,5,855.04,4275.2,10,427.52,3847.68,Credit Card,Returned,1
105364,2023-04-01,CUST3765,Rahul Kapoor,T-Shirt,Fashion,North,Delhi,5,1633.22,8166.1,15,1224.91,6941.19,Cash on Delivery,Shipped,0
105365,2024-06-25,CUST2785,Ishaan Desai,Camera,Electronics,North,Jaipur,3,16881.72,50645.16,5,2532.26,48112.9,UPI,Shipped,0
105366,2024-05-02,CUST1634,Ananya Agarwal,Backpack,Accessories,South,Hyderabad,1,1538.42,1538.42,0,0.0,1538.42,Debit Card,Returned,1
105367,2023-09-18,CUST4658,Myra Agarwal,Mouse,Electronics,North,Chandigarh,1,1188.54,1188.54,5,59.43,1129.11,Cash on Delivery,Delivered,0
105368,2024-09-11,CUST1859,Sanjay Kapoor,Mouse,Electronics,West,Mumbai,5,1085.26,5426.3,15,813.95,4612.35,Cash on Delivery,Cancelled,0
105369,2024-09-13,CUST2249,Suresh Singh,Shoes,Fashion,South,Kochi,2,4941.95,9883.9,15,1482.59,8401.31,UPI,Delivered,0
105370,2024-10-03,CUST4155,Rahul Rao,Headphones,Electronics,West,Pune,2,3045.64,6091.28,15,913.69,5177.59,Debit Card,Cancelled,0
105371,2024-08-03,CUST3323,Myra Yadav,Camera,Electronics,North,Lucknow,2,19224.41,38448.82,5,1922.44,36526.38,Net Banking,Returned,1
105372,2024-07-27,CUST4947,Diya Agarwal,Watch,Fashion,West,Mumbai,3,17693.99,53081.97,0,0.0,53081.97,Net Banking,Shipped,0
105373,2024-12-03,CUST3061,Suresh Agarwal,Camera,Electronics,East,Patna,5,37361.1,186805.5,10,18680.55,168124.95,Debit Card,Shipped,0
105374,2024-03-13,CUST3576,Meera Reddy,Laptop,Electronics,South,Bengaluru,2,48575.88,97151.76,10,9715.18,87436.58,UPI,Delivered,0
105375,2022-09-21,CUST3986,Sara Sharma,T-Shirt,Fashion,East,Patna,1,614.42,614.42,5,30.72,583.7,Cash on Delivery,Delivered,0
105376,2022-10-11,CUST4624,Suresh Sharma,Shoes,Fashion,South,Hyderabad,2,3607.39,7214.78,0,0.0,7214.78,Net Banking,Delivered,0
105377,2022-05-28,CUST3212,Reyansh Desai,Headphones,Electronics,East,Bhubaneswar,2,4339.37,8678.74,0,0.0,8678.74,Credit Card,Returned,1
105378,2022-05-19,CUST1078,Sai Malhotra,Watch,Fashion,South,Kochi,3,23506.05,70518.15,5,3525.91,66992.24,Debit Card,Delivered,0
105379,2022-04-09,CUST1234,Ananya Verma,Laptop,Electronics,South,Kochi,1,81862.09,81862.09,20,16372.42,65489.67,Credit Card,Shipped,0
105380,2022-01-26,CUST3103,Diya Bhat,Laptop,Electronics,West,Mumbai,3,115630.98,346892.94,15,52033.94,294859.0,UPI,Returned,1
105381,2024-12-14,CUST2008,Rahul Kapoor,Backpack,Accessories,East,Bhubaneswar,3,1685.63,5056.89,15,758.53,4298.36,Net Banking,Shipped,0
105382,2024-03-10,CUST1658,Isha Verma,Headphones,Electronics,North,Jaipur,4,1203.79,4815.16,0,0.0,4815.16,UPI,Returned,1
105383,2023-12-18,CUST4523,Vikram Rao,T-Shirt,Fashion,East,Bhubaneswar,2,1585.66,3171.32,5,158.57,3012.75,Net Banking,Returned,1
105384,2023-01-21,CUST4032,Isha Patel,Watch,Fashion,East,Kolkata,4,12677.01,50708.04,0,0.0,50708.04,Credit Card,Cancelled,0
105385,2023-02-07,CUST3870,Rohan Pillai,Camera,Electronics,South,Chennai,1,30114.09,30114.09,15,4517.11,25596.98,Credit Card,Delivered,0
105386,2023-07-04,CUST4282,Rakesh Mehta,Laptop,Electronics,North,Lucknow,1,47045.02,47045.02,25,11761.25,35283.77,UPI,Returned,1
105387,2024-04-17,CUST3442,Suresh Sharma,Mouse,Electronics,South,Bengaluru,1,1024.0,1024.0,10,102.4,921.6,Net Banking,Returned,1
105388,2022-06-05,CUST1645,Aadhya Bhat,Mouse,Electronics,South,Bengaluru,2,1425.06,2850.12,20,570.02,2280.1,UPI,Shipped,0
105389,2023-08-22,CUST3946,Suresh Bhat,Watch,Fashion,South,Bengaluru,4,7965.53,31862.12,15,4779.32,27082.8,Debit Card,Shipped,0
105390,2022-08-18,CUST4676,Priya Malhotra,Backpack,Accessories,North,Chandigarh,3,2809.69,8429.07,25,2107.27,6321.8,UPI,Shipped,0
105391,2023-08-22,CUST3672,Deepa Chopra,Watch,Fashion,South,Hyderabad,2,10076.36,20152.72,15,3022.91,17129.81,Debit Card,Shipped,0
105392,2022-02-16,CUST4615,Amit Agarwal,Mouse,Electronics,South,Hyderabad,1,1516.56,1516.56,10,151.66,1364.9,Credit Card,Cancelled,0
105393,2024-07-19,CUST4541,Reyansh Bhat,T-Shirt,Fashion,South,Hyderabad,2,1641.71,3283.42,10,328.34,2955.08,Credit Card,Cancelled,0
105394,2024-12-20,CUST4808,Aditya Chopra,Camera,Electronics,South,Kochi,3,38124.61,114373.83,10,11437.38,102936.45,UPI,Returned,1
105395,2024-04-04,CUST4666,Reyansh Yadav,Mouse,Electronics,North,Delhi,1,2037.42,2037.42,5,101.87,1935.55,Debit Card,Cancelled,0
105396,2024-12-07,CUST2501,Myra Agarwal,Camera,Electronics,South,Hyderabad,4,34974.14,139896.56,25,34974.14,104922.42,Net Banking,Delivered,0
105397,2024-09-14,CUST2090,Diya Iyer,Watch,Fashion,West,Ahmedabad,5,13088.48,65442.4,10,6544.24,58898.16,Cash on Delivery,Returned,1
105398,2023-12-06,CUST4290,Vihaan Patel,Backpack,Accessories,East,Kolkata,5,2520.81,12604.05,15,1890.61,10713.44,UPI,Cancelled,0
105399,2022-08-30,CUST1414,Vivaan Malhotra,Shoes,Fashion,South,Chennai,4,2485.63,9942.52,5,497.13,9445.39,UPI,Shipped,0
105400,2024-07-20,CUST3853,Rakesh Kapoor,Mouse,Electronics,West,Pune,2,1213.69,2427.38,25,606.85,1820.53,UPI,Shipped,0
105401,2024-11-24,CUST1792,Sai Joshi,Keyboard,Electronics,North,Lucknow,2,1331.9,2663.8,10,266.38,2397.42,Cash on Delivery,Returned,1
105402,2024-07-08,CUST2878,Sai Rao,Mouse,Electronics,East,Kolkata,4,2252.67,9010.68,0,0.0,9010.68,UPI,Returned,1
105403,2022-01-31,CUST3534,Aditya Singh,Camera,Electronics,West,Surat,3,40535.1,121605.3,15,18240.79,103364.51,UPI,Cancelled,0
105404,2022-02-25,CUST2438,Aadhya Gupta,T-Shirt,Fashion,North,Jaipur,3,774.38,2323.14,20,464.63,1858.51,UPI,Delivered,0
105405,2023-06-18,CUST2922,Ananya Chopra,Backpack,Accessories,North,Chandigarh,2,1581.47,3162.94,5,158.15,3004.79,Debit Card,Shipped,0
105406,2024-02-28,CUST3953,Suresh Chopra,T-Shirt,Fashion,West,Ahmedabad,3,567.55,1702.65,20,340.53,1362.12,Cash on Delivery,Shipped,0
105407,2022-01-06,CUST4872,Reyansh Joshi,Watch,Fashion,West,Surat,2,3945.13,7890.26,5,394.51,7495.75,Cash on Delivery,Shipped,0
105408,2024-10-20,CUST4418,Aarav Nair,Headphones,Electronics,North,Chandigarh,5,7496.46,37482.3,10,3748.23,33734.07,Debit Card,Shipped,0
105409,2024-09-28,CUST1580,Meera Agarwal,Mouse,Electronics,South,Kochi,3,360.56,1081.68,15,162.25,919.43,Net Banking,Shipped,0
105410,2024-11-05,CUST4303,Krishna Agarwal,Camera,Electronics,North,Chandigarh,2,20873.52,41747.04,0,0.0,41747.04,UPI,Returned,1
105411,2024-01-04,CUST4406,Anika Gupta,Mobile,Electronics,East,Kolkata,3,63622.34,190867.02,15,28630.05,162236.97,UPI,Returned,1
105412,2022-05-09,CUST1570,Amit Sharma,Keyboard,Electronics,South,Kochi,3,1168.36,3505.08,25,876.27,2628.81,Cash on Delivery,Returned,1
105413,2023-06-17,CUST1795,Aadhya Bhat,Camera,Electronics,North,Delhi,3,29540.26,88620.78,20,17724.16,70896.62,UPI,Cancelled,0
105414,2024-06-28,CUST4033,Rohan Sharma,Laptop,Electronics,South,Bengaluru,3,68704.76,206114.28,15,30917.14,175197.14,Net Banking,Shipped,0
105415,2024-08-14,CUST2542,Priya Chopra,Shoes,Fashion,South,Hyderabad,5,2640.21,13201.05,5,660.05,12541.0,Cash on Delivery,Returned,1
105416,2023-04-28,CUST3541,Riya Singh,Mouse,Electronics,West,Mumbai,4,1620.89,6483.56,5,324.18,6159.38,Debit Card,Shipped,0
105417,2024-03-13,CUST3893,Ananya Kapoor,Mobile,Electronics,North,Chandigarh,4,15650.8,62603.2,15,9390.48,53212.72,Debit Card,Cancelled,0
105418,2022-08-23,CUST4461,Meera Iyer,Backpack,Accessories,West,Surat,1,2738.51,2738.51,15,410.78,2327.73,Credit Card,Returned,1
105419,2024-08-20,CUST3461,Priya Singh,T-Shirt,Fashion,South,Bengaluru,3,742.35,2227.05,15,334.06,1892.99,Cash on Delivery,Delivered,0
105420,2024-01-19,CUST4161,Riya Verma,Camera,Electronics,East,Bhubaneswar,1,20163.75,20163.75,25,5040.94,15122.81,Cash on Delivery,Cancelled,0
105421,2024-04-21,CUST1760,Aadhya Singh,Mobile,Electronics,North,Lucknow,1,70963.45,70963.45,10,7096.35,63867.1,UPI,Delivered,0
105422,2022-04-22,CUST2449,Vihaan Malhotra,Laptop,Electronics,North,Chandigarh,5,96843.0,484215.0,15,72632.25,411582.75,Net Banking,Delivered,0
105423,2023-06-24,CUST2769,Aarav Agarwal,Watch,Fashion,West,Pune,1,7497.25,7497.25,5,374.86,7122.39,Credit Card,Shipped,0
105424,2023-07-23,CUST2583,Priya Bhat,Camera,Electronics,West,Pune,3,20371.09,61113.27,20,12222.65,48890.62,UPI,Cancelled,0
105425,2022-12-28,CUST4257,Rakesh Patel,Camera,Electronics,South,Chennai,2,50213.93,100427.86,15,15064.18,85363.68,Cash on Delivery,Delivered,0
105426,2022-12-25,CUST3615,Vivaan Kapoor,Camera,Electronics,East,Bhubaneswar,1,30097.69,30097.69,0,0.0,30097.69,Credit Card,Shipped,0
105427,2022-08-16,CUST1917,Reyansh Mehta,Backpack,Accessories,South,Bengaluru,4,2239.33,8957.32,10,895.73,8061.59,Net Banking,Delivered,0
105428,2024-01-04,CUST4058,Myra Verma,T-Shirt,Fashion,East,Guwahati,4,566.86,2267.44,5,113.37,2154.07,Cash on Delivery,Cancelled,0
105429,2024-09-08,CUST1643,Priya Malhotra,Keyboard,Electronics,South,Hyderabad,3,1763.72,5291.16,0,0.0,5291.16,Debit Card,Cancelled,0
105430,2022-05-28,CUST3983,Vikram Patel,Watch,Fashion,North,Jaipur,3,18952.22,56856.66,25,14214.17,42642.49,Net Banking,Returned,1
105431,2024-02-24,CUST2582,Aadhya Patel,Shoes,Fashion,North,Delhi,3,2176.27,6528.81,0,0.0,6528.81,UPI,Returned,1
105432,2024-05-05,CUST1067,Sai Gupta,Shoes,Fashion,North,Chandigarh,1,1711.72,1711.72,5,85.59,1626.13,Cash on Delivery,Cancelled,0
105433,2023-04-09,CUST4429,Rahul Gupta,T-Shirt,Fashion,North,Lucknow,4,377.1,1508.4,15,226.26,1282.14,Net Banking,Shipped,0
105434,2022-05-21,CUST3433,Neha Kapoor,Watch,Fashion,North,Jaipur,4,19812.8,79251.2,20,15850.24,63400.96,Debit Card,Cancelled,0
105435,2024-11-29,CUST3167,Aadhya Singh,Headphones,Electronics,North,Chandigarh,4,1373.65,5494.6,10,549.46,4945.14,Debit Card,Returned,1
105436,2023-04-21,CUST3746,Sara Desai,Shoes,Fashion,West,Mumbai,1,6177.57,6177.57,15,926.64,5250.93,Credit Card,Shipped,0
105437,2024-07-28,CUST2153,Meera Rao,Mouse,Electronics,South,Bengaluru,3,315.14,945.42,15,141.81,803.61,UPI,Cancelled,0
105438,2023-05-19,CUST3530,Priya Malhotra,Headphones,Electronics,East,Guwahati,3,5165.51,15496.53,10,1549.65,13946.88,Credit Card,Shipped,0
105439,2023-06-19,CUST3755,Ishaan Bhat,Camera,Electronics,North,Jaipur,4,52941.1,211764.4,5,10588.22,201176.18,UPI,Returned,1
105440,2023-02-25,CUST1169,Ishaan Nair,Mobile,Electronics,West,Mumbai,4,38050.0,152200.0,5,7610.0,144590.0,Debit Card,Returned,1
105441,2022-07-31,CUST1005,Myra Gupta,Headphones,Electronics,South,Hyderabad,4,7383.54,29534.16,0,0.0,29534.16,Net Banking,Returned,1
105442,2024-03-23,CUST3290,Neha Sharma,T-Shirt,Fashion,East,Patna,2,702.92,1405.84,5,70.29,1335.55,Net Banking,Delivered,0
105443,2024-11-13,CUST1484,Sanjay Bhat,Shoes,Fashion,East,Patna,1,5739.16,5739.16,25,1434.79,4304.37,Credit Card,Shipped,0
105444,2022-08-18,CUST4248,Aarav Gupta,Shoes,Fashion,West,Pune,2,1624.52,3249.04,10,324.9,2924.14,Cash on Delivery,Cancelled,0
105445,2022-07-01,CUST3776,Rakesh Chopra,Mouse,Electronics,North,Chandigarh,1,2496.16,2496.16,10,249.62,2246.54,Debit Card,Shipped,0
105446,2023-11-30,CUST3830,Vihaan Yadav,Camera,Electronics,South,Bengaluru,3,15755.68,47267.04,0,0.0,47267.04,Credit Card,Cancelled,0
105447,2022-01-29,CUST3675,Vihaan Desai,Mouse,Electronics,South,Chennai,1,354.95,354.95,15,53.24,301.71,UPI,Shipped,0
105448,2024-08-08,CUST1892,Vihaan Yadav,Laptop,Electronics,West,Ahmedabad,1,62208.4,62208.4,5,3110.42,59097.98,UPI,Cancelled,0
105449,2024-12-19,CUST1788,Aadhya Chopra,Backpack,Accessories,South,Hyderabad,4,2321.5,9286.0,5,464.3,8821.7,Net Banking,Shipped,0
105450,2024-01-10,CUST1965,Suresh Gupta,Mobile,Electronics,South,Chennai,1,31132.18,31132.18,5,1556.61,29575.57,Net Banking,Cancelled,0
105451,2023-07-19,CUST1898,Kavya Malhotra,Keyboard,Electronics,North,Chandigarh,3,1990.85,5972.55,5,298.63,5673.92,Debit Card,Shipped,0
105452,2024-08-27,CUST4113,Aadhya Singh,Mobile,Electronics,South,Kochi,3,53682.05,161046.15,15,24156.92,136889.23,UPI,Cancelled,0
105453,2022-08-16,CUST3966,Pooja Agarwal,Backpack,Accessories,South,Kochi,4,2354.69,9418.76,10,941.88,8476.88,Credit Card,Shipped,0
105454,2022-11-29,CUST1075,Sara Nair,Watch,Fashion,South,Kochi,1,9654.75,9654.75,15,1448.21,8206.54,Net Banking,Cancelled,0
105455,2023-09-20,CUST2609,Aarav Rao,Keyboard,Electronics,West,Surat,2,2891.13,5782.26,5,289.11,5493.15,Credit Card,Returned,1
105456,2022-01-12,CUST1123,Deepa Bhat,T-Shirt,Fashion,West,Ahmedabad,1,664.32,664.32,10,66.43,597.89,UPI,Returned,1
105457,2022-12-03,CUST4318,Vivaan Sharma,Camera,Electronics,North,Chandigarh,1,41032.11,41032.11,10,4103.21,36928.9,Debit Card,Returned,1
105458,2022-09-10,CUST1312,Kavya Verma,Mobile,Electronics,West,Ahmedabad,2,75914.78,151829.56,15,22774.43,129055.13,Net Banking,Delivered,0
105459,2022-05-02,CUST3427,Neha Rao,T-Shirt,Fashion,West,Mumbai,3,1632.18,4896.54,5,244.83,4651.71,UPI,Returned,1
105460,2022-04-06,CUST4720,Rohan Desai,Mobile,Electronics,West,Mumbai,4,38261.43,153045.72,20,30609.14,122436.58,Net Banking,Cancelled,0
105461,2023-08-24,CUST1916,Aditya Agarwal,Shoes,Fashion,North,Delhi,1,1577.29,1577.29,15,236.59,1340.7,Credit Card,Returned,1
105462,2022-01-11,CUST1913,Priya Singh,Headphones,Electronics,North,Jaipur,2,6972.38,13944.76,20,2788.95,11155.81,Debit Card,Delivered,0
105463,2022-12-24,CUST1284,Anika Malhotra,Mobile,Electronics,North,Delhi,2,55472.21,110944.42,0,0.0,110944.42,Cash on Delivery,Shipped,0
105464,2024-12-02,CUST2883,Aditya Nair,Keyboard,Electronics,North,Jaipur,1,1120.12,1120.12,0,0.0,1120.12,Cash on Delivery,Delivered,0
105465,2023-06-08,CUST4034,Myra Malhotra,Watch,Fashion,South,Bengaluru,3,10172.27,30516.81,5,1525.84,28990.97,Debit Card,Shipped,0
105466,2023-07-15,CUST1637,Ananya Kapoor,Shoes,Fashion,South,Hyderabad,3,2005.87,6017.61,15,902.64,5114.97,UPI,Cancelled,0
105467,2022-01-21,CUST3984,Vivaan Iyer,Watch,Fashion,South,Kochi,4,24193.36,96773.44,20,19354.69,77418.75,Debit Card,Shipped,0
105468,2022-12-28,CUST4051,Diya Iyer,Backpack,Accessories,South,Bengaluru,2,2131.56,4263.12,20,852.62,3410.5,Debit Card,Delivered,0
105469,2022-01-08,CUST1557,Vihaan Patel,Backpack,Accessories,West,Pune,3,3057.14,9171.42,20,1834.28,7337.14,Net Banking,Delivered,0
105470,2023-08-22,CUST2582,Vihaan Joshi,Watch,Fashion,South,Bengaluru,2,18395.3,36790.6,0,0.0,36790.6,UPI,Returned,1
105471,2023-04-28,CUST1799,Rahul Desai,Mobile,Electronics,South,Kochi,3,45497.27,136491.81,10,13649.18,122842.63,Credit Card,Returned,1
105472,2023-06-23,CUST1516,Kavya Singh,Shoes,Fashion,East,Kolkata,1,2992.93,2992.93,5,149.65,2843.28,Credit Card,Delivered,0
105473,2023-09-21,CUST1005,Rakesh Malhotra,Headphones,Electronics,East,Patna,2,7453.85,14907.7,10,1490.77,13416.93,Cash on Delivery,Returned,1
105474,2024-01-26,CUST1395,Vihaan Joshi,Watch,Fashion,West,Mumbai,3,10258.3,30774.9,15,4616.23,26158.67,Credit Card,Returned,1
105475,2024-04-02,CUST1031,Ananya Rao,T-Shirt,Fashion,West,Ahmedabad,3,1681.89,5045.67,0,0.0,5045.67,Credit Card,Cancelled,0
105476,2024-08-14,CUST2509,Myra Chopra,T-Shirt,Fashion,North,Jaipur,1,744.6,744.6,20,148.92,595.68,UPI,Returned,1
105477,2023-11-03,CUST3508,Arjun Singh,Mouse,Electronics,West,Mumbai,1,941.81,941.81,0,0.0,941.81,Cash on Delivery,Returned,1
105478,2023-07-08,CUST1402,Sai Sharma,Backpack,Accessories,West,Mumbai,3,2021.82,6065.46,10,606.55,5458.91,Debit Card,Returned,1
105479,2023-01-19,CUST4785,Aarav Kapoor,Headphones,Electronics,East,Guwahati,1,2135.28,2135.28,10,213.53,1921.75,Debit Card,Shipped,0
105480,2024-08-30,CUST1452,Reyansh Joshi,Headphones,Electronics,South,Bengaluru,3,4742.37,14227.11,10,1422.71,12804.4,UPI,Returned,1
105481,2023-03-11,CUST3052,Isha Patel,Keyboard,Electronics,West,Pune,1,3370.04,3370.04,10,337.0,3033.04,Credit Card,Delivered,0
105482,2022-11-30,CUST2305,Ananya Bhat,Shoes,Fashion,South,Kochi,2,5639.47,11278.94,10,1127.89,10151.05,Credit Card,Cancelled,0
105483,2023-08-21,CUST4807,Krishna Rao,Keyboard,Electronics,West,Ahmedabad,3,2973.49,8920.47,5,446.02,8474.45,Credit Card,Delivered,0
105484,2024-04-08,CUST2745,Pooja Verma,Backpack,Accessories,South,Kochi,1,1859.89,1859.89,0,0.0,1859.89,Net Banking,Delivered,0
105485,2024-02-21,CUST2016,Riya Reddy,Laptop,Electronics,East,Patna,2,48107.69,96215.38,15,14432.31,81783.07,Cash on Delivery,Returned,1
105486,2024-12-19,CUST4555,Anika Sharma,Shoes,Fashion,South,Kochi,3,1173.05,3519.15,5,175.96,3343.19,Credit Card,Cancelled,0
105487,2023-01-06,CUST2593,Suresh Yadav,Mouse,Electronics,North,Jaipur,2,1031.1,2062.2,5,103.11,1959.09,Credit Card,Cancelled,0
105488,2023-12-27,CUST3246,Deepa Agarwal,Mobile,Electronics,North,Delhi,4,83557.92,334231.68,10,33423.17,300808.51,Net Banking,Cancelled,0
105489,2023-01-09,CUST2485,Myra Chopra,Keyboard,Electronics,West,Mumbai,2,3796.45,7592.9,5,379.64,7213.26,Credit Card,Cancelled,0
105490,2023-05-08,CUST2752,Rahul Reddy,Laptop,Electronics,East,Kolkata,1,58454.14,58454.14,20,11690.83,46763.31,Net Banking,Delivered,0
105491,2023-09-03,CUST3128,Sanjay Malhotra,Watch,Fashion,North,Lucknow,1,4879.34,4879.34,0,0.0,4879.34,Cash on Delivery,Shipped,0
105492,2023-03-13,CUST2732,Aarav Yadav,Backpack,Accessories,East,Patna,2,2107.62,4215.24,5,210.76,4004.48,Credit Card,Returned,1
105493,2023-10-24,CUST4945,Aadhya Pillai,Mouse,Electronics,West,Pune,2,573.43,1146.86,10,114.69,1032.17,Cash on Delivery,Delivered,0
105494,2023-03-31,CUST3459,Reyansh Patel,Keyboard,Electronics,West,Mumbai,1,1845.72,1845.72,5,92.29,1753.43,UPI,Cancelled,0
105495,2022-03-25,CUST3003,Reyansh Bhat,Keyboard,Electronics,North,Lucknow,3,3373.71,10121.13,10,1012.11,9109.02,Cash on Delivery,Returned,1
105496,2024-11-23,CUST3831,Vihaan Malhotra,Shoes,Fashion,North,Delhi,4,6204.05,24816.2,15,3722.43,21093.77,Net Banking,Returned,1
105497,2024-11-09,CUST2222,Amit Kapoor,Mouse,Electronics,South,Kochi,5,1825.88,9129.4,10,912.94,8216.46,UPI,Cancelled,0
105498,2022-05-16,CUST3008,Amit Singh,Keyboard,Electronics,West,Mumbai,2,629.92,1259.84,10,125.98,1133.86,Debit Card,Cancelled,0
105499,2023-04-17,CUST4944,Ishaan Agarwal,Headphones,Electronics,West,Mumbai,1,7371.75,7371.75,0,0.0,7371.75,Credit Card,Shipped,0
105500,2023-03-16,CUST1728,Deepa Desai,Watch,Fashion,South,Hyderabad,2,7036.27,14072.54,20,2814.51,11258.03,Debit Card,Returned,1
105501,2024-04-26,CUST1144,Arjun Sharma,Mobile,Electronics,East,Kolkata,1,83020.51,83020.51,15,12453.08,70567.43,Credit Card,Returned,1
105502,2024-03-27,CUST3011,Vivaan Gupta,Keyboard,Electronics,North,Lucknow,1,543.65,543.65,20,108.73,434.92,Net Banking,Shipped,0
105503,2022-07-08,CUST4474,Priya Pillai,Keyboard,Electronics,South,Hyderabad,3,1953.88,5861.64,0,0.0,5861.64,Cash on Delivery,Returned,1
105504,2024-04-23,CUST4121,Aadhya Desai,Mouse,Electronics,West,Mumbai,2,1149.63,2299.26,10,229.93,2069.33,Credit Card,Delivered,0
105505,2024-03-15,CUST3531,Vikram Nair,Backpack,Accessories,West,Mumbai,1,2352.93,2352.93,0,0.0,2352.93,Debit Card,Returned,1
105506,2024-04-08,CUST2523,Ishaan Kumar,Camera,Electronics,North,Jaipur,3,34062.6,102187.8,20,20437.56,81750.24,Net Banking,Returned,1
105507,2023-04-18,CUST2466,Myra Singh,Headphones,Electronics,South,Chennai,1,4316.01,4316.01,10,431.6,3884.41,Cash on Delivery,Shipped,0
105508,2022-06-01,CUST1103,Meera Verma,Mouse,Electronics,South,Chennai,4,1392.65,5570.6,25,1392.65,4177.95,Debit Card,Cancelled,0
105509,2024-02-09,CUST2593,Rakesh Sharma,Backpack,Accessories,West,Pune,1,1251.02,1251.02,15,187.65,1063.37,Debit Card,Delivered,0
105510,2023-08-29,CUST1397,Rohan Gupta,Mouse,Electronics,West,Pune,2,1580.81,3161.62,25,790.4,2371.22,UPI,Returned,1
105511,2024-09-22,CUST1318,Ishaan Kumar,Headphones,Electronics,East,Patna,2,2057.47,4114.94,10,411.49,3703.45,Debit Card,Cancelled,0
105512,2024-09-09,CUST1287,Vihaan Rao,Watch,Fashion,North,Jaipur,5,12453.83,62269.15,15,9340.37,52928.78,Cash on Delivery,Shipped,0
105513,2022-06-04,CUST2572,Rahul Kumar,Mouse,Electronics,South,Hyderabad,4,1770.38,7081.52,10,708.15,6373.37,Net Banking,Returned,1
105514,2023-12-06,CUST2907,Aarav Malhotra,Keyboard,Electronics,East,Bhubaneswar,2,2877.75,5755.5,0,0.0,5755.5,Credit Card,Returned,1
105515,2024-11-18,CUST4445,Sai Nair,Keyboard,Electronics,West,Pune,1,683.86,683.86,25,170.97,512.89,UPI,Shipped,0
105516,2023-04-19,CUST4725,Ishaan Joshi,Headphones,Electronics,West,Ahmedabad,3,4372.76,13118.28,5,655.91,12462.37,UPI,Returned,1
105517,2024-06-06,CUST3325,Deepa Mehta,Laptop,Electronics,West,Surat,4,103505.24,414020.96,5,20701.05,393319.91,Credit Card,Delivered,0
105518,2024-12-23,CUST4617,Aditya Chopra,Camera,Electronics,North,Delhi,1,52958.52,52958.52,10,5295.85,47662.67,Debit Card,Returned,1
105519,2024-02-26,CUST3691,Vivaan Kapoor,Watch,Fashion,South,Bengaluru,1,11330.32,11330.32,25,2832.58,8497.74,Net Banking,Returned,1
105520,2023-11-05,CUST1707,Neha Singh,T-Shirt,Fashion,West,Pune,1,1711.18,1711.18,0,0.0,1711.18,Debit Card,Returned,1
105521,2022-07-30,CUST4096,Vivaan Patel,Mobile,Electronics,East,Patna,2,10560.98,21121.96,0,0.0,21121.96,UPI,Returned,1
105522,2022-06-11,CUST4885,Ishaan Singh,Keyboard,Electronics,West,Ahmedabad,2,3898.06,7796.12,5,389.81,7406.31,Net Banking,Shipped,0
105523,2022-09-08,CUST4103,Myra Iyer,Keyboard,Electronics,South,Kochi,5,3334.35,16671.75,15,2500.76,14170.99,Credit Card,Cancelled,0
105524,2024-07-07,CUST4925,Sara Patel,Keyboard,Electronics,North,Chandigarh,2,4436.74,8873.48,20,1774.7,7098.78,UPI,Delivered,0
105525,2022-07-10,CUST1594,Rakesh Pillai,Mobile,Electronics,East,Kolkata,2,84467.14,168934.28,25,42233.57,126700.71,Credit Card,Delivered,0
105526,2022-07-10,CUST4732,Rohan Desai,T-Shirt,Fashion,South,Chennai,1,664.18,664.18,0,0.0,664.18,Cash on Delivery,Delivered,0
105527,2022-07-22,CUST3892,Riya Agarwal,Headphones,Electronics,West,Pune,4,1703.69,6814.76,25,1703.69,5111.07,Credit Card,Delivered,0
105528,2023-07-04,CUST1114,Deepa Sharma,Mobile,Electronics,North,Jaipur,4,80181.14,320724.56,0,0.0,320724.56,Cash on Delivery,Cancelled,0
105529,2022-11-23,CUST4116,Aarav Pillai,T-Shirt,Fashion,South,Chennai,2,1521.75,3043.5,0,0.0,3043.5,Net Banking,Delivered,0
105530,2024-05-22,CUST3848,Ananya Malhotra,Watch,Fashion,South,Bengaluru,3,15270.56,45811.68,20,9162.34,36649.34,Net Banking,Delivered,0
105531,2022-06-06,CUST4720,Ananya Pillai,Camera,Electronics,North,Delhi,3,34982.95,104948.85,25,26237.21,78711.64,Net Banking,Delivered,0
105532,2022-04-11,CUST3154,Amit Malhotra,Laptop,Electronics,East,Kolkata,2,76309.8,152619.6,10,15261.96,137357.64,Credit Card,Delivered,0
105533,2024-01-23,CUST2498,Arjun Kapoor,Mouse,Electronics,South,Hyderabad,1,1236.01,1236.01,5,61.8,1174.21,Debit Card,Cancelled,0
105534,2022-06-20,CUST4850,Amit Chopra,Shoes,Fashion,East,Kolkata,1,5723.29,5723.29,25,1430.82,4292.47,Credit Card,Cancelled,0
105535,2024-09-30,CUST3006,Deepa Bhat,Backpack,Accessories,South,Hyderabad,1,2449.4,2449.4,15,367.41,2081.99,Cash on Delivery,Delivered,0
105536,2024-04-22,CUST2876,Myra Chopra,Keyboard,Electronics,South,Bengaluru,3,1781.53,5344.59,15,801.69,4542.9,Net Banking,Cancelled,0
105537,2023-02-16,CUST4949,Sanjay Joshi,Camera,Electronics,East,Guwahati,3,26616.94,79850.82,0,0.0,79850.82,Cash on Delivery,Cancelled,0
105538,2022-07-14,CUST4355,Krishna Yadav,Headphones,Electronics,East,Bhubaneswar,3,6409.75,19229.25,10,1922.92,17306.33,Net Banking,Delivered,0
105539,2022-12-11,CUST4623,Pooja Nair,Mobile,Electronics,South,Bengaluru,1,53308.07,53308.07,5,2665.4,50642.67,Cash on Delivery,Returned,1
105540,2022-08-25,CUST3992,Vikram Joshi,Backpack,Accessories,North,Chandigarh,4,2432.89,9731.56,15,1459.73,8271.83,Debit Card,Shipped,0
105541,2024-05-15,CUST4937,Arjun Malhotra,Shoes,Fashion,South,Bengaluru,1,4113.25,4113.25,20,822.65,3290.6,Debit Card,Returned,1
105542,2024-01-07,CUST3931,Reyansh Singh,Headphones,Electronics,North,Jaipur,1,3866.01,3866.01,0,0.0,3866.01,Cash on Delivery,Returned,1
105543,2022-01-31,CUST3038,Diya Malhotra,Shoes,Fashion,North,Lucknow,4,1125.0,4500.0,10,450.0,4050.0,Credit Card,Cancelled,0
105544,2022-05-05,CUST1834,Sara Kapoor,Keyboard,Electronics,West,Pune,2,3164.56,6329.12,10,632.91,5696.21,Credit Card,Delivered,0
105545,2024-05-09,CUST3391,Aadhya Kumar,Backpack,Accessories,East,Bhubaneswar,3,2387.52,7162.56,20,1432.51,5730.05,Cash on Delivery,Delivered,0
105546,2024-12-07,CUST1146,Sanjay Sharma,Laptop,Electronics,North,Delhi,5,114641.72,573208.6,10,57320.86,515887.74,Debit Card,Delivered,0
105547,2022-12-12,CUST2813,Reyansh Malhotra,Laptop,Electronics,East,Guwahati,1,49161.07,49161.07,15,7374.16,41786.91,Net Banking,Returned,1
105548,2022-05-22,CUST4659,Ananya Singh,Watch,Fashion,West,Surat,1,14564.04,14564.04,20,2912.81,11651.23,UPI,Shipped,0
105549,2023-03-21,CUST1387,Rakesh Kumar,Laptop,Electronics,East,Patna,1,42417.84,42417.84,25,10604.46,31813.38,Debit Card,Returned,1
105550,2023-11-29,CUST1602,Priya Nair,Backpack,Accessories,West,Surat,2,3162.81,6325.62,20,1265.12,5060.5,Cash on Delivery,Returned,1
105551,2023-07-25,CUST4746,Reyansh Sharma,Shoes,Fashion,North,Lucknow,1,5730.69,5730.69,20,1146.14,4584.55,Net Banking,Shipped,0
105552,2022-09-28,CUST3608,Suresh Desai,Shoes,Fashion,North,Lucknow,4,6121.63,24486.52,15,3672.98,20813.54,Credit Card,Delivered,0
105553,2023-09-05,CUST2057,Kavya Pillai,Mobile,Electronics,East,Guwahati,2,89940.4,179880.8,0,0.0,179880.8,UPI,Delivered,0
105554,2023-11-17,CUST2669,Aarav Joshi,T-Shirt,Fashion,West,Pune,1,1496.8,1496.8,10,149.68,1347.12,Credit Card,Shipped,0
105555,2024-03-03,CUST3231,Diya Bhat,Laptop,Electronics,West,Mumbai,5,119684.16,598420.8,15,89763.12,508657.68,UPI,Delivered,0
105556,2022-05-24,CUST4319,Kavya Verma,Laptop,Electronics,West,Surat,2,42213.72,84427.44,5,4221.37,80206.07,Credit Card,Shipped,0
105557,2024-04-18,CUST2627,Vivaan Pillai,Camera,Electronics,North,Jaipur,3,54656.41,163969.23,20,32793.85,131175.38,Cash on Delivery,Shipped,0
105558,2023-01-06,CUST3297,Aditya Agarwal,Headphones,Electronics,East,Kolkata,3,6673.69,20021.07,15,3003.16,17017.91,Debit Card,Delivered,0
105559,2022-03-13,CUST1535,Suresh Malhotra,Laptop,Electronics,South,Bengaluru,1,67272.78,67272.78,0,0.0,67272.78,Credit Card,Shipped,0
105560,2024-06-11,CUST3875,Deepa Kapoor,Laptop,Electronics,North,Lucknow,3,98498.5,295495.5,25,73873.88,221621.62,Cash on Delivery,Returned,1
105561,2024-07-26,CUST4292,Suresh Kumar,Mouse,Electronics,South,Kochi,3,1857.56,5572.68,10,557.27,5015.41,Credit Card,Cancelled,0
105562,2023-09-25,CUST1582,Ishaan Agarwal,Shoes,Fashion,East,Kolkata,2,4011.41,8022.82,10,802.28,7220.54,UPI,Cancelled,0
105563,2024-06-12,CUST1819,Amit Desai,Backpack,Accessories,North,Jaipur,5,2882.44,14412.2,10,1441.22,12970.98,Net Banking,Returned,1
105564,2022-06-08,CUST4955,Deepa Iyer,Laptop,Electronics,East,Kolkata,1,115939.2,115939.2,0,0.0,115939.2,Cash on Delivery,Delivered,0
105565,2023-03-31,CUST2195,Deepa Malhotra,Mouse,Electronics,East,Patna,3,2116.95,6350.85,0,0.0,6350.85,Cash on Delivery,Shipped,0
105566,2023-09-01,CUST1547,Amit Malhotra,Headphones,Electronics,South,Chennai,3,1829.42,5488.26,10,548.83,4939.43,UPI,Returned,1
105567,2023-08-19,CUST2147,Vivaan Sharma,Headphones,Electronics,West,Ahmedabad,3,6548.27,19644.81,15,2946.72,16698.09,UPI,Returned,1
105568,2024-01-15,CUST2672,Kavya Joshi,T-Shirt,Fashion,West,Ahmedabad,4,732.23,2928.92,5,146.45,2782.47,Credit Card,Cancelled,0
105569,2022-04-02,CUST1987,Isha Reddy,Mouse,Electronics,North,Chandigarh,1,1401.34,1401.34,20,280.27,1121.07,Debit Card,Returned,1
105570,2024-08-15,CUST2886,Ananya Agarwal,Mobile,Electronics,West,Surat,2,55839.57,111679.14,15,16751.87,94927.27,Net Banking,Delivered,0
105571,2022-07-10,CUST3877,Krishna Joshi,Mobile,Electronics,South,Kochi,3,49178.76,147536.28,10,14753.63,132782.65,UPI,Cancelled,0
105572,2024-05-16,CUST4042,Neha Nair,T-Shirt,Fashion,North,Jaipur,5,658.13,3290.65,5,164.53,3126.12,Debit Card,Shipped,0
105573,2024-03-28,CUST1066,Vihaan Sharma,Mobile,Electronics,North,Lucknow,4,31979.26,127917.04,25,31979.26,95937.78,Debit Card,Shipped,0
105574,2022-07-25,CUST4918,Sanjay Yadav,Laptop,Electronics,East,Bhubaneswar,2,87776.31,175552.62,20,35110.52,140442.1,Credit Card,Cancelled,0
105575,2022-06-25,CUST2971,Anika Iyer,T-Shirt,Fashion,North,Jaipur,1,774.6,774.6,10,77.46,697.14,Credit Card,Returned,1
105576,2023-06-08,CUST3223,Aditya Sharma,Mouse,Electronics,South,Kochi,3,372.96,1118.88,5,55.94,1062.94,Net Banking,Shipped,0
105577,2023-07-12,CUST1459,Vikram Chopra,Backpack,Accessories,South,Bengaluru,5,2557.88,12789.4,0,0.0,12789.4,Debit Card,Cancelled,0
105578,2022-11-02,CUST3724,Neha Verma,Keyboard,Electronics,West,Ahmedabad,1,3401.1,3401.1,15,510.17,2890.93,Credit Card,Shipped,0
105579,2022-07-18,CUST4729,Diya Mehta,T-Shirt,Fashion,South,Hyderabad,1,627.24,627.24,15,94.09,533.15,Debit Card,Cancelled,0
105580,2022-08-16,CUST2384,Kavya Agarwal,Watch,Fashion,South,Hyderabad,3,5314.01,15942.03,5,797.1,15144.93,Net Banking,Returned,1
105581,2022-01-01,CUST3244,Reyansh Kumar,Mobile,Electronics,West,Pune,2,12731.65,25463.3,10,2546.33,22916.97,Cash on Delivery,Returned,1
105582,2023-07-02,CUST1496,Priya Yadav,Backpack,Accessories,East,Bhubaneswar,3,1662.51,4987.53,5,249.38,4738.15,Cash on Delivery,Cancelled,0
105583,2022-05-10,CUST4676,Vihaan Joshi,Shoes,Fashion,East,Kolkata,3,2792.41,8377.23,5,418.86,7958.37,Net Banking,Shipped,0
105584,2024-02-07,CUST4410,Reyansh Bhat,Mouse,Electronics,South,Chennai,2,560.08,1120.16,5,56.01,1064.15,Cash on Delivery,Shipped,0
105585,2023-02-12,CUST1621,Amit Gupta,Laptop,Electronics,South,Chennai,2,88300.64,176601.28,10,17660.13,158941.15,UPI,Shipped,0
105586,2024-02-20,CUST1524,Isha Agarwal,Camera,Electronics,North,Delhi,5,50901.91,254509.55,5,12725.48,241784.07,Debit Card,Shipped,0
105587,2023-07-20,CUST1059,Deepa Nair,Watch,Fashion,North,Lucknow,5,20369.76,101848.8,25,25462.2,76386.6,Cash on Delivery,Delivered,0
105588,2023-07-18,CUST2152,Meera Bhat,Mouse,Electronics,North,Jaipur,2,548.27,1096.54,0,0.0,1096.54,Credit Card,Returned,1
105589,2024-11-22,CUST4482,Vihaan Reddy,Laptop,Electronics,West,Ahmedabad,1,52007.76,52007.76,20,10401.55,41606.21,Cash on Delivery,Delivered,0
105590,2024-06-26,CUST3053,Diya Gupta,Keyboard,Electronics,South,Chennai,5,1478.25,7391.25,10,739.12,6652.13,Net Banking,Delivered,0
105591,2023-06-19,CUST3073,Sara Iyer,Backpack,Accessories,East,Guwahati,3,2089.0,6267.0,10,626.7,5640.3,Credit Card,Cancelled,0
105592,2024-09-23,CUST4778,Meera Sharma,Mouse,Electronics,South,Kochi,1,737.19,737.19,25,184.3,552.89,Credit Card,Returned,1
105593,2024-12-19,CUST4256,Ananya Agarwal,Mobile,Electronics,North,Lucknow,1,68749.11,68749.11,0,0.0,68749.11,Debit Card,Returned,1
105594,2023-01-01,CUST2624,Neha Kapoor,Keyboard,Electronics,South,Kochi,2,891.29,1782.58,25,445.64,1336.94,Net Banking,Returned,1
105595,2023-08-12,CUST3489,Reyansh Chopra,Keyboard,Electronics,North,Chandigarh,2,2457.55,4915.1,0,0.0,4915.1,Cash on Delivery,Shipped,0
105596,2022-11-02,CUST4632,Suresh Bhat,Keyboard,Electronics,West,Pune,3,1144.74,3434.22,10,343.42,3090.8,Debit Card,Delivered,0
105597,2022-04-21,CUST3694,Sai Bhat,T-Shirt,Fashion,North,Jaipur,4,883.53,3534.12,15,530.12,3004.0,UPI,Shipped,0
105598,2023-11-22,CUST4996,Aadhya Kapoor,Shoes,Fashion,South,Kochi,2,1004.41,2008.82,5,100.44,1908.38,Cash on Delivery,Shipped,0
105599,2022-04-01,CUST3117,Isha Bhat,Headphones,Electronics,East,Bhubaneswar,1,6171.7,6171.7,25,1542.92,4628.78,Debit Card,Cancelled,0
105600,2024-03-13,CUST4572,Neha Kumar,Laptop,Electronics,North,Lucknow,3,53947.46,161842.38,20,32368.48,129473.9,Net Banking,Delivered,0
105601,2024-10-25,CUST2141,Amit Desai,Mouse,Electronics,North,Lucknow,1,541.23,541.23,0,0.0,541.23,Credit Card,Delivered,0
105602,2024-04-22,CUST2476,Sara Agarwal,Mobile,Electronics,West,Ahmedabad,2,64069.75,128139.5,20,25627.9,102511.6,Debit Card,Returned,1
105603,2023-08-27,CUST3128,Ananya Joshi,Watch,Fashion,North,Jaipur,5,3912.28,19561.4,15,2934.21,16627.19,Net Banking,Returned,1
105604,2023-06-24,CUST2635,Vihaan Iyer,Headphones,Electronics,South,Bengaluru,3,6034.28,18102.84,15,2715.43,15387.41,Cash on Delivery,Returned,1
105605,2023-09-28,CUST4265,Vivaan Gupta,Laptop,Electronics,South,Kochi,2,84168.0,168336.0,0,0.0,168336.0,Net Banking,Cancelled,0
105606,2022-08-14,CUST2445,Aadhya Kumar,Laptop,Electronics,South,Bengaluru,3,117273.7,351821.1,0,0.0,351821.1,Net Banking,Cancelled,0
105607,2022-08-29,CUST4465,Rahul Kapoor,T-Shirt,Fashion,West,Pune,3,1098.41,3295.23,15,494.28,2800.95,Debit Card,Cancelled,0
105608,2024-02-03,CUST1447,Vihaan Singh,Backpack,Accessories,North,Jaipur,3,1410.49,4231.47,5,211.57,4019.9,Net Banking,Cancelled,0
105609,2022-09-12,CUST1891,Deepa Kapoor,Shoes,Fashion,West,Ahmedabad,4,6106.48,24425.92,25,6106.48,18319.44,Debit Card,Delivered,0
105610,2022-11-30,CUST2543,Diya Sharma,Shoes,Fashion,North,Chandigarh,1,1818.61,1818.61,20,363.72,1454.89,Cash on Delivery,Returned,1
105611,2023-05-08,CUST3578,Sanjay Yadav,T-Shirt,Fashion,North,Lucknow,1,1697.33,1697.33,25,424.33,1273.0,Credit Card,Delivered,0
105612,2023-06-25,CUST2083,Diya Kumar,Shoes,Fashion,West,Ahmedabad,1,5344.09,5344.09,25,1336.02,4008.07,UPI,Returned,1
105613,2024-11-16,CUST4962,Rakesh Kapoor,Backpack,Accessories,South,Kochi,1,3087.31,3087.31,10,308.73,2778.58,Cash on Delivery,Cancelled,0
105614,2022-03-10,CUST3583,Sai Chopra,Mobile,Electronics,West,Ahmedabad,1,22729.52,22729.52,5,1136.48,21593.04,UPI,Delivered,0
105615,2022-03-19,CUST3984,Ananya Joshi,Watch,Fashion,West,Ahmedabad,2,20449.12,40898.24,20,8179.65,32718.59,Credit Card,Shipped,0
105616,2024-10-29,CUST2647,Amit Malhotra,T-Shirt,Fashion,East,Guwahati,5,1568.18,7840.9,20,1568.18,6272.72,Net Banking,Shipped,0
105617,2022-10-27,CUST1014,Reyansh Verma,Shoes,Fashion,North,Jaipur,3,4746.12,14238.36,10,1423.84,12814.52,UPI,Returned,1
105618,2024-02-06,CUST2609,Rahul Gupta,Camera,Electronics,South,Hyderabad,5,29242.51,146212.55,20,29242.51,116970.04,UPI,Shipped,0
105619,2024-02-10,CUST2157,Reyansh Desai,Mouse,Electronics,North,Jaipur,3,1697.67,5093.01,20,1018.6,4074.41,Credit Card,Cancelled,0
105620,2022-04-21,CUST3565,Arjun Agarwal,Shoes,Fashion,North,Delhi,1,3101.77,3101.77,25,775.44,2326.33,Net Banking,Delivered,0
105621,2022-05-17,CUST2665,Anika Bhat,T-Shirt,Fashion,South,Bengaluru,3,833.68,2501.04,10,250.1,2250.94,Cash on Delivery,Delivered,0
105622,2024-08-04,CUST1237,Ishaan Rao,Mobile,Electronics,South,Chennai,1,50653.29,50653.29,10,5065.33,45587.96,Cash on Delivery,Delivered,0
105623,2024-12-17,CUST4442,Myra Sharma,Backpack,Accessories,North,Jaipur,1,2953.88,2953.88,20,590.78,2363.1,Net Banking,Shipped,0
105624,2023-11-25,CUST3473,Aarav Sharma,Keyboard,Electronics,South,Kochi,1,2853.04,2853.04,15,427.96,2425.08,Net Banking,Delivered,0
105625,2022-05-28,CUST3787,Rahul Singh,Shoes,Fashion,North,Jaipur,5,6483.17,32415.85,0,0.0,32415.85,UPI,Returned,1
105626,2023-01-09,CUST3578,Priya Nair,Mobile,Electronics,North,Jaipur,5,17616.55,88082.75,5,4404.14,83678.61,Credit Card,Returned,1
105627,2022-05-11,CUST4787,Vihaan Iyer,Backpack,Accessories,West,Surat,3,2763.01,8289.03,5,414.45,7874.58,Cash on Delivery,Delivered,0
105628,2023-10-25,CUST2443,Rahul Gupta,Backpack,Accessories,West,Pune,3,1638.31,4914.93,0,0.0,4914.93,UPI,Returned,1
105629,2022-03-01,CUST4214,Amit Desai,Headphones,Electronics,North,Lucknow,1,6503.38,6503.38,0,0.0,6503.38,Net Banking,Returned,1
105630,2022-05-07,CUST2753,Isha Sharma,Camera,Electronics,West,Pune,2,53094.61,106189.22,10,10618.92,95570.3,UPI,Shipped,0
105631,2022-12-31,CUST1090,Anika Nair,Backpack,Accessories,West,Mumbai,3,1866.46,5599.38,10,559.94,5039.44,Cash on Delivery,Returned,1
105632,2023-01-28,CUST1414,Ananya Iyer,Camera,Electronics,East,Patna,1,39811.97,39811.97,5,1990.6,37821.37,Net Banking,Cancelled,0
105633,2023-08-18,CUST1273,Rahul Patel,Shoes,Fashion,North,Lucknow,4,3326.18,13304.72,10,1330.47,11974.25,Credit Card,Shipped,0
105634,2022-09-30,CUST2515,Deepa Agarwal,Keyboard,Electronics,West,Mumbai,1,2708.82,2708.82,25,677.21,2031.61,Debit Card,Delivered,0
105635,2024-04-19,CUST3237,Rakesh Kapoor,T-Shirt,Fashion,East,Patna,5,603.02,3015.1,5,150.75,2864.35,Debit Card,Cancelled,0
105636,2023-07-15,CUST4935,Myra Verma,Mobile,Electronics,South,Kochi,5,89451.74,447258.7,5,22362.94,424895.76,UPI,Delivered,0
105637,2022-08-01,CUST3434,Sai Iyer,Watch,Fashion,West,Mumbai,3,12901.18,38703.54,15,5805.53,32898.01,UPI,Delivered,0
105638,2024-07-19,CUST2074,Deepa Kapoor,Laptop,Electronics,West,Ahmedabad,3,35420.69,106262.07,15,15939.31,90322.76,Net Banking,Delivered,0
105639,2024-08-29,CUST3685,Vihaan Joshi,Laptop,Electronics,East,Kolkata,3,49334.09,148002.27,15,22200.34,125801.93,Cash on Delivery,Delivered,0
105640,2022-06-03,CUST2023,Aditya Kapoor,Mouse,Electronics,West,Mumbai,3,1785.25,5355.75,0,0.0,5355.75,UPI,Shipped,0
105641,2022-07-19,CUST2936,Neha Iyer,Shoes,Fashion,South,Bengaluru,1,1307.16,1307.16,20,261.43,1045.73,Net Banking,Returned,1
105642,2023-06-03,CUST4511,Ishaan Mehta,T-Shirt,Fashion,North,Delhi,1,1015.61,1015.61,10,101.56,914.05,Credit Card,Delivered,0
105643,2023-11-11,CUST1031,Aditya Patel,Keyboard,Electronics,West,Pune,2,2379.68,4759.36,0,0.0,4759.36,Cash on Delivery,Returned,1
105644,2023-12-01,CUST2228,Diya Patel,Watch,Fashion,South,Chennai,2,22581.75,45163.5,10,4516.35,40647.15,Debit Card,Shipped,0
105645,2024-08-23,CUST2222,Rahul Rao,Mouse,Electronics,North,Delhi,4,315.14,1260.56,25,315.14,945.42,Net Banking,Returned,1
105646,2024-05-29,CUST4951,Rakesh Malhotra,Camera,Electronics,South,Kochi,4,21622.51,86490.04,5,4324.5,82165.54,Credit Card,Delivered,0
105647,2024-10-05,CUST2898,Reyansh Kumar,Keyboard,Electronics,North,Jaipur,3,1920.06,5760.18,10,576.02,5184.16,Cash on Delivery,Returned,1
105648,2024-08-23,CUST1362,Myra Iyer,Mouse,Electronics,West,Mumbai,3,2458.02,7374.06,15,1106.11,6267.95,Debit Card,Delivered,0
105649,2023-10-15,CUST1898,Deepa Malhotra,Camera,Electronics,North,Lucknow,4,27761.04,111044.16,20,22208.83,88835.33,UPI,Cancelled,0
105650,2022-03-22,CUST3027,Amit Sharma,Keyboard,Electronics,South,Hyderabad,1,4470.37,4470.37,15,670.56,3799.81,Credit Card,Returned,1
105651,2024-12-04,CUST1426,Anika Patel,Laptop,Electronics,West,Surat,4,75203.42,300813.68,5,15040.68,285773.0,UPI,Cancelled,0
105652,2022-03-07,CUST4770,Ananya Malhotra,T-Shirt,Fashion,West,Pune,1,1701.22,1701.22,15,255.18,1446.04,UPI,Delivered,0
105653,2024-08-17,CUST3933,Kavya Malhotra,Mobile,Electronics,West,Surat,5,12651.26,63256.3,0,0.0,63256.3,Debit Card,Returned,1
105654,2024-09-22,CUST1720,Rakesh Sharma,Mouse,Electronics,South,Chennai,1,1121.13,1121.13,5,56.06,1065.07,UPI,Delivered,0
105655,2024-01-09,CUST4996,Myra Gupta,T-Shirt,Fashion,East,Bhubaneswar,5,1503.69,7518.45,20,1503.69,6014.76,Debit Card,Returned,1
105656,2023-01-07,CUST2085,Aadhya Iyer,Headphones,Electronics,North,Chandigarh,1,3567.97,3567.97,20,713.59,2854.38,Net Banking,Returned,1
105657,2023-08-20,CUST4374,Rohan Agarwal,Headphones,Electronics,South,Bengaluru,3,2711.93,8135.79,10,813.58,7322.21,Credit Card,Returned,1
105658,2023-05-05,CUST3553,Arjun Patel,Backpack,Accessories,East,Guwahati,5,2412.32,12061.6,5,603.08,11458.52,Net Banking,Cancelled,0
105659,2023-10-29,CUST4922,Reyansh Joshi,Camera,Electronics,East,Bhubaneswar,1,16262.5,16262.5,5,813.12,15449.38,Debit Card,Shipped,0
105660,2023-06-13,CUST3805,Aarav Joshi,T-Shirt,Fashion,West,Surat,1,857.58,857.58,0,0.0,857.58,Credit Card,Delivered,0
105661,2023-08-13,CUST2994,Priya Gupta,Laptop,Electronics,West,Mumbai,2,53336.93,106673.86,10,10667.39,96006.47,UPI,Returned,1
105662,2022-09-14,CUST4066,Vihaan Kumar,Backpack,Accessories,North,Lucknow,1,2548.25,2548.25,5,127.41,2420.84,UPI,Shipped,0
105663,2023-10-30,CUST4788,Kavya Malhotra,Backpack,Accessories,South,Kochi,1,3205.9,3205.9,15,480.88,2725.02,Cash on Delivery,Returned,1
105664,2022-10-16,CUST4895,Ishaan Kumar,Backpack,Accessories,East,Kolkata,3,1319.9,3959.7,20,791.94,3167.76,Net Banking,Shipped,0
105665,2022-10-26,CUST4418,Arjun Agarwal,Backpack,Accessories,South,Chennai,1,2936.65,2936.65,25,734.16,2202.49,UPI,Cancelled,0
105666,2024-06-12,CUST4017,Vivaan Patel,Watch,Fashion,South,Kochi,5,6571.56,32857.8,15,4928.67,27929.13,Net Banking,Returned,1
105667,2023-08-20,CUST2434,Neha Agarwal,Mobile,Electronics,East,Kolkata,2,72878.77,145757.54,5,7287.88,138469.66,Credit Card,Returned,1
105668,2023-10-18,CUST1379,Arjun Agarwal,Camera,Electronics,South,Kochi,4,38381.98,153527.92,25,38381.98,115145.94,Debit Card,Delivered,0
105669,2024-08-29,CUST1277,Arjun Sharma,Shoes,Fashion,North,Chandigarh,2,4629.05,9258.1,10,925.81,8332.29,Debit Card,Cancelled,0
105670,2022-07-07,CUST3886,Neha Malhotra,Mouse,Electronics,North,Jaipur,5,1317.73,6588.65,5,329.43,6259.22,Debit Card,Returned,1
105671,2022-10-22,CUST3322,Diya Agarwal,Mouse,Electronics,North,Delhi,1,2154.83,2154.83,5,107.74,2047.09,Debit Card,Cancelled,0
105672,2022-06-14,CUST3046,Suresh Bhat,Camera,Electronics,East,Bhubaneswar,5,40740.03,203700.15,15,30555.02,173145.13,Debit Card,Shipped,0
105673,2022-03-13,CUST3345,Kavya Patel,Mouse,Electronics,North,Jaipur,1,2329.48,2329.48,10,232.95,2096.53,Cash on Delivery,Cancelled,0
105674,2024-06-01,CUST2752,Ananya Reddy,Mobile,Electronics,East,Kolkata,4,16416.76,65667.04,15,9850.06,55816.98,Debit Card,Returned,1
105675,2024-01-14,CUST4935,Deepa Verma,Mouse,Electronics,West,Ahmedabad,2,1774.2,3548.4,10,354.84,3193.56,Net Banking,Delivered,0
105676,2023-08-07,CUST4584,Sai Agarwal,Keyboard,Electronics,West,Ahmedabad,4,1311.2,5244.8,15,786.72,4458.08,Debit Card,Delivered,0
105677,2022-06-15,CUST1983,Rakesh Yadav,Camera,Electronics,West,Mumbai,1,17535.03,17535.03,20,3507.01,14028.02,Debit Card,Shipped,0
105678,2024-11-01,CUST3466,Riya Pillai,Keyboard,Electronics,South,Chennai,1,3231.49,3231.49,0,0.0,3231.49,Debit Card,Returned,1
105679,2022-02-14,CUST4511,Anika Malhotra,Mobile,Electronics,West,Pune,2,87517.22,175034.44,10,17503.44,157531.0,Credit Card,Returned,1
105680,2023-01-31,CUST2073,Aadhya Agarwal,Laptop,Electronics,South,Bengaluru,2,117316.95,234633.9,5,11731.69,222902.21,Credit Card,Returned,1
105681,2023-06-06,CUST2478,Pooja Mehta,Watch,Fashion,South,Bengaluru,1,6831.92,6831.92,0,0.0,6831.92,Net Banking,Delivered,0
105682,2022-09-14,CUST2397,Sai Kapoor,Headphones,Electronics,East,Bhubaneswar,4,3130.87,12523.48,25,3130.87,9392.61,Net Banking,Returned,1
105683,2024-06-02,CUST1963,Deepa Gupta,Camera,Electronics,North,Lucknow,4,44456.5,177826.0,0,0.0,177826.0,Credit Card,Returned,1
105684,2022-09-11,CUST3017,Amit Iyer,Keyboard,Electronics,East,Bhubaneswar,1,2210.26,2210.26,20,442.05,1768.21,Debit Card,Shipped,0
105685,2022-09-13,CUST3974,Reyansh Chopra,Headphones,Electronics,West,Surat,2,5754.89,11509.78,0,0.0,11509.78,Debit Card,Returned,1
105686,2023-03-19,CUST3078,Amit Verma,Headphones,Electronics,East,Bhubaneswar,1,1643.79,1643.79,0,0.0,1643.79,Net Banking,Shipped,0
105687,2022-06-18,CUST3303,Rahul Yadav,Shoes,Fashion,East,Bhubaneswar,4,2057.02,8228.08,15,1234.21,6993.87,Cash on Delivery,Shipped,0
105688,2024-04-13,CUST3604,Amit Kapoor,Mouse,Electronics,West,Mumbai,1,2188.52,2188.52,20,437.7,1750.82,Net Banking,Shipped,0
105689,2023-05-24,CUST3070,Vikram Chopra,Camera,Electronics,South,Hyderabad,1,45577.14,45577.14,25,11394.28,34182.86,Net Banking,Delivered,0
105690,2024-04-15,CUST3330,Anika Desai,T-Shirt,Fashion,North,Chandigarh,2,1729.26,3458.52,10,345.85,3112.67,Net Banking,Shipped,0
105691,2024-12-20,CUST2113,Pooja Agarwal,Backpack,Accessories,North,Jaipur,2,1828.77,3657.54,25,914.38,2743.16,Credit Card,Cancelled,0
105692,2024-09-19,CUST2047,Suresh Chopra,T-Shirt,Fashion,South,Chennai,3,1034.11,3102.33,20,620.47,2481.86,Net Banking,Shipped,0
105693,2023-09-09,CUST3215,Myra Agarwal,Headphones,Electronics,West,Pune,5,5411.37,27056.85,10,2705.68,24351.17,Net Banking,Shipped,0
105694,2024-03-13,CUST2536,Diya Kapoor,Watch,Fashion,South,Chennai,4,5727.41,22909.64,15,3436.45,19473.19,Cash on Delivery,Delivered,0
105695,2023-11-29,CUST1989,Ishaan Mehta,Mouse,Electronics,East,Kolkata,1,2016.5,2016.5,20,403.3,1613.2,Net Banking,Cancelled,0
105696,2024-06-30,CUST3742,Vivaan Kapoor,Mouse,Electronics,South,Chennai,3,679.19,2037.57,10,203.76,1833.81,Debit Card,Shipped,0
105697,2023-08-20,CUST2593,Rohan Rao,Camera,Electronics,North,Chandigarh,2,48291.39,96582.78,10,9658.28,86924.5,UPI,Cancelled,0
105698,2022-04-11,CUST2573,Aadhya Verma,Mobile,Electronics,South,Hyderabad,5,13750.73,68753.65,15,10313.05,58440.6,Credit Card,Delivered,0
105699,2024-05-05,CUST4775,Aarav Agarwal,Camera,Electronics,North,Delhi,5,21670.12,108350.6,5,5417.53,102933.07,Credit Card,Cancelled,0
105700,2023-09-09,CUST2781,Rohan Reddy,Mobile,Electronics,South,Hyderabad,1,80949.7,80949.7,10,8094.97,72854.73,Credit Card,Shipped,0
105701,2022-05-16,CUST3030,Anika Gupta,Backpack,Accessories,West,Ahmedabad,2,3067.09,6134.18,5,306.71,5827.47,UPI,Returned,1
105702,2022-01-25,CUST4732,Rahul Verma,Laptop,Electronics,South,Hyderabad,2,79477.25,158954.5,0,0.0,158954.5,Debit Card,Cancelled,0
105703,2023-12-29,CUST2905,Meera Verma,T-Shirt,Fashion,East,Guwahati,5,1730.41,8652.05,15,1297.81,7354.24,Cash on Delivery,Shipped,0
105704,2024-07-23,CUST2384,Vivaan Mehta,Shoes,Fashion,South,Kochi,4,2304.43,9217.72,5,460.89,8756.83,Cash on Delivery,Returned,1
105705,2023-08-19,CUST4056,Deepa Iyer,Mobile,Electronics,West,Mumbai,3,63441.66,190324.98,5,9516.25,180808.73,Debit Card,Cancelled,0
105706,2024-05-15,CUST1395,Neha Iyer,Camera,Electronics,West,Surat,3,54004.73,162014.19,10,16201.42,145812.77,Credit Card,Returned,1
105707,2022-04-10,CUST4052,Vihaan Mehta,T-Shirt,Fashion,West,Ahmedabad,1,723.12,723.12,15,108.47,614.65,UPI,Cancelled,0
105708,2024-12-01,CUST2923,Deepa Mehta,T-Shirt,Fashion,West,Pune,2,1659.13,3318.26,5,165.91,3152.35,Cash on Delivery,Shipped,0
105709,2022-06-29,CUST2718,Aditya Kapoor,Shoes,Fashion,South,Hyderabad,2,6311.38,12622.76,10,1262.28,11360.48,Credit Card,Shipped,0
105710,2024-11-09,CUST2158,Anika Patel,Mouse,Electronics,West,Pune,2,1178.43,2356.86,15,353.53,2003.33,Cash on Delivery,Shipped,0
105711,2022-09-16,CUST3649,Myra Patel,Watch,Fashion,South,Kochi,3,3772.12,11316.36,20,2263.27,9053.09,Net Banking,Returned,1
105712,2022-10-15,CUST3861,Myra Rao,Mobile,Electronics,West,Mumbai,4,69755.86,279023.44,10,27902.34,251121.1,Net Banking,Shipped,0
105713,2024-12-18,CUST4109,Isha Bhat,Keyboard,Electronics,South,Hyderabad,2,1984.51,3969.02,15,595.35,3373.67,Net Banking,Cancelled,0
105714,2023-09-30,CUST1757,Priya Pillai,Keyboard,Electronics,South,Hyderabad,2,1423.56,2847.12,10,284.71,2562.41,Credit Card,Delivered,0
105715,2024-06-24,CUST2014,Aditya Kumar,Shoes,Fashion,North,Chandigarh,3,2031.73,6095.19,20,1219.04,4876.15,Net Banking,Returned,1
105716,2022-11-24,CUST2797,Priya Iyer,Keyboard,Electronics,South,Bengaluru,3,3396.09,10188.27,5,509.41,9678.86,Credit Card,Cancelled,0
105717,2023-11-20,CUST3184,Suresh Bhat,Keyboard,Electronics,East,Guwahati,2,3305.75,6611.5,0,0.0,6611.5,Cash on Delivery,Shipped,0
105718,2022-09-19,CUST2874,Vikram Kapoor,Mouse,Electronics,North,Chandigarh,1,631.87,631.87,10,63.19,568.68,Cash on Delivery,Delivered,0
105719,2023-08-03,CUST4298,Arjun Patel,Shoes,Fashion,South,Hyderabad,5,4930.19,24650.95,10,2465.09,22185.86,Cash on Delivery,Cancelled,0
105720,2022-05-22,CUST2662,Amit Malhotra,Backpack,Accessories,West,Surat,3,2395.57,7186.71,5,359.34,6827.37,UPI,Returned,1
105721,2024-10-07,CUST3757,Suresh Bhat,Mouse,Electronics,West,Surat,3,1559.07,4677.21,20,935.44,3741.77,Net Banking,Returned,1
105722,2022-03-27,CUST2994,Neha Malhotra,Keyboard,Electronics,South,Bengaluru,4,3316.36,13265.44,20,2653.09,10612.35,Net Banking,Delivered,0
105723,2023-04-26,CUST3131,Neha Iyer,T-Shirt,Fashion,West,Pune,4,1074.82,4299.28,20,859.86,3439.42,Net Banking,Delivered,0
105724,2023-01-27,CUST2369,Aditya Yadav,Camera,Electronics,West,Mumbai,5,22569.53,112847.65,20,22569.53,90278.12,Credit Card,Shipped,0
105725,2024-04-22,CUST3979,Neha Reddy,Headphones,Electronics,East,Guwahati,1,3645.85,3645.85,5,182.29,3463.56,Credit Card,Cancelled,0
105726,2023-08-13,CUST4450,Sara Bhat,Headphones,Electronics,North,Jaipur,1,2996.95,2996.95,10,299.69,2697.26,Net Banking,Cancelled,0
105727,2024-12-27,CUST1919,Riya Kumar,Backpack,Accessories,East,Patna,3,1802.76,5408.28,5,270.41,5137.87,Cash on Delivery,Shipped,0
105728,2023-08-06,CUST3701,Reyansh Kapoor,Laptop,Electronics,West,Pune,3,108575.2,325725.6,0,0.0,325725.6,Credit Card,Cancelled,0
105729,2022-11-18,CUST4549,Anika Bhat,T-Shirt,Fashion,North,Delhi,1,1394.72,1394.72,20,278.94,1115.78,Debit Card,Returned,1
105730,2023-11-21,CUST2289,Krishna Pillai,Laptop,Electronics,West,Surat,3,70638.09,211914.27,10,21191.43,190722.84,Net Banking,Returned,1
105731,2022-04-08,CUST1022,Ananya Agarwal,Camera,Electronics,North,Lucknow,1,20485.67,20485.67,20,4097.13,16388.54,Credit Card,Cancelled,0
105732,2023-01-26,CUST4589,Myra Bhat,Headphones,Electronics,West,Pune,1,5493.9,5493.9,5,274.69,5219.21,Cash on Delivery,Shipped,0
105733,2023-04-18,CUST2337,Anika Chopra,Backpack,Accessories,North,Jaipur,1,2780.98,2780.98,5,139.05,2641.93,Debit Card,Returned,1
105734,2024-12-21,CUST4281,Arjun Kumar,Mobile,Electronics,North,Lucknow,1,89881.07,89881.07,15,13482.16,76398.91,Cash on Delivery,Returned,1
105735,2023-10-13,CUST1224,Amit Desai,Laptop,Electronics,North,Delhi,1,88384.98,88384.98,20,17677.0,70707.98,Cash on Delivery,Delivered,0
105736,2022-07-21,CUST4966,Diya Gupta,Laptop,Electronics,North,Lucknow,2,35154.51,70309.02,15,10546.35,59762.67,UPI,Delivered,0
105737,2024-02-03,CUST1104,Vivaan Patel,Camera,Electronics,South,Chennai,1,19507.63,19507.63,15,2926.14,16581.49,Debit Card,Returned,1
105738,2022-10-06,CUST2288,Suresh Bhat,Headphones,Electronics,North,Lucknow,4,1938.14,7752.56,25,1938.14,5814.42,Cash on Delivery,Shipped,0
105739,2023-07-05,CUST1347,Rakesh Yadav,T-Shirt,Fashion,West,Ahmedabad,5,1067.62,5338.1,5,266.9,5071.2,Debit Card,Shipped,0
105740,2022-10-18,CUST2346,Aditya Sharma,Mouse,Electronics,West,Mumbai,3,485.66,1456.98,20,291.4,1165.58,Net Banking,Delivered,0
105741,2023-08-24,CUST3604,Suresh Iyer,Watch,Fashion,South,Hyderabad,5,20012.67,100063.35,20,20012.67,80050.68,Net Banking,Shipped,0
105742,2022-06-27,CUST1989,Aadhya Rao,Mobile,Electronics,West,Ahmedabad,3,18895.35,56686.05,20,11337.21,45348.84,UPI,Cancelled,0
105743,2024-07-02,CUST3734,Vivaan Patel,Backpack,Accessories,East,Kolkata,1,1835.62,1835.62,25,458.9,1376.72,Cash on Delivery,Cancelled,0
105744,2022-02-26,CUST3721,Kavya Nair,Laptop,Electronics,North,Delhi,5,116773.69,583868.45,15,87580.27,496288.18,Net Banking,Returned,1
105745,2022-12-28,CUST1780,Neha Desai,Mobile,Electronics,South,Chennai,3,11404.79,34214.37,0,0.0,34214.37,Net Banking,Shipped,0
105746,2024-02-04,CUST1210,Rahul Kumar,Mouse,Electronics,East,Bhubaneswar,3,1770.3,5310.9,25,1327.72,3983.18,Net Banking,Delivered,0
105747,2022-05-27,CUST2900,Vikram Kumar,Mobile,Electronics,South,Kochi,3,46609.74,139829.22,15,20974.38,118854.84,UPI,Delivered,0
105748,2023-10-20,CUST2016,Rakesh Reddy,Watch,Fashion,South,Hyderabad,3,3506.71,10520.13,0,0.0,10520.13,Net Banking,Delivered,0
105749,2024-11-09,CUST4440,Aadhya Bhat,Headphones,Electronics,South,Kochi,4,4098.82,16395.28,5,819.76,15575.52,UPI,Returned,1
105750,2022-10-16,CUST2183,Anika Chopra,Mouse,Electronics,West,Pune,5,2115.87,10579.35,15,1586.9,8992.45,Debit Card,Cancelled,0
105751,2023-10-17,CUST1410,Amit Verma,Backpack,Accessories,North,Lucknow,2,1412.35,2824.7,20,564.94,2259.76,Net Banking,Returned,1
105752,2022-02-06,CUST2189,Kavya Sharma,Mobile,Electronics,West,Pune,1,73581.63,73581.63,5,3679.08,69902.55,Cash on Delivery,Returned,1
105753,2023-12-01,CUST2233,Amit Rao,Mobile,Electronics,West,Pune,3,53492.39,160477.17,5,8023.86,152453.31,UPI,Cancelled,0
105754,2022-07-15,CUST1912,Ananya Iyer,Watch,Fashion,West,Mumbai,4,4664.88,18659.52,0,0.0,18659.52,UPI,Returned,1
105755,2022-10-11,CUST2858,Kavya Yadav,Laptop,Electronics,West,Ahmedabad,1,81276.64,81276.64,20,16255.33,65021.31,Cash on Delivery,Returned,1
105756,2022-11-09,CUST2638,Vivaan Chopra,T-Shirt,Fashion,South,Chennai,1,423.06,423.06,15,63.46,359.6,Cash on Delivery,Delivered,0
105757,2024-06-14,CUST4335,Diya Yadav,Laptop,Electronics,South,Bengaluru,5,56948.69,284743.45,0,0.0,284743.45,Net Banking,Cancelled,0
105758,2023-05-30,CUST4081,Vikram Joshi,Mobile,Electronics,North,Chandigarh,3,65610.16,196830.48,15,29524.57,167305.91,Credit Card,Cancelled,0
105759,2022-06-27,CUST1863,Sai Kapoor,Laptop,Electronics,West,Pune,4,36486.98,145947.92,10,14594.79,131353.13,Credit Card,Delivered,0
105760,2023-07-07,CUST1752,Suresh Kumar,Camera,Electronics,West,Surat,4,37813.04,151252.16,5,7562.61,143689.55,Net Banking,Delivered,0
105761,2024-04-20,CUST1014,Pooja Iyer,T-Shirt,Fashion,North,Jaipur,3,1640.75,4922.25,25,1230.56,3691.69,Credit Card,Shipped,0
105762,2024-12-24,CUST3908,Rahul Agarwal,Laptop,Electronics,East,Patna,4,63991.84,255967.36,10,25596.74,230370.62,Credit Card,Cancelled,0
105763,2023-11-20,CUST4108,Pooja Malhotra,Laptop,Electronics,North,Chandigarh,1,82007.77,82007.77,5,4100.39,77907.38,Cash on Delivery,Shipped,0
105764,2023-05-17,CUST2777,Vihaan Patel,Headphones,Electronics,South,Chennai,1,7071.5,7071.5,10,707.15,6364.35,Credit Card,Delivered,0
105765,2023-08-28,CUST1829,Priya Reddy,Mouse,Electronics,South,Hyderabad,2,2260.13,4520.26,10,452.03,4068.23,Debit Card,Shipped,0
105766,2024-01-18,CUST3941,Priya Mehta,Mobile,Electronics,East,Kolkata,1,41111.19,41111.19,5,2055.56,39055.63,UPI,Returned,1
105767,2023-11-28,CUST3826,Meera Kumar,Mouse,Electronics,South,Bengaluru,1,1157.78,1157.78,15,173.67,984.11,UPI,Cancelled,0
105768,2022-07-27,CUST1501,Amit Agarwal,T-Shirt,Fashion,North,Chandigarh,4,884.39,3537.56,10,353.76,3183.8,UPI,Shipped,0
105769,2022-01-28,CUST1997,Isha Reddy,Mouse,Electronics,West,Ahmedabad,2,1165.23,2330.46,5,116.52,2213.94,UPI,Delivered,0
105770,2024-07-30,CUST3454,Riya Agarwal,Mouse,Electronics,South,Kochi,1,554.76,554.76,0,0.0,554.76,Net Banking,Cancelled,0
105771,2023-08-04,CUST3460,Reyansh Rao,Keyboard,Electronics,East,Bhubaneswar,1,2838.57,2838.57,10,283.86,2554.71,Debit Card,Shipped,0
105772,2023-08-06,CUST3583,Myra Pillai,Headphones,Electronics,South,Hyderabad,1,3792.05,3792.05,15,568.81,3223.24,Debit Card,Cancelled,0
105773,2024-08-20,CUST2957,Anika Rao,Laptop,Electronics,North,Lucknow,1,56019.82,56019.82,15,8402.97,47616.85,Cash on Delivery,Shipped,0
105774,2022-07-24,CUST4770,Kavya Chopra,Mouse,Electronics,West,Mumbai,2,922.06,1844.12,25,461.03,1383.09,Cash on Delivery,Shipped,0
105775,2024-10-08,CUST4954,Isha Sharma,Laptop,Electronics,East,Kolkata,3,68384.81,205154.43,10,20515.44,184638.99,Credit Card,Delivered,0
105776,2024-02-09,CUST3708,Vikram Reddy,T-Shirt,Fashion,East,Patna,4,1657.43,6629.72,5,331.49,6298.23,Cash on Delivery,Shipped,0
105777,2022-10-18,CUST1916,Aditya Pillai,Headphones,Electronics,West,Pune,2,3903.48,7806.96,5,390.35,7416.61,UPI,Shipped,0
105778,2022-04-01,CUST4699,Suresh Desai,Mouse,Electronics,South,Hyderabad,5,1221.31,6106.55,5,305.33,5801.22,Net Banking,Shipped,0
105779,2024-07-02,CUST4860,Kavya Patel,Headphones,Electronics,South,Kochi,4,7474.91,29899.64,15,4484.95,25414.69,UPI,Delivered,0
105780,2024-05-03,CUST4677,Ishaan Sharma,Laptop,Electronics,South,Kochi,2,93895.15,187790.3,15,28168.54,159621.76,UPI,Returned,1
105781,2023-06-07,CUST3977,Priya Mehta,Headphones,Electronics,North,Delhi,5,5546.52,27732.6,25,6933.15,20799.45,Debit Card,Shipped,0
105782,2023-01-12,CUST2233,Kavya Gupta,Shoes,Fashion,North,Jaipur,3,1389.12,4167.36,10,416.74,3750.62,Net Banking,Returned,1
105783,2022-05-26,CUST1834,Anika Iyer,T-Shirt,Fashion,East,Kolkata,3,1662.01,4986.03,5,249.3,4736.73,UPI,Delivered,0
105784,2024-05-05,CUST2393,Aadhya Sharma,T-Shirt,Fashion,East,Kolkata,2,368.2,736.4,15,110.46,625.94,Cash on Delivery,Delivered,0
105785,2024-02-29,CUST3329,Vivaan Agarwal,Keyboard,Electronics,West,Mumbai,2,1812.76,3625.52,10,362.55,3262.97,Debit Card,Returned,1
105786,2022-06-27,CUST4450,Aditya Verma,Mouse,Electronics,East,Patna,5,1504.53,7522.65,15,1128.4,6394.25,UPI,Returned,1
105787,2022-04-23,CUST4153,Rakesh Joshi,Keyboard,Electronics,North,Chandigarh,4,2611.67,10446.68,5,522.33,9924.35,Cash on Delivery,Cancelled,0
105788,2022-01-08,CUST2342,Isha Reddy,Laptop,Electronics,North,Chandigarh,1,69490.25,69490.25,15,10423.54,59066.71,Cash on Delivery,Shipped,0
105789,2024-11-20,CUST3109,Rakesh Sharma,Laptop,Electronics,South,Chennai,3,70645.58,211936.74,15,31790.51,180146.23,Cash on Delivery,Delivered,0
105790,2024-09-19,CUST3901,Diya Kapoor,T-Shirt,Fashion,West,Ahmedabad,4,1043.79,4175.16,5,208.76,3966.4,Net Banking,Returned,1
105791,2023-03-18,CUST3450,Anika Yadav,Laptop,Electronics,West,Mumbai,1,99871.32,99871.32,5,4993.57,94877.75,UPI,Shipped,0
105792,2023-11-21,CUST4708,Rakesh Bhat,Headphones,Electronics,South,Chennai,2,2825.2,5650.4,20,1130.08,4520.32,Credit Card,Returned,1
105793,2023-10-23,CUST1306,Arjun Agarwal,Watch,Fashion,North,Chandigarh,5,6013.44,30067.2,0,0.0,30067.2,Cash on Delivery,Returned,1
105794,2024-06-08,CUST2469,Reyansh Verma,Laptop,Electronics,East,Guwahati,3,49486.81,148460.43,5,7423.02,141037.41,UPI,Delivered,0
105795,2022-07-02,CUST1806,Myra Iyer,Camera,Electronics,North,Delhi,2,48230.28,96460.56,15,14469.08,81991.48,UPI,Shipped,0
105796,2022-05-03,CUST2348,Rakesh Gupta,Keyboard,Electronics,West,Ahmedabad,2,3017.1,6034.2,10,603.42,5430.78,Credit Card,Delivered,0
105797,2023-02-16,CUST2659,Pooja Mehta,Backpack,Accessories,West,Pune,1,1474.78,1474.78,20,294.96,1179.82,Debit Card,Returned,1
105798,2022-12-21,CUST2996,Aarav Mehta,Headphones,Electronics,North,Lucknow,1,2199.34,2199.34,10,219.93,1979.41,UPI,Shipped,0
105799,2024-07-12,CUST4227,Sanjay Kumar,Laptop,Electronics,East,Kolkata,1,80458.3,80458.3,0,0.0,80458.3,Net Banking,Shipped,0
105800,2023-04-23,CUST3767,Vikram Gupta,T-Shirt,Fashion,South,Chennai,5,886.57,4432.85,5,221.64,4211.21,Credit Card,Cancelled,0
105801,2024-06-12,CUST2080,Myra Joshi,Backpack,Accessories,South,Bengaluru,2,1234.53,2469.06,25,617.26,1851.8,Net Banking,Delivered,0
105802,2024-10-06,CUST2664,Suresh Patel,Keyboard,Electronics,East,Patna,5,2844.42,14222.1,5,711.11,13510.99,Credit Card,Cancelled,0
105803,2024-04-15,CUST1070,Amit Patel,Camera,Electronics,West,Ahmedabad,4,40724.88,162899.52,10,16289.95,146609.57,Debit Card,Delivered,0
105804,2024-05-25,CUST2807,Sara Joshi,Camera,Electronics,West,Pune,1,22192.77,22192.77,0,0.0,22192.77,UPI,Delivered,0
105805,2023-03-01,CUST4971,Pooja Nair,Keyboard,Electronics,West,Mumbai,2,2144.29,4288.58,25,1072.14,3216.44,Debit Card,Delivered,0
105806,2023-08-21,CUST2352,Vikram Bhat,Headphones,Electronics,North,Lucknow,2,5193.37,10386.74,15,1558.01,8828.73,Cash on Delivery,Delivered,0
105807,2022-05-14,CUST4234,Vikram Joshi,Camera,Electronics,East,Guwahati,2,37332.01,74664.02,5,3733.2,70930.82,Debit Card,Shipped,0
105808,2024-09-15,CUST3174,Kavya Agarwal,Keyboard,Electronics,East,Guwahati,3,2612.38,7837.14,5,391.86,7445.28,Credit Card,Delivered,0
105809,2024-10-31,CUST2190,Myra Desai,Headphones,Electronics,East,Kolkata,5,6126.84,30634.2,5,1531.71,29102.49,Cash on Delivery,Shipped,0
105810,2024-02-01,CUST1125,Amit Pillai,Mouse,Electronics,West,Ahmedabad,1,1760.09,1760.09,0,0.0,1760.09,Net Banking,Cancelled,0
105811,2024-09-08,CUST1704,Rahul Nair,Laptop,Electronics,North,Jaipur,4,56566.08,226264.32,10,22626.43,203637.89,Credit Card,Returned,1
105812,2024-07-21,CUST3656,Priya Malhotra,Camera,Electronics,North,Jaipur,1,36757.59,36757.59,5,1837.88,34919.71,Credit Card,Returned,1
105813,2022-02-28,CUST2505,Sanjay Pillai,Laptop,Electronics,East,Bhubaneswar,1,45196.34,45196.34,15,6779.45,38416.89,UPI,Cancelled,0
105814,2024-07-13,CUST4209,Sanjay Rao,Keyboard,Electronics,West,Pune,3,3407.08,10221.24,10,1022.12,9199.12,Credit Card,Returned,1
105815,2023-11-19,CUST4594,Rohan Kapoor,Backpack,Accessories,West,Ahmedabad,1,1291.6,1291.6,10,129.16,1162.44,Net Banking,Cancelled,0
105816,2022-01-17,CUST1889,Suresh Chopra,Watch,Fashion,West,Ahmedabad,3,17429.04,52287.12,5,2614.36,49672.76,Net Banking,Returned,1
105817,2022-03-25,CUST3670,Ishaan Pillai,Mouse,Electronics,North,Chandigarh,4,1687.1,6748.4,25,1687.1,5061.3,UPI,Delivered,0
105818,2023-06-21,CUST2175,Riya Gupta,T-Shirt,Fashion,North,Jaipur,1,1491.43,1491.43,10,149.14,1342.29,Credit Card,Delivered,0
105819,2022-07-20,CUST2419,Sanjay Verma,T-Shirt,Fashion,North,Chandigarh,1,1179.13,1179.13,0,0.0,1179.13,Net Banking,Returned,1
105820,2022-05-15,CUST4463,Anika Nair,T-Shirt,Fashion,West,Surat,4,929.71,3718.84,15,557.83,3161.01,Credit Card,Cancelled,0
105821,2023-10-02,CUST1122,Sanjay Gupta,Camera,Electronics,South,Kochi,1,19148.7,19148.7,10,1914.87,17233.83,Net Banking,Returned,1
105822,2022-03-07,CUST4716,Sai Mehta,Mobile,Electronics,South,Chennai,4,42336.67,169346.68,5,8467.33,160879.35,Credit Card,Delivered,0
105823,2024-07-31,CUST2747,Vikram Reddy,Shoes,Fashion,South,Kochi,2,2203.19,4406.38,10,440.64,3965.74,UPI,Delivered,0
105824,2024-05-29,CUST4603,Aditya Chopra,Backpack,Accessories,North,Lucknow,4,1455.78,5823.12,15,873.47,4949.65,Debit Card,Delivered,0
105825,2024-04-21,CUST3828,Sara Reddy,Laptop,Electronics,South,Hyderabad,4,93594.52,374378.08,0,0.0,374378.08,Credit Card,Shipped,0
105826,2022-04-30,CUST4751,Sara Kumar,Headphones,Electronics,South,Kochi,5,6485.01,32425.05,20,6485.01,25940.04,Net Banking,Returned,1
105827,2024-11-09,CUST2825,Aarav Nair,Keyboard,Electronics,South,Bengaluru,2,2175.14,4350.28,25,1087.57,3262.71,Debit Card,Shipped,0
105828,2022-07-20,CUST1548,Vihaan Rao,Keyboard,Electronics,North,Chandigarh,4,1233.87,4935.48,5,246.77,4688.71,UPI,Cancelled,0
105829,2024-06-23,CUST4417,Myra Pillai,Mobile,Electronics,East,Guwahati,5,49786.03,248930.15,0,0.0,248930.15,Credit Card,Returned,1
105830,2024-04-02,CUST3094,Arjun Pillai,Camera,Electronics,South,Bengaluru,3,39618.41,118855.23,5,5942.76,112912.47,Cash on Delivery,Returned,1
105831,2023-07-29,CUST1150,Sanjay Nair,Mouse,Electronics,West,Mumbai,1,1943.69,1943.69,0,0.0,1943.69,Debit Card,Returned,1
105832,2024-08-09,CUST2534,Rohan Reddy,Headphones,Electronics,South,Bengaluru,3,7185.74,21557.22,5,1077.86,20479.36,Net Banking,Cancelled,0
105833,2024-01-13,CUST4783,Rahul Nair,Laptop,Electronics,North,Jaipur,4,81630.28,326521.12,5,16326.06,310195.06,Cash on Delivery,Delivered,0
105834,2024-12-02,CUST3295,Kavya Rao,Watch,Fashion,North,Chandigarh,2,12329.63,24659.26,5,1232.96,23426.3,UPI,Delivered,0
105835,2022-06-28,CUST4042,Deepa Reddy,T-Shirt,Fashion,North,Jaipur,5,658.18,3290.9,10,329.09,2961.81,Debit Card,Returned,1
105836,2023-09-05,CUST3302,Rohan Joshi,Keyboard,Electronics,South,Chennai,4,4354.71,17418.84,15,2612.83,14806.01,Cash on Delivery,Returned,1
105837,2022-08-12,CUST1381,Riya Kumar,Watch,Fashion,West,Pune,1,8260.11,8260.11,15,1239.02,7021.09,Debit Card,Delivered,0
105838,2022-12-01,CUST1324,Riya Rao,Mobile,Electronics,South,Kochi,4,29833.18,119332.72,5,5966.64,113366.08,Net Banking,Cancelled,0
105839,2022-04-08,CUST2171,Isha Singh,Headphones,Electronics,North,Jaipur,1,7175.09,7175.09,10,717.51,6457.58,Cash on Delivery,Shipped,0
105840,2023-12-24,CUST2033,Isha Kumar,Mouse,Electronics,West,Ahmedabad,1,2481.83,2481.83,15,372.27,2109.56,Debit Card,Cancelled,0
105841,2023-12-19,CUST4757,Ishaan Chopra,Laptop,Electronics,North,Chandigarh,4,106260.84,425043.36,25,106260.84,318782.52,Cash on Delivery,Delivered,0
105842,2022-05-18,CUST3318,Priya Verma,Mouse,Electronics,West,Surat,4,418.52,1674.08,5,83.7,1590.38,Cash on Delivery,Delivered,0
105843,2022-09-22,CUST3275,Ananya Pillai,Mobile,Electronics,West,Ahmedabad,2,87662.67,175325.34,5,8766.27,166559.07,Net Banking,Cancelled,0
105844,2023-12-19,CUST3530,Deepa Agarwal,Laptop,Electronics,East,Guwahati,1,43740.09,43740.09,15,6561.01,37179.08,Cash on Delivery,Cancelled,0
105845,2024-10-31,CUST2472,Sanjay Patel,Camera,Electronics,East,Guwahati,4,36859.45,147437.8,10,14743.78,132694.02,UPI,Cancelled,0
105846,2024-11-27,CUST3062,Ishaan Verma,T-Shirt,Fashion,East,Kolkata,2,1659.44,3318.88,0,0.0,3318.88,Net Banking,Shipped,0
105847,2022-01-20,CUST2058,Vivaan Sharma,Shoes,Fashion,North,Jaipur,2,2830.26,5660.52,10,566.05,5094.47,Debit Card,Returned,1
105848,2024-11-22,CUST1157,Ananya Malhotra,Shoes,Fashion,East,Kolkata,4,5127.93,20511.72,0,0.0,20511.72,Credit Card,Cancelled,0
105849,2023-09-12,CUST3412,Kavya Reddy,Backpack,Accessories,North,Chandigarh,5,3244.15,16220.75,25,4055.19,12165.56,Cash on Delivery,Cancelled,0
105850,2024-05-17,CUST1453,Arjun Iyer,Camera,Electronics,North,Chandigarh,3,21933.61,65800.83,10,6580.08,59220.75,Net Banking,Shipped,0
105851,2022-11-18,CUST2650,Meera Kumar,Laptop,Electronics,South,Bengaluru,5,68470.54,342352.7,0,0.0,342352.7,Credit Card,Cancelled,0
105852,2022-07-28,CUST4355,Ishaan Kapoor,Mouse,Electronics,East,Bhubaneswar,2,414.84,829.68,0,0.0,829.68,Debit Card,Delivered,0
105853,2022-08-13,CUST1073,Aditya Bhat,Shoes,Fashion,South,Bengaluru,1,4216.02,4216.02,10,421.6,3794.42,Debit Card,Cancelled,0
105854,2023-12-17,CUST1764,Suresh Kapoor,Keyboard,Electronics,North,Chandigarh,3,2672.99,8018.97,5,400.95,7618.02,Net Banking,Shipped,0
105855,2023-09-01,CUST4660,Ananya Yadav,Mouse,Electronics,North,Jaipur,2,2320.72,4641.44,20,928.29,3713.15,Net Banking,Cancelled,0
105856,2022-11-01,CUST3267,Reyansh Kumar,Camera,Electronics,East,Guwahati,2,43951.05,87902.1,5,4395.1,83507.0,Cash on Delivery,Cancelled,0
105857,2023-02-21,CUST2934,Vikram Kapoor,T-Shirt,Fashion,North,Lucknow,3,1370.23,4110.69,20,822.14,3288.55,Credit Card,Delivered,0
105858,2024-09-22,CUST1787,Ananya Chopra,Backpack,Accessories,South,Hyderabad,1,1847.36,1847.36,15,277.1,1570.26,Credit Card,Returned,1
105859,2022-03-12,CUST3968,Rakesh Singh,Headphones,Electronics,South,Bengaluru,5,3831.31,19156.55,20,3831.31,15325.24,Cash on Delivery,Cancelled,0
105860,2024-07-29,CUST2723,Sara Malhotra,Laptop,Electronics,East,Kolkata,1,43937.64,43937.64,15,6590.65,37346.99,Cash on Delivery,Delivered,0
105861,2023-09-15,CUST3484,Ananya Desai,Shoes,Fashion,East,Bhubaneswar,3,6025.23,18075.69,0,0.0,18075.69,Credit Card,Returned,1
105862,2023-12-09,CUST1603,Reyansh Pillai,Laptop,Electronics,North,Jaipur,1,53242.18,53242.18,5,2662.11,50580.07,UPI,Cancelled,0
105863,2023-10-07,CUST2188,Suresh Patel,Laptop,Electronics,South,Kochi,3,45234.37,135703.11,20,27140.62,108562.49,UPI,Cancelled,0
105864,2024-11-12,CUST4537,Diya Iyer,Keyboard,Electronics,South,Chennai,5,686.04,3430.2,10,343.02,3087.18,Debit Card,Cancelled,0
105865,2024-11-05,CUST2933,Rakesh Yadav,Laptop,Electronics,East,Kolkata,1,76179.72,76179.72,0,0.0,76179.72,Net Banking,Delivered,0
105866,2024-03-13,CUST3280,Priya Desai,Backpack,Accessories,West,Ahmedabad,1,1672.24,1672.24,20,334.45,1337.79,Credit Card,Returned,1
105867,2023-11-09,CUST3580,Pooja Malhotra,Headphones,Electronics,South,Chennai,5,3537.77,17688.85,0,0.0,17688.85,UPI,Shipped,0
105868,2022-02-22,CUST4265,Ananya Verma,Watch,Fashion,East,Kolkata,2,1747.59,3495.18,15,524.28,2970.9,UPI,Returned,1
105869,2023-11-08,CUST2889,Kavya Singh,Mobile,Electronics,West,Ahmedabad,3,58010.02,174030.06,10,17403.01,156627.05,Cash on Delivery,Shipped,0
105870,2022-08-03,CUST3575,Suresh Yadav,Backpack,Accessories,West,Mumbai,1,2032.59,2032.59,0,0.0,2032.59,Net Banking,Shipped,0
105871,2024-12-10,CUST3365,Rohan Desai,Mobile,Electronics,North,Lucknow,3,16782.84,50348.52,10,5034.85,45313.67,Credit Card,Shipped,0
105872,2022-05-12,CUST1878,Kavya Joshi,Shoes,Fashion,South,Chennai,1,4710.98,4710.98,0,0.0,4710.98,Credit Card,Delivered,0
105873,2022-03-25,CUST2032,Riya Pillai,Keyboard,Electronics,East,Bhubaneswar,2,1439.6,2879.2,20,575.84,2303.36,UPI,Cancelled,0
105874,2024-09-29,CUST3406,Suresh Gupta,Camera,Electronics,West,Surat,3,20492.1,61476.3,10,6147.63,55328.67,UPI,Returned,1
105875,2023-12-12,CUST4394,Priya Desai,T-Shirt,Fashion,South,Chennai,3,1344.21,4032.63,0,0.0,4032.63,UPI,Delivered,0
105876,2022-03-17,CUST1836,Pooja Yadav,T-Shirt,Fashion,South,Bengaluru,2,1596.63,3193.26,5,159.66,3033.6,Debit Card,Cancelled,0
105877,2024-10-23,CUST4195,Krishna Rao,Headphones,Electronics,North,Chandigarh,1,2080.94,2080.94,10,208.09,1872.85,UPI,Delivered,0
105878,2022-12-30,CUST1824,Meera Agarwal,Camera,Electronics,East,Patna,3,43942.65,131827.95,0,0.0,131827.95,Net Banking,Returned,1
105879,2022-04-22,CUST2419,Krishna Patel,T-Shirt,Fashion,East,Bhubaneswar,2,1448.5,2897.0,20,579.4,2317.6,Debit Card,Cancelled,0
105880,2024-06-23,CUST3382,Myra Singh,Camera,Electronics,East,Bhubaneswar,1,32233.21,32233.21,15,4834.98,27398.23,Net Banking,Shipped,0
105881,2023-10-29,CUST1608,Neha Iyer,Headphones,Electronics,South,Chennai,2,7849.42,15698.84,10,1569.88,14128.96,Debit Card,Shipped,0
105882,2023-05-16,CUST2966,Suresh Sharma,Mobile,Electronics,North,Delhi,1,60442.87,60442.87,10,6044.29,54398.58,Cash on Delivery,Cancelled,0
105883,2023-02-12,CUST2434,Pooja Rao,Keyboard,Electronics,South,Bengaluru,5,805.84,4029.2,0,0.0,4029.2,Cash on Delivery,Shipped,0
105884,2022-04-07,CUST3883,Pooja Chopra,Headphones,Electronics,West,Mumbai,1,1028.51,1028.51,20,205.7,822.81,Credit Card,Delivered,0
105885,2024-11-11,CUST3571,Rakesh Chopra,Backpack,Accessories,North,Delhi,1,2645.86,2645.86,10,264.59,2381.27,Credit Card,Delivered,0
105886,2023-09-13,CUST4384,Vihaan Singh,Camera,Electronics,North,Delhi,4,49089.01,196356.04,20,39271.21,157084.83,Cash on Delivery,Returned,1
105887,2023-11-10,CUST1744,Vivaan Kapoor,Headphones,Electronics,East,Patna,1,1345.84,1345.84,25,336.46,1009.38,Net Banking,Delivered,0
105888,2022-07-13,CUST4909,Rohan Yadav,Mouse,Electronics,South,Bengaluru,1,420.97,420.97,10,42.1,378.87,Net Banking,Shipped,0
105889,2024-02-21,CUST3054,Neha Bhat,Keyboard,Electronics,South,Bengaluru,3,626.06,1878.18,10,187.82,1690.36,Credit Card,Shipped,0
105890,2023-08-29,CUST2389,Anika Iyer,Camera,Electronics,West,Ahmedabad,4,17568.54,70274.16,10,7027.42,63246.74,Net Banking,Shipped,0
105891,2024-08-26,CUST4044,Meera Yadav,Watch,Fashion,North,Lucknow,2,22046.22,44092.44,25,11023.11,33069.33,Debit Card,Delivered,0
105892,2022-01-28,CUST4484,Rakesh Malhotra,Backpack,Accessories,South,Chennai,3,3365.0,10095.0,15,1514.25,8580.75,Credit Card,Delivered,0
105893,2023-07-08,CUST3583,Priya Verma,Camera,Electronics,West,Pune,2,31868.54,63737.08,20,12747.42,50989.66,UPI,Cancelled,0
105894,2022-06-23,CUST2812,Aadhya Sharma,Mobile,Electronics,South,Hyderabad,2,14917.82,29835.64,10,2983.56,26852.08,Credit Card,Delivered,0
105895,2024-03-09,CUST2167,Vihaan Verma,Shoes,Fashion,South,Kochi,5,3327.09,16635.45,0,0.0,16635.45,UPI,Shipped,0
105896,2024-03-10,CUST4519,Sara Kumar,Headphones,Electronics,West,Mumbai,1,4203.94,4203.94,25,1050.98,3152.96,Credit Card,Shipped,0
105897,2022-08-27,CUST3477,Suresh Rao,T-Shirt,Fashion,North,Chandigarh,2,363.58,727.16,10,72.72,654.44,Net Banking,Delivered,0
105898,2023-09-02,CUST2058,Sara Gupta,Backpack,Accessories,North,Jaipur,1,2842.5,2842.5,5,142.12,2700.38,Cash on Delivery,Returned,1
105899,2024-03-27,CUST4159,Sai Rao,Laptop,Electronics,West,Pune,4,57283.37,229133.48,10,22913.35,206220.13,Net Banking,Shipped,0
105900,2023-04-23,CUST4744,Reyansh Nair,Keyboard,Electronics,East,Patna,1,4358.01,4358.01,10,435.8,3922.21,Debit Card,Returned,1
105901,2024-08-02,CUST1364,Aadhya Pillai,Watch,Fashion,East,Kolkata,2,9224.81,18449.62,5,922.48,17527.14,Net Banking,Shipped,0
105902,2022-08-27,CUST3054,Krishna Desai,Keyboard,Electronics,South,Kochi,1,3738.21,3738.21,0,0.0,3738.21,Cash on Delivery,Shipped,0
105903,2022-12-06,CUST1239,Riya Iyer,Shoes,Fashion,North,Chandigarh,3,5298.2,15894.6,15,2384.19,13510.41,Net Banking,Returned,1
105904,2022-04-17,CUST4506,Meera Sharma,Watch,Fashion,North,Chandigarh,5,4550.41,22752.05,5,1137.6,21614.45,Credit Card,Shipped,0
105905,2022-01-08,CUST2705,Ananya Sharma,Mouse,Electronics,West,Ahmedabad,1,2493.66,2493.66,5,124.68,2368.98,UPI,Returned,1
105906,2024-07-21,CUST3614,Reyansh Pillai,T-Shirt,Fashion,South,Chennai,4,1424.4,5697.6,15,854.64,4842.96,Net Banking,Returned,1
105907,2023-07-04,CUST2680,Priya Gupta,T-Shirt,Fashion,North,Chandigarh,3,731.48,2194.44,0,0.0,2194.44,Cash on Delivery,Shipped,0
105908,2022-01-31,CUST4317,Ananya Iyer,Camera,Electronics,South,Chennai,1,34935.42,34935.42,15,5240.31,29695.11,Debit Card,Shipped,0
105909,2023-08-01,CUST2058,Myra Sharma,Keyboard,Electronics,East,Kolkata,3,1140.79,3422.37,0,0.0,3422.37,Net Banking,Cancelled,0
105910,2023-08-25,CUST4435,Neha Nair,T-Shirt,Fashion,South,Hyderabad,1,646.03,646.03,5,32.3,613.73,UPI,Cancelled,0
105911,2022-03-05,CUST2051,Aarav Desai,Shoes,Fashion,North,Jaipur,5,2905.72,14528.6,5,726.43,13802.17,UPI,Shipped,0
105912,2022-08-09,CUST4305,Suresh Mehta,T-Shirt,Fashion,South,Chennai,2,559.87,1119.74,0,0.0,1119.74,Debit Card,Shipped,0
105913,2024-01-18,CUST2282,Neha Desai,Headphones,Electronics,South,Chennai,1,5547.3,5547.3,15,832.1,4715.2,UPI,Returned,1
105914,2022-02-25,CUST2909,Kavya Yadav,Shoes,Fashion,North,Chandigarh,4,5297.38,21189.52,10,2118.95,19070.57,Credit Card,Shipped,0
105915,2023-03-08,CUST1443,Vihaan Chopra,Keyboard,Electronics,South,Kochi,4,3073.39,12293.56,10,1229.36,11064.2,Net Banking,Returned,1
105916,2024-07-28,CUST1240,Aditya Yadav,Camera,Electronics,North,Delhi,4,35502.6,142010.4,0,0.0,142010.4,Debit Card,Delivered,0
105917,2024-11-04,CUST4205,Aditya Kapoor,Watch,Fashion,East,Guwahati,2,3828.74,7657.48,25,1914.37,5743.11,Credit Card,Delivered,0
105918,2024-07-11,CUST4899,Aditya Kumar,T-Shirt,Fashion,West,Pune,4,1559.38,6237.52,25,1559.38,4678.14,UPI,Shipped,0
105919,2024-09-07,CUST4424,Anika Singh,Mobile,Electronics,South,Bengaluru,4,36880.23,147520.92,5,7376.05,140144.87,Debit Card,Returned,1
105920,2023-07-17,CUST4630,Vivaan Singh,Mouse,Electronics,North,Delhi,4,2404.51,9618.04,5,480.9,9137.14,Credit Card,Delivered,0
105921,2024-09-27,CUST2547,Ananya Rao,T-Shirt,Fashion,South,Hyderabad,3,1742.04,5226.12,0,0.0,5226.12,UPI,Delivered,0
105922,2024-11-30,CUST1249,Reyansh Singh,Keyboard,Electronics,South,Bengaluru,4,3812.56,15250.24,10,1525.02,13725.22,Net Banking,Delivered,0
105923,2022-01-07,CUST1541,Vihaan Gupta,Backpack,Accessories,South,Chennai,3,2775.29,8325.87,5,416.29,7909.58,Credit Card,Shipped,0
105924,2024-06-30,CUST4904,Kavya Patel,Mouse,Electronics,West,Pune,2,1309.86,2619.72,0,0.0,2619.72,Credit Card,Returned,1
105925,2023-03-31,CUST3923,Vihaan Sharma,Watch,Fashion,West,Pune,2,13931.84,27863.68,10,2786.37,25077.31,UPI,Shipped,0
105926,2024-10-05,CUST4869,Vihaan Bhat,Watch,Fashion,South,Kochi,1,9853.15,9853.15,0,0.0,9853.15,Cash on Delivery,Cancelled,0
105927,2023-06-17,CUST4447,Kavya Rao,Headphones,Electronics,West,Ahmedabad,1,7037.53,7037.53,0,0.0,7037.53,Cash on Delivery,Delivered,0
105928,2022-05-08,CUST2093,Reyansh Pillai,Mouse,Electronics,South,Kochi,2,850.4,1700.8,5,85.04,1615.76,Net Banking,Shipped,0
105929,2022-06-11,CUST2226,Neha Singh,Watch,Fashion,West,Pune,2,9842.29,19684.58,10,1968.46,17716.12,Cash on Delivery,Shipped,0
105930,2022-10-06,CUST4923,Vihaan Iyer,Watch,Fashion,South,Kochi,2,22423.13,44846.26,0,0.0,44846.26,Credit Card,Delivered,0
105931,2022-04-08,CUST1654,Sai Kapoor,Camera,Electronics,East,Kolkata,1,54284.28,54284.28,10,5428.43,48855.85,Debit Card,Cancelled,0
105932,2022-06-07,CUST1113,Reyansh Chopra,Watch,Fashion,South,Kochi,3,5453.27,16359.81,0,0.0,16359.81,Cash on Delivery,Cancelled,0
105933,2022-10-16,CUST1842,Aadhya Bhat,Keyboard,Electronics,North,Chandigarh,2,3931.63,7863.26,5,393.16,7470.1,Net Banking,Delivered,0
105934,2023-11-08,CUST2111,Deepa Chopra,Mouse,Electronics,South,Hyderabad,1,712.57,712.57,25,178.14,534.43,Credit Card,Delivered,0
105935,2022-05-22,CUST4685,Suresh Singh,Watch,Fashion,East,Guwahati,2,12519.71,25039.42,25,6259.85,18779.57,UPI,Shipped,0
105936,2023-08-11,CUST1758,Ishaan Joshi,T-Shirt,Fashion,North,Chandigarh,1,480.72,480.72,25,120.18,360.54,Net Banking,Cancelled,0
105937,2023-09-28,CUST3791,Sai Malhotra,T-Shirt,Fashion,North,Chandigarh,1,1555.5,1555.5,5,77.78,1477.72,Cash on Delivery,Cancelled,0
105938,2023-04-21,CUST3275,Aditya Agarwal,Mobile,Electronics,West,Ahmedabad,5,47022.03,235110.15,0,0.0,235110.15,Cash on Delivery,Shipped,0
105939,2024-08-28,CUST2604,Rahul Pillai,Backpack,Accessories,South,Kochi,4,1616.92,6467.68,0,0.0,6467.68,Net Banking,Returned,1
105940,2024-09-10,CUST3487,Neha Mehta,Shoes,Fashion,West,Pune,1,4394.51,4394.51,10,439.45,3955.06,Debit Card,Returned,1
105941,2023-07-19,CUST3796,Kavya Joshi,Watch,Fashion,North,Jaipur,5,15093.78,75468.9,15,11320.33,64148.57,Credit Card,Delivered,0
105942,2024-05-15,CUST3465,Vihaan Rao,Camera,Electronics,North,Delhi,4,44015.86,176063.44,10,17606.34,158457.1,Cash on Delivery,Returned,1
105943,2022-01-10,CUST1688,Suresh Pillai,Keyboard,Electronics,South,Hyderabad,2,2544.72,5089.44,0,0.0,5089.44,UPI,Shipped,0
105944,2023-12-05,CUST2170,Rohan Agarwal,Camera,Electronics,South,Bengaluru,3,20475.02,61425.06,0,0.0,61425.06,Debit Card,Delivered,0
105945,2022-12-16,CUST1250,Priya Joshi,Watch,Fashion,South,Hyderabad,5,15832.56,79162.8,15,11874.42,67288.38,UPI,Delivered,0
105946,2022-08-24,CUST1619,Rohan Patel,Backpack,Accessories,North,Jaipur,2,1873.66,3747.32,15,562.1,3185.22,Credit Card,Delivered,0
105947,2024-12-02,CUST4794,Aadhya Yadav,Shoes,Fashion,West,Mumbai,1,5350.29,5350.29,10,535.03,4815.26,Debit Card,Cancelled,0
105948,2024-10-25,CUST4005,Amit Gupta,Headphones,Electronics,East,Bhubaneswar,4,2012.65,8050.6,0,0.0,8050.6,Debit Card,Cancelled,0
105949,2022-10-21,CUST3197,Isha Singh,Camera,Electronics,East,Guwahati,1,41108.7,41108.7,0,0.0,41108.7,UPI,Shipped,0
105950,2024-08-28,CUST2143,Arjun Malhotra,Laptop,Electronics,North,Lucknow,3,67678.06,203034.18,25,50758.54,152275.64,Debit Card,Delivered,0
105951,2024-09-07,CUST4540,Arjun Kapoor,Laptop,Electronics,West,Ahmedabad,4,49640.07,198560.28,0,0.0,198560.28,UPI,Delivered,0
105952,2023-03-21,CUST1614,Sai Kumar,Keyboard,Electronics,East,Bhubaneswar,2,1444.23,2888.46,15,433.27,2455.19,Cash on Delivery,Cancelled,0
105953,2023-09-18,CUST3750,Amit Nair,Shoes,Fashion,South,Bengaluru,2,5881.94,11763.88,25,2940.97,8822.91,Credit Card,Returned,1
105954,2024-11-21,CUST3942,Sanjay Patel,Camera,Electronics,West,Pune,1,47509.76,47509.76,10,4750.98,42758.78,Cash on Delivery,Returned,1
105955,2022-12-16,CUST1927,Meera Rao,Watch,Fashion,East,Bhubaneswar,1,22860.19,22860.19,15,3429.03,19431.16,Credit Card,Shipped,0
105956,2023-03-28,CUST4147,Riya Desai,Mobile,Electronics,West,Surat,2,20126.57,40253.14,15,6037.97,34215.17,Debit Card,Shipped,0
105957,2024-06-25,CUST2506,Myra Bhat,Laptop,Electronics,East,Kolkata,4,104811.09,419244.36,15,62886.65,356357.71,Net Banking,Shipped,0
105958,2023-09-19,CUST4701,Arjun Yadav,Camera,Electronics,South,Hyderabad,2,45803.51,91607.02,10,9160.7,82446.32,Credit Card,Delivered,0
105959,2023-06-04,CUST1830,Anika Reddy,Shoes,Fashion,West,Surat,1,4048.06,4048.06,5,202.4,3845.66,Debit Card,Shipped,0
105960,2023-11-28,CUST4969,Aditya Iyer,Shoes,Fashion,East,Patna,5,3405.39,17026.95,15,2554.04,14472.91,Debit Card,Delivered,0
105961,2024-05-10,CUST4842,Ishaan Chopra,Watch,Fashion,North,Delhi,1,22823.34,22823.34,10,2282.33,20541.01,Debit Card,Shipped,0
105962,2024-09-07,CUST3548,Aditya Chopra,Mouse,Electronics,East,Guwahati,2,1074.39,2148.78,10,214.88,1933.9,Credit Card,Delivered,0
105963,2024-02-01,CUST1501,Ananya Sharma,Camera,Electronics,East,Bhubaneswar,5,46570.6,232853.0,5,11642.65,221210.35,Credit Card,Delivered,0
105964,2022-06-20,CUST2806,Aditya Iyer,Keyboard,Electronics,South,Hyderabad,1,3598.88,3598.88,15,539.83,3059.05,Debit Card,Returned,1
105965,2024-07-21,CUST1716,Krishna Bhat,Keyboard,Electronics,West,Pune,1,3147.41,3147.41,15,472.11,2675.3,Debit Card,Shipped,0
105966,2024-04-27,CUST1003,Kavya Iyer,Headphones,Electronics,East,Kolkata,5,3657.03,18285.15,10,1828.52,16456.63,Net Banking,Returned,1
105967,2024-11-09,CUST2281,Deepa Pillai,Shoes,Fashion,North,Chandigarh,4,3946.04,15784.16,10,1578.42,14205.74,Debit Card,Cancelled,0
105968,2022-06-15,CUST1527,Aditya Sharma,Mouse,Electronics,South,Bengaluru,3,1674.97,5024.91,15,753.74,4271.17,Net Banking,Cancelled,0
105969,2023-05-17,CUST2511,Arjun Pillai,Watch,Fashion,West,Ahmedabad,3,6140.65,18421.95,20,3684.39,14737.56,Credit Card,Shipped,0
105970,2022-09-15,CUST4456,Vivaan Patel,Keyboard,Electronics,North,Chandigarh,3,3892.62,11677.86,15,1751.68,9926.18,Debit Card,Cancelled,0
105971,2024-03-13,CUST1289,Suresh Yadav,Keyboard,Electronics,East,Kolkata,4,3847.56,15390.24,15,2308.54,13081.7,Debit Card,Shipped,0
105972,2024-02-29,CUST4786,Rohan Nair,Camera,Electronics,East,Guwahati,2,50361.62,100723.24,15,15108.49,85614.75,Cash on Delivery,Delivered,0
105973,2022-11-06,CUST1076,Kavya Malhotra,Mouse,Electronics,West,Pune,1,1213.78,1213.78,10,121.38,1092.4,Net Banking,Delivered,0
105974,2022-01-27,CUST3064,Priya Kapoor,Backpack,Accessories,South,Bengaluru,1,1207.15,1207.15,5,60.36,1146.79,UPI,Shipped,0
105975,2023-05-18,CUST4960,Vihaan Sharma,T-Shirt,Fashion,South,Chennai,5,467.26,2336.3,15,350.44,1985.86,Credit Card,Returned,1
105976,2023-07-12,CUST4593,Sai Kapoor,Mobile,Electronics,North,Lucknow,1,22039.31,22039.31,15,3305.9,18733.41,Credit Card,Cancelled,0
105977,2022-10-31,CUST3555,Pooja Bhat,Headphones,Electronics,North,Chandigarh,1,1039.45,1039.45,0,0.0,1039.45,Net Banking,Cancelled,0
105978,2024-01-12,CUST1023,Sanjay Gupta,Keyboard,Electronics,East,Bhubaneswar,1,3884.83,3884.83,20,776.97,3107.86,Cash on Delivery,Shipped,0
105979,2022-11-13,CUST3382,Neha Verma,Mouse,Electronics,West,Surat,4,965.46,3861.84,10,386.18,3475.66,Cash on Delivery,Delivered,0
105980,2022-03-09,CUST4911,Vivaan Yadav,Shoes,Fashion,East,Guwahati,4,3170.09,12680.36,20,2536.07,10144.29,Debit Card,Shipped,0
105981,2023-03-16,CUST4045,Isha Mehta,Laptop,Electronics,South,Bengaluru,3,107940.28,323820.84,20,64764.17,259056.67,Credit Card,Shipped,0
105982,2023-12-10,CUST4865,Aarav Desai,Keyboard,Electronics,North,Delhi,1,3951.97,3951.97,15,592.8,3359.17,Debit Card,Returned,1
105983,2023-07-14,CUST4350,Suresh Joshi,Mouse,Electronics,West,Pune,1,580.25,580.25,15,87.04,493.21,Credit Card,Shipped,0
105984,2023-03-15,CUST4270,Kavya Sharma,Laptop,Electronics,South,Bengaluru,2,113421.35,226842.7,15,34026.4,192816.3,Credit Card,Returned,1
105985,2022-03-05,CUST1819,Suresh Desai,Camera,Electronics,South,Kochi,3,33976.83,101930.49,15,15289.57,86640.92,UPI,Shipped,0
105986,2022-09-01,CUST1418,Myra Verma,Shoes,Fashion,North,Jaipur,2,3953.39,7906.78,10,790.68,7116.1,UPI,Shipped,0
105987,2022-12-21,CUST4818,Amit Reddy,Keyboard,Electronics,West,Mumbai,1,2775.95,2775.95,20,555.19,2220.76,Net Banking,Delivered,0
105988,2023-04-12,CUST4721,Priya Joshi,Keyboard,Electronics,East,Patna,2,1045.12,2090.24,5,104.51,1985.73,Debit Card,Returned,1
105989,2022-01-12,CUST4368,Diya Agarwal,Headphones,Electronics,North,Jaipur,1,1675.61,1675.61,15,251.34,1424.27,Debit Card,Shipped,0
105990,2022-11-06,CUST2990,Diya Gupta,Mouse,Electronics,West,Surat,2,327.64,655.28,15,98.29,556.99,Cash on Delivery,Returned,1
105991,2024-11-14,CUST4618,Suresh Malhotra,Laptop,Electronics,North,Lucknow,1,81023.03,81023.03,5,4051.15,76971.88,Net Banking,Returned,1
105992,2024-11-24,CUST4383,Aarav Kumar,Keyboard,Electronics,East,Kolkata,1,901.11,901.11,15,135.17,765.94,Credit Card,Delivered,0
105993,2024-05-18,CUST1469,Amit Rao,Mouse,Electronics,East,Guwahati,1,1530.63,1530.63,0,0.0,1530.63,Cash on Delivery,Delivered,0
105994,2024-05-21,CUST3308,Rohan Rao,Headphones,Electronics,South,Kochi,5,7891.92,39459.6,5,1972.98,37486.62,Net Banking,Delivered,0
105995,2022-11-24,CUST3860,Aadhya Pillai,Headphones,Electronics,West,Ahmedabad,3,7218.64,21655.92,25,5413.98,16241.94,Debit Card,Returned,1
105996,2024-08-16,CUST2206,Isha Iyer,Laptop,Electronics,South,Hyderabad,5,81306.01,406530.05,5,20326.5,386203.55,Credit Card,Cancelled,0
105997,2024-01-12,CUST4975,Suresh Singh,Laptop,Electronics,West,Pune,1,44272.28,44272.28,10,4427.23,39845.05,UPI,Delivered,0
105998,2024-05-09,CUST1931,Pooja Chopra,T-Shirt,Fashion,North,Chandigarh,1,732.75,732.75,20,146.55,586.2,Cash on Delivery,Cancelled,0
105999,2024-10-10,CUST3255,Myra Malhotra,Mobile,Electronics,North,Chandigarh,3,88423.47,265270.41,20,53054.08,212216.33,UPI,Shipped,0
106000,2022-04-10,CUST2899,Suresh Desai,Keyboard,Electronics,West,Mumbai,1,3487.33,3487.33,5,174.37,3312.96,Credit Card,Shipped,0
